season,round,race_name,race_date,circuit,country,driver_id,driver_number,driver_code,driver_first_name,driver_last_name,driver_nationality,constructor_id,constructor_name,constructor_nationality,grid,position,position_text,points,laps,status,fastest_lap_rank,fastest_lap,fastest_lap_time,average_speed
2015,1,Australian Grand Prix,2015-03-15,Albert Park Grand Prix Circuit,Australia,hamilton,44,HAM,Lewis,Hamilton,British,mercedes,Mercedes,German,1,1,1,25,58,Finished,1,50,1:30.945,209.915
2015,1,Australian Grand Prix,2015-03-15,Albert Park Grand Prix Circuit,Australia,rosberg,6,ROS,Nico,Rosberg,German,mercedes,Mercedes,German,2,2,2,18,58,Finished,2,47,1:31.092,209.577
2015,1,Australian Grand Prix,2015-03-15,Albert Park Grand Prix Circuit,Australia,vettel,5,VET,Sebastian,Vettel,German,ferrari,Ferrari,Italian,4,3,3,15,58,Finished,4,52,1:31.457,208.740
2015,1,Australian Grand Prix,2015-03-15,Albert Park Grand Prix Circuit,Australia,massa,19,MAS,Felipe,Massa,Brazilian,williams,Williams,British,3,4,4,12,58,Finished,6,50,1:31.719,208.144
2015,1,Australian Grand Prix,2015-03-15,Albert Park Grand Prix Circuit,Australia,nasr,12,NAS,Felipe,Nasr,Brazilian,sauber,Sauber,Swiss,10,5,5,10,58,Finished,9,46,1:32.612,206.137
2015,1,Australian Grand Prix,2015-03-15,Albert Park Grand Prix Circuit,Australia,ricciardo,3,RIC,Daniel,Ricciardo,Australian,red_bull,Red Bull,Austrian,6,6,6,8,57,+1 Lap,10,46,1:32.797,205.726
2015,1,Australian Grand Prix,2015-03-15,Albert Park Grand Prix Circuit,Australia,hulkenberg,27,HUL,Nico,Hülkenberg,German,force_india,Force India,Indian,13,7,7,6,57,+1 Lap,8,48,1:31.970,207.576
2015,1,Australian Grand Prix,2015-03-15,Albert Park Grand Prix Circuit,Australia,ericsson,9,ERI,Marcus,Ericsson,Swedish,sauber,Sauber,Swiss,15,8,8,4,57,+1 Lap,5,51,1:31.560,208.505
2015,1,Australian Grand Prix,2015-03-15,Albert Park Grand Prix Circuit,Australia,sainz,55,SAI,Carlos,Sainz,Spanish,toro_rosso,Toro Rosso,Italian,7,9,9,2,57,+1 Lap,11,49,1:32.872,205.560
2015,1,Australian Grand Prix,2015-03-15,Albert Park Grand Prix Circuit,Australia,perez,11,PER,Sergio,Pérez,Mexican,force_india,Force India,Indian,14,10,10,1,57,+1 Lap,7,46,1:31.959,207.601
2015,1,Australian Grand Prix,2015-03-15,Albert Park Grand Prix Circuit,Australia,button,22,BUT,Jenson,Button,British,mclaren,McLaren,British,16,11,11,0,56,+2 Laps,12,56,1:33.338,204.534
2015,1,Australian Grand Prix,2015-03-15,Albert Park Grand Prix Circuit,Australia,raikkonen,7,RAI,Kimi,Räikkönen,Finnish,ferrari,Ferrari,Italian,5,12,R,0,40,Wheel,3,36,1:31.426,208.811
2015,1,Australian Grand Prix,2015-03-15,Albert Park Grand Prix Circuit,Australia,max_verstappen,33,VER,Max,Verstappen,Dutch,toro_rosso,Toro Rosso,Italian,11,13,R,0,32,Engine,13,30,1:34.295,202.458
2015,1,Australian Grand Prix,2015-03-15,Albert Park Grand Prix Circuit,Australia,grosjean,8,GRO,Romain,Grosjean,French,lotus_f1,Lotus F1,British,8,14,R,0,0,Power loss,,,,
2015,1,Australian Grand Prix,2015-03-15,Albert Park Grand Prix Circuit,Australia,maldonado,13,MAL,Pastor,Maldonado,Venezuelan,lotus_f1,Lotus F1,British,9,15,R,0,0,Accident,,,,
2015,1,Australian Grand Prix,2015-03-15,Albert Park Grand Prix Circuit,Australia,kvyat,26,KVY,Daniil,Kvyat,Russian,red_bull,Red Bull,Austrian,12,16,W,0,0,Withdrew,,,,
2015,1,Australian Grand Prix,2015-03-15,Albert Park Grand Prix Circuit,Australia,kevin_magnussen,20,MAG,Kevin,Magnussen,Danish,mclaren,McLaren,British,17,17,W,0,0,Withdrew,,,,
2015,1,Australian Grand Prix,2015-03-15,Albert Park Grand Prix Circuit,Australia,bottas,77,BOT,Valtteri,Bottas,Finnish,williams,Williams,British,0,18,W,0,0,Withdrew,,,,
2015,2,Malaysian Grand Prix,2015-03-29,Sepang International Circuit,Malaysia,vettel,5,VET,Sebastian,Vettel,German,ferrari,Ferrari,Italian,2,1,1,25,56,Finished,3,46,1:43.648,193.501
2015,2,Malaysian Grand Prix,2015-03-29,Sepang International Circuit,Malaysia,hamilton,44,HAM,Lewis,Hamilton,British,mercedes,Mercedes,German,1,2,2,18,56,Finished,2,45,1:43.125,193.501
2015,2,Malaysian Grand Prix,2015-03-29,Sepang International Circuit,Malaysia,rosberg,6,ROS,Nico,Rosberg,German,mercedes,Mercedes,German,3,3,3,15,56,Finished,1,43,1:42.062,195.516
2015,2,Malaysian Grand Prix,2015-03-29,Sepang International Circuit,Malaysia,raikkonen,7,RAI,Kimi,Räikkönen,Finnish,ferrari,Ferrari,Italian,11,4,4,12,56,Finished,7,40,1:44.124,191.644
2015,2,Malaysian Grand Prix,2015-03-29,Sepang International Circuit,Malaysia,bottas,77,BOT,Valtteri,Bottas,Finnish,williams,Williams,British,8,5,5,10,56,Finished,6,42,1:44.088,191.710
2015,2,Malaysian Grand Prix,2015-03-29,Sepang International Circuit,Malaysia,massa,19,MAS,Felipe,Massa,Brazilian,williams,Williams,British,7,6,6,8,56,Finished,5,40,1:43.990,191.891
2015,2,Malaysian Grand Prix,2015-03-29,Sepang International Circuit,Malaysia,max_verstappen,33,VER,Max,Verstappen,Dutch,toro_rosso,Toro Rosso,Italian,6,7,7,6,56,Finished,9,42,1:44.579,190.810
2015,2,Malaysian Grand Prix,2015-03-29,Sepang International Circuit,Malaysia,sainz,55,SAI,Carlos,Sainz,Spanish,toro_rosso,Toro Rosso,Italian,15,8,8,4,55,+1 Lap,15,37,1:45.507,189.132
2015,2,Malaysian Grand Prix,2015-03-29,Sepang International Circuit,Malaysia,kvyat,26,KVY,Daniil,Kvyat,Russian,red_bull,Red Bull,Austrian,5,9,9,2,55,+1 Lap,8,41,1:44.514,190.929
2015,2,Malaysian Grand Prix,2015-03-29,Sepang International Circuit,Malaysia,ricciardo,3,RIC,Daniel,Ricciardo,Australian,red_bull,Red Bull,Austrian,4,10,10,1,55,+1 Lap,13,42,1:45.312,189.482
2015,2,Malaysian Grand Prix,2015-03-29,Sepang International Circuit,Malaysia,grosjean,8,GRO,Romain,Grosjean,French,lotus_f1,Lotus F1,British,10,11,11,0,55,+1 Lap,10,36,1:44.812,190.386
2015,2,Malaysian Grand Prix,2015-03-29,Sepang International Circuit,Malaysia,nasr,12,NAS,Felipe,Nasr,Brazilian,sauber,Sauber,Swiss,16,12,12,0,55,+1 Lap,4,45,1:43.902,192.054
2015,2,Malaysian Grand Prix,2015-03-29,Sepang International Circuit,Malaysia,perez,11,PER,Sergio,Pérez,Mexican,force_india,Force India,Indian,14,13,13,0,55,+1 Lap,14,37,1:45.345,189.423
2015,2,Malaysian Grand Prix,2015-03-29,Sepang International Circuit,Malaysia,hulkenberg,27,HUL,Nico,Hülkenberg,German,force_india,Force India,Indian,13,14,14,0,55,+1 Lap,11,46,1:44.822,190.368
2015,2,Malaysian Grand Prix,2015-03-29,Sepang International Circuit,Malaysia,merhi,98,MER,Roberto,Merhi,Spanish,manor,Manor Marussia,British,19,15,15,0,53,+3 Laps,19,44,1:49.040,183.004
2015,2,Malaysian Grand Prix,2015-03-29,Sepang International Circuit,Malaysia,maldonado,13,MAL,Pastor,Maldonado,Venezuelan,lotus_f1,Lotus F1,British,12,16,R,0,47,Retired,12,38,1:45.070,189.919
2015,2,Malaysian Grand Prix,2015-03-29,Sepang International Circuit,Malaysia,button,22,BUT,Jenson,Button,British,mclaren,McLaren,British,17,17,R,0,41,Turbo,16,38,1:46.056,188.153
2015,2,Malaysian Grand Prix,2015-03-29,Sepang International Circuit,Malaysia,alonso,14,ALO,Fernando,Alonso,Spanish,mclaren,McLaren,British,18,18,R,0,21,ERS,17,17,1:48.460,183.983
2015,2,Malaysian Grand Prix,2015-03-29,Sepang International Circuit,Malaysia,ericsson,9,ERI,Marcus,Ericsson,Swedish,sauber,Sauber,Swiss,9,19,R,0,3,Spun off,18,3,1:48.760,183.475
2015,2,Malaysian Grand Prix,2015-03-29,Sepang International Circuit,Malaysia,stevens,28,STE,Will,Stevens,British,manor,Manor Marussia,British,0,20,W,0,0,Fuel system,,,,
2015,3,Chinese Grand Prix,2015-04-12,Shanghai International Circuit,China,hamilton,44,HAM,Lewis,Hamilton,British,mercedes,Mercedes,German,1,1,1,25,56,Finished,1,31,1:42.208,191.996
2015,3,Chinese Grand Prix,2015-04-12,Shanghai International Circuit,China,rosberg,6,ROS,Nico,Rosberg,German,mercedes,Mercedes,German,2,2,2,18,56,Finished,2,39,1:42.565,191.328
2015,3,Chinese Grand Prix,2015-04-12,Shanghai International Circuit,China,vettel,5,VET,Sebastian,Vettel,German,ferrari,Ferrari,Italian,3,3,3,15,56,Finished,5,15,1:43.018,190.487
2015,3,Chinese Grand Prix,2015-04-12,Shanghai International Circuit,China,raikkonen,7,RAI,Kimi,Räikkönen,Finnish,ferrari,Ferrari,Italian,6,4,4,12,56,Finished,6,48,1:43.026,190.472
2015,3,Chinese Grand Prix,2015-04-12,Shanghai International Circuit,China,massa,19,MAS,Felipe,Massa,Brazilian,williams,Williams,British,4,5,5,10,56,Finished,4,37,1:42.734,191.013
2015,3,Chinese Grand Prix,2015-04-12,Shanghai International Circuit,China,bottas,77,BOT,Valtteri,Bottas,Finnish,williams,Williams,British,5,6,6,8,56,Finished,7,37,1:43.051,190.426
2015,3,Chinese Grand Prix,2015-04-12,Shanghai International Circuit,China,grosjean,8,GRO,Romain,Grosjean,French,lotus_f1,Lotus F1,British,8,7,7,6,56,Finished,8,34,1:43.134,190.272
2015,3,Chinese Grand Prix,2015-04-12,Shanghai International Circuit,China,nasr,12,NAS,Felipe,Nasr,Brazilian,sauber,Sauber,Swiss,9,8,8,4,56,Finished,12,46,1:43.692,189.248
2015,3,Chinese Grand Prix,2015-04-12,Shanghai International Circuit,China,ricciardo,3,RIC,Daniel,Ricciardo,Australian,red_bull,Red Bull,Austrian,7,9,9,2,56,Finished,9,46,1:43.245,190.068
2015,3,Chinese Grand Prix,2015-04-12,Shanghai International Circuit,China,ericsson,9,ERI,Marcus,Ericsson,Swedish,sauber,Sauber,Swiss,10,10,10,1,55,+1 Lap,15,32,1:44.204,188.319
2015,3,Chinese Grand Prix,2015-04-12,Shanghai International Circuit,China,perez,11,PER,Sergio,Pérez,Mexican,force_india,Force India,Indian,15,11,11,0,55,+1 Lap,10,44,1:43.512,189.578
2015,3,Chinese Grand Prix,2015-04-12,Shanghai International Circuit,China,alonso,14,ALO,Fernando,Alonso,Spanish,mclaren,McLaren,British,18,12,12,0,55,+1 Lap,13,40,1:43.728,189.183
2015,3,Chinese Grand Prix,2015-04-12,Shanghai International Circuit,China,sainz,55,SAI,Carlos,Sainz,Spanish,toro_rosso,Toro Rosso,Italian,14,13,13,0,55,+1 Lap,3,41,1:42.652,191.166
2015,3,Chinese Grand Prix,2015-04-12,Shanghai International Circuit,China,button,22,BUT,Jenson,Button,British,mclaren,McLaren,British,17,14,14,0,55,+1 Lap,16,21,1:44.991,186.907
2015,3,Chinese Grand Prix,2015-04-12,Shanghai International Circuit,China,stevens,28,STE,Will,Stevens,British,manor,Manor Marussia,British,19,15,15,0,54,+2 Laps,17,40,1:45.414,186.157
2015,3,Chinese Grand Prix,2015-04-12,Shanghai International Circuit,China,merhi,98,MER,Roberto,Merhi,Spanish,manor,Manor Marussia,British,20,16,16,0,54,+2 Laps,19,43,1:45.963,185.192
2015,3,Chinese Grand Prix,2015-04-12,Shanghai International Circuit,China,max_verstappen,33,VER,Max,Verstappen,Dutch,toro_rosso,Toro Rosso,Italian,13,17,17,0,52,Transmission,14,46,1:43.880,188.906
2015,3,Chinese Grand Prix,2015-04-12,Shanghai International Circuit,China,maldonado,13,MAL,Pastor,Maldonado,Venezuelan,lotus_f1,Lotus F1,British,11,18,R,0,49,Brakes,11,37,1:43.686,189.259
2015,3,Chinese Grand Prix,2015-04-12,Shanghai International Circuit,China,kvyat,26,KVY,Daniil,Kvyat,Russian,red_bull,Red Bull,Austrian,12,19,R,0,15,Power Unit,20,13,1:46.291,184.621
2015,3,Chinese Grand Prix,2015-04-12,Shanghai International Circuit,China,hulkenberg,27,HUL,Nico,Hülkenberg,German,force_india,Force India,Indian,16,20,R,0,9,Gearbox,18,6,1:45.844,185.401
2015,4,Bahrain Grand Prix,2015-04-19,Bahrain International Circuit,Bahrain,hamilton,44,HAM,Lewis,Hamilton,British,mercedes,Mercedes,German,1,1,1,25,57,Finished,5,38,1:37.857,199.098
2015,4,Bahrain Grand Prix,2015-04-19,Bahrain International Circuit,Bahrain,raikkonen,7,RAI,Kimi,Räikkönen,Finnish,ferrari,Ferrari,Italian,4,2,2,18,57,Finished,1,42,1:36.311,202.294
2015,4,Bahrain Grand Prix,2015-04-19,Bahrain International Circuit,Bahrain,rosberg,6,ROS,Nico,Rosberg,German,mercedes,Mercedes,German,3,3,3,15,57,Finished,3,36,1:37.326,200.184
2015,4,Bahrain Grand Prix,2015-04-19,Bahrain International Circuit,Bahrain,bottas,77,BOT,Valtteri,Bottas,Finnish,williams,Williams,British,5,4,4,12,57,Finished,6,16,1:38.095,198.615
2015,4,Bahrain Grand Prix,2015-04-19,Bahrain International Circuit,Bahrain,vettel,5,VET,Sebastian,Vettel,German,ferrari,Ferrari,Italian,2,5,5,10,57,Finished,2,38,1:36.624,201.639
2015,4,Bahrain Grand Prix,2015-04-19,Bahrain International Circuit,Bahrain,ricciardo,3,RIC,Daniel,Ricciardo,Australian,red_bull,Red Bull,Austrian,7,6,6,8,57,Finished,12,53,1:38.948,196.903
2015,4,Bahrain Grand Prix,2015-04-19,Bahrain International Circuit,Bahrain,grosjean,8,GRO,Romain,Grosjean,French,lotus_f1,Lotus F1,British,10,7,7,6,57,Finished,15,34,1:39.161,196.480
2015,4,Bahrain Grand Prix,2015-04-19,Bahrain International Circuit,Bahrain,perez,11,PER,Sergio,Pérez,Mexican,force_india,Force India,Indian,11,8,8,4,56,+1 Lap,8,39,1:38.338,198.124
2015,4,Bahrain Grand Prix,2015-04-19,Bahrain International Circuit,Bahrain,kvyat,26,KVY,Daniil,Kvyat,Russian,red_bull,Red Bull,Austrian,17,9,9,2,56,+1 Lap,11,36,1:38.725,197.348
2015,4,Bahrain Grand Prix,2015-04-19,Bahrain International Circuit,Bahrain,massa,19,MAS,Felipe,Massa,Brazilian,williams,Williams,British,6,10,10,1,56,+1 Lap,14,12,1:39.094,196.613
2015,4,Bahrain Grand Prix,2015-04-19,Bahrain International Circuit,Bahrain,alonso,14,ALO,Fernando,Alonso,Spanish,mclaren,McLaren,British,14,11,11,0,56,+1 Lap,13,38,1:38.992,196.815
2015,4,Bahrain Grand Prix,2015-04-19,Bahrain International Circuit,Bahrain,nasr,12,NAS,Felipe,Nasr,Brazilian,sauber,Sauber,Swiss,12,12,12,0,56,+1 Lap,7,43,1:38.216,198.370
2015,4,Bahrain Grand Prix,2015-04-19,Bahrain International Circuit,Bahrain,hulkenberg,27,HUL,Nico,Hülkenberg,German,force_india,Force India,Indian,8,13,13,0,56,+1 Lap,10,40,1:38.653,197.492
2015,4,Bahrain Grand Prix,2015-04-19,Bahrain International Circuit,Bahrain,ericsson,9,ERI,Marcus,Ericsson,Swedish,sauber,Sauber,Swiss,13,14,14,0,56,+1 Lap,9,27,1:38.422,197.955
2015,4,Bahrain Grand Prix,2015-04-19,Bahrain International Circuit,Bahrain,maldonado,13,MAL,Pastor,Maldonado,Venezuelan,lotus_f1,Lotus F1,British,16,15,15,0,56,+1 Lap,4,43,1:37.665,199.490
2015,4,Bahrain Grand Prix,2015-04-19,Bahrain International Circuit,Bahrain,stevens,28,STE,Will,Stevens,British,manor,Manor Marussia,British,18,16,16,0,55,+2 Laps,18,36,1:41.759,191.464
2015,4,Bahrain Grand Prix,2015-04-19,Bahrain International Circuit,Bahrain,merhi,98,MER,Roberto,Merhi,Spanish,manor,Manor Marussia,British,19,17,17,0,54,+3 Laps,19,36,1:42.033,190.949
2015,4,Bahrain Grand Prix,2015-04-19,Bahrain International Circuit,Bahrain,max_verstappen,33,VER,Max,Verstappen,Dutch,toro_rosso,Toro Rosso,Italian,15,18,R,0,34,Electrical,16,32,1:39.607,195.600
2015,4,Bahrain Grand Prix,2015-04-19,Bahrain International Circuit,Bahrain,sainz,55,SAI,Carlos,Sainz,Spanish,toro_rosso,Toro Rosso,Italian,9,19,R,0,29,Engine,17,13,1:40.651,193.571
2015,4,Bahrain Grand Prix,2015-04-19,Bahrain International Circuit,Bahrain,button,22,BUT,Jenson,Button,British,mclaren,McLaren,British,20,20,W,0,0,ERS,,,,
2015,5,Spanish Grand Prix,2015-05-10,Circuit de Barcelona-Catalunya,Spain,rosberg,6,ROS,Nico,Rosberg,German,mercedes,Mercedes,German,1,1,1,25,66,Finished,2,53,1:29.109,188.061
2015,5,Spanish Grand Prix,2015-05-10,Circuit de Barcelona-Catalunya,Spain,hamilton,44,HAM,Lewis,Hamilton,British,mercedes,Mercedes,German,2,2,2,18,66,Finished,1,54,1:28.270,189.849
2015,5,Spanish Grand Prix,2015-05-10,Circuit de Barcelona-Catalunya,Spain,vettel,5,VET,Sebastian,Vettel,German,ferrari,Ferrari,Italian,3,3,3,15,66,Finished,6,61,1:30.737,184.687
2015,5,Spanish Grand Prix,2015-05-10,Circuit de Barcelona-Catalunya,Spain,bottas,77,BOT,Valtteri,Bottas,Finnish,williams,Williams,British,4,4,4,12,66,Finished,5,44,1:30.711,184.740
2015,5,Spanish Grand Prix,2015-05-10,Circuit de Barcelona-Catalunya,Spain,raikkonen,7,RAI,Kimi,Räikkönen,Finnish,ferrari,Ferrari,Italian,7,5,5,10,66,Finished,3,47,1:29.931,186.342
2015,5,Spanish Grand Prix,2015-05-10,Circuit de Barcelona-Catalunya,Spain,massa,19,MAS,Felipe,Massa,Brazilian,williams,Williams,British,9,6,6,8,66,Finished,4,51,1:30.374,185.429
2015,5,Spanish Grand Prix,2015-05-10,Circuit de Barcelona-Catalunya,Spain,ricciardo,3,RIC,Daniel,Ricciardo,Australian,red_bull,Red Bull,Austrian,10,7,7,6,65,+1 Lap,8,56,1:31.124,183.903
2015,5,Spanish Grand Prix,2015-05-10,Circuit de Barcelona-Catalunya,Spain,grosjean,8,GRO,Romain,Grosjean,French,lotus_f1,Lotus F1,British,11,8,8,4,65,+1 Lap,15,46,1:31.945,182.261
2015,5,Spanish Grand Prix,2015-05-10,Circuit de Barcelona-Catalunya,Spain,sainz,55,SAI,Carlos,Sainz,Spanish,toro_rosso,Toro Rosso,Italian,5,9,9,2,65,+1 Lap,9,62,1:31.156,183.838
2015,5,Spanish Grand Prix,2015-05-10,Circuit de Barcelona-Catalunya,Spain,kvyat,26,KVY,Daniil,Kvyat,Russian,red_bull,Red Bull,Austrian,8,10,10,1,65,+1 Lap,11,40,1:31.887,182.376
2015,5,Spanish Grand Prix,2015-05-10,Circuit de Barcelona-Catalunya,Spain,max_verstappen,33,VER,Max,Verstappen,Dutch,toro_rosso,Toro Rosso,Italian,6,11,11,0,65,+1 Lap,12,46,1:31.896,182.358
2015,5,Spanish Grand Prix,2015-05-10,Circuit de Barcelona-Catalunya,Spain,nasr,12,NAS,Felipe,Nasr,Brazilian,sauber,Sauber,Swiss,15,12,12,0,65,+1 Lap,13,41,1:31.928,182.294
2015,5,Spanish Grand Prix,2015-05-10,Circuit de Barcelona-Catalunya,Spain,perez,11,PER,Sergio,Pérez,Mexican,force_india,Force India,Indian,18,13,13,0,65,+1 Lap,14,38,1:31.932,182.286
2015,5,Spanish Grand Prix,2015-05-10,Circuit de Barcelona-Catalunya,Spain,ericsson,9,ERI,Marcus,Ericsson,Swedish,sauber,Sauber,Swiss,16,14,14,0,65,+1 Lap,16,52,1:32.222,181.713
2015,5,Spanish Grand Prix,2015-05-10,Circuit de Barcelona-Catalunya,Spain,hulkenberg,27,HUL,Nico,Hülkenberg,German,force_india,Force India,Indian,17,15,15,0,65,+1 Lap,7,51,1:30.888,184.380
2015,5,Spanish Grand Prix,2015-05-10,Circuit de Barcelona-Catalunya,Spain,button,22,BUT,Jenson,Button,British,mclaren,McLaren,British,14,16,16,0,65,+1 Lap,10,46,1:31.162,183.826
2015,5,Spanish Grand Prix,2015-05-10,Circuit de Barcelona-Catalunya,Spain,stevens,28,STE,Will,Stevens,British,manor,Manor Marussia,British,19,17,17,0,63,+3 Laps,19,49,1:33.655,178.933
2015,5,Spanish Grand Prix,2015-05-10,Circuit de Barcelona-Catalunya,Spain,merhi,98,MER,Roberto,Merhi,Spanish,manor,Manor Marussia,British,20,18,18,0,62,+4 Laps,20,51,1:34.211,177.877
2015,5,Spanish Grand Prix,2015-05-10,Circuit de Barcelona-Catalunya,Spain,maldonado,13,MAL,Pastor,Maldonado,Venezuelan,lotus_f1,Lotus F1,British,12,19,R,0,45,Accident,17,17,1:32.912,180.364
2015,5,Spanish Grand Prix,2015-05-10,Circuit de Barcelona-Catalunya,Spain,alonso,14,ALO,Fernando,Alonso,Spanish,mclaren,McLaren,British,13,20,R,0,26,Brakes,18,23,1:33.387,179.446
2015,6,Monaco Grand Prix,2015-05-24,Circuit de Monaco,Monaco,rosberg,6,ROS,Nico,Rosberg,German,mercedes,Mercedes,German,2,1,1,25,78,Finished,2,76,1:18.599,152.841
2015,6,Monaco Grand Prix,2015-05-24,Circuit de Monaco,Monaco,vettel,5,VET,Sebastian,Vettel,German,ferrari,Ferrari,Italian,3,2,2,18,78,Finished,4,75,1:18.854,152.347
2015,6,Monaco Grand Prix,2015-05-24,Circuit de Monaco,Monaco,hamilton,44,HAM,Lewis,Hamilton,British,mercedes,Mercedes,German,1,3,3,15,78,Finished,3,42,1:18.676,152.692
2015,6,Monaco Grand Prix,2015-05-24,Circuit de Monaco,Monaco,kvyat,26,KVY,Daniil,Kvyat,Russian,red_bull,Red Bull,Austrian,5,4,4,12,78,Finished,7,75,1:19.130,151.815
2015,6,Monaco Grand Prix,2015-05-24,Circuit de Monaco,Monaco,ricciardo,3,RIC,Daniel,Ricciardo,Australian,red_bull,Red Bull,Austrian,4,5,5,10,78,Finished,1,74,1:18.063,153.891
2015,6,Monaco Grand Prix,2015-05-24,Circuit de Monaco,Monaco,raikkonen,7,RAI,Kimi,Räikkönen,Finnish,ferrari,Ferrari,Italian,6,6,6,8,78,Finished,10,74,1:19.651,150.822
2015,6,Monaco Grand Prix,2015-05-24,Circuit de Monaco,Monaco,perez,11,PER,Sergio,Pérez,Mexican,force_india,Force India,Indian,7,7,7,6,78,Finished,11,74,1:19.657,150.811
2015,6,Monaco Grand Prix,2015-05-24,Circuit de Monaco,Monaco,button,22,BUT,Jenson,Button,British,mclaren,McLaren,British,10,8,8,4,78,Finished,9,76,1:19.490,151.128
2015,6,Monaco Grand Prix,2015-05-24,Circuit de Monaco,Monaco,nasr,12,NAS,Felipe,Nasr,Brazilian,sauber,Sauber,Swiss,14,9,9,2,78,Finished,15,76,1:20.017,150.133
2015,6,Monaco Grand Prix,2015-05-24,Circuit de Monaco,Monaco,sainz,55,SAI,Carlos,Sainz,Spanish,toro_rosso,Toro Rosso,Italian,0,10,10,1,78,Finished,13,48,1:19.816,150.511
2015,6,Monaco Grand Prix,2015-05-24,Circuit de Monaco,Monaco,hulkenberg,27,HUL,Nico,Hülkenberg,German,force_india,Force India,Indian,11,11,11,0,78,Finished,14,46,1:19.921,150.313
2015,6,Monaco Grand Prix,2015-05-24,Circuit de Monaco,Monaco,grosjean,8,GRO,Romain,Grosjean,French,lotus_f1,Lotus F1,British,15,12,12,0,78,Finished,17,40,1:20.483,149.263
2015,6,Monaco Grand Prix,2015-05-24,Circuit de Monaco,Monaco,ericsson,9,ERI,Marcus,Ericsson,Swedish,sauber,Sauber,Swiss,17,13,13,0,78,Finished,8,75,1:19.285,151.519
2015,6,Monaco Grand Prix,2015-05-24,Circuit de Monaco,Monaco,bottas,77,BOT,Valtteri,Bottas,Finnish,williams,Williams,British,16,14,14,0,78,Finished,6,74,1:18.944,152.173
2015,6,Monaco Grand Prix,2015-05-24,Circuit de Monaco,Monaco,massa,19,MAS,Felipe,Massa,Brazilian,williams,Williams,British,12,15,15,0,77,+1 Lap,12,72,1:19.764,150.609
2015,6,Monaco Grand Prix,2015-05-24,Circuit de Monaco,Monaco,merhi,98,MER,Roberto,Merhi,Spanish,manor,Manor Marussia,British,19,16,16,0,76,+2 Laps,18,47,1:21.715,147.013
2015,6,Monaco Grand Prix,2015-05-24,Circuit de Monaco,Monaco,stevens,28,STE,Will,Stevens,British,manor,Manor Marussia,British,18,17,17,0,76,+2 Laps,20,58,1:22.693,145.274
2015,6,Monaco Grand Prix,2015-05-24,Circuit de Monaco,Monaco,max_verstappen,33,VER,Max,Verstappen,Dutch,toro_rosso,Toro Rosso,Italian,9,18,R,0,62,Accident,5,49,1:18.873,152.310
2015,6,Monaco Grand Prix,2015-05-24,Circuit de Monaco,Monaco,alonso,14,ALO,Fernando,Alonso,Spanish,mclaren,McLaren,British,13,19,R,0,41,Gearbox,16,36,1:20.459,149.308
2015,6,Monaco Grand Prix,2015-05-24,Circuit de Monaco,Monaco,maldonado,13,MAL,Pastor,Maldonado,Venezuelan,lotus_f1,Lotus F1,British,8,20,R,0,5,Brakes,19,3,1:22.271,146.019
2015,7,Canadian Grand Prix,2015-06-07,Circuit Gilles Villeneuve,Canada,hamilton,44,HAM,Lewis,Hamilton,British,mercedes,Mercedes,German,1,1,1,25,70,Finished,3,64,1:17.472,202.648
2015,7,Canadian Grand Prix,2015-06-07,Circuit Gilles Villeneuve,Canada,rosberg,6,ROS,Nico,Rosberg,German,mercedes,Mercedes,German,2,2,2,18,70,Finished,5,63,1:17.637,202.218
2015,7,Canadian Grand Prix,2015-06-07,Circuit Gilles Villeneuve,Canada,bottas,77,BOT,Valtteri,Bottas,Finnish,williams,Williams,British,4,3,3,15,70,Finished,6,67,1:17.922,201.478
2015,7,Canadian Grand Prix,2015-06-07,Circuit Gilles Villeneuve,Canada,raikkonen,7,RAI,Kimi,Räikkönen,Finnish,ferrari,Ferrari,Italian,3,4,4,12,70,Finished,1,42,1:16.987,203.925
2015,7,Canadian Grand Prix,2015-06-07,Circuit Gilles Villeneuve,Canada,vettel,5,VET,Sebastian,Vettel,German,ferrari,Ferrari,Italian,18,5,5,10,70,Finished,2,59,1:17.105,203.613
2015,7,Canadian Grand Prix,2015-06-07,Circuit Gilles Villeneuve,Canada,massa,19,MAS,Felipe,Massa,Brazilian,williams,Williams,British,15,6,6,8,70,Finished,4,64,1:17.553,202.437
2015,7,Canadian Grand Prix,2015-06-07,Circuit Gilles Villeneuve,Canada,maldonado,13,MAL,Pastor,Maldonado,Venezuelan,lotus_f1,Lotus F1,British,6,7,7,6,70,Finished,10,51,1:18.385,200.288
2015,7,Canadian Grand Prix,2015-06-07,Circuit Gilles Villeneuve,Canada,hulkenberg,27,HUL,Nico,Hülkenberg,German,force_india,Force India,Indian,7,8,8,4,69,+1 Lap,9,66,1:18.238,200.664
2015,7,Canadian Grand Prix,2015-06-07,Circuit Gilles Villeneuve,Canada,kvyat,26,KVY,Daniil,Kvyat,Russian,red_bull,Red Bull,Austrian,8,9,9,2,69,+1 Lap,8,69,1:18.048,201.153
2015,7,Canadian Grand Prix,2015-06-07,Circuit Gilles Villeneuve,Canada,grosjean,8,GRO,Romain,Grosjean,French,lotus_f1,Lotus F1,British,5,10,10,1,69,+1 Lap,7,51,1:17.969,201.356
2015,7,Canadian Grand Prix,2015-06-07,Circuit Gilles Villeneuve,Canada,perez,11,PER,Sergio,Pérez,Mexican,force_india,Force India,Indian,10,11,11,0,69,+1 Lap,14,49,1:18.889,199.008
2015,7,Canadian Grand Prix,2015-06-07,Circuit Gilles Villeneuve,Canada,sainz,55,SAI,Carlos,Sainz,Spanish,toro_rosso,Toro Rosso,Italian,11,12,12,0,69,+1 Lap,12,61,1:18.811,199.205
2015,7,Canadian Grand Prix,2015-06-07,Circuit Gilles Villeneuve,Canada,ricciardo,3,RIC,Daniel,Ricciardo,Australian,red_bull,Red Bull,Austrian,9,13,13,0,69,+1 Lap,16,67,1:19.060,198.578
2015,7,Canadian Grand Prix,2015-06-07,Circuit Gilles Villeneuve,Canada,ericsson,9,ERI,Marcus,Ericsson,Swedish,sauber,Sauber,Swiss,12,14,14,0,69,+1 Lap,15,58,1:18.890,199.006
2015,7,Canadian Grand Prix,2015-06-07,Circuit Gilles Villeneuve,Canada,max_verstappen,33,VER,Max,Verstappen,Dutch,toro_rosso,Toro Rosso,Italian,19,15,15,0,69,+1 Lap,11,50,1:18.616,199.699
2015,7,Canadian Grand Prix,2015-06-07,Circuit Gilles Villeneuve,Canada,nasr,12,NAS,Felipe,Nasr,Brazilian,sauber,Sauber,Swiss,14,16,16,0,68,+2 Laps,17,47,1:19.088,198.507
2015,7,Canadian Grand Prix,2015-06-07,Circuit Gilles Villeneuve,Canada,stevens,28,STE,Will,Stevens,British,manor,Manor Marussia,British,17,17,17,0,66,+4 Laps,19,38,1:20.707,194.525
2015,7,Canadian Grand Prix,2015-06-07,Circuit Gilles Villeneuve,Canada,merhi,98,MER,Roberto,Merhi,Spanish,manor,Manor Marussia,British,16,18,R,0,57,Retired,20,37,1:20.804,194.292
2015,7,Canadian Grand Prix,2015-06-07,Circuit Gilles Villeneuve,Canada,button,22,BUT,Jenson,Button,British,mclaren,McLaren,British,20,19,R,0,54,Retired,13,49,1:18.856,199.092
2015,7,Canadian Grand Prix,2015-06-07,Circuit Gilles Villeneuve,Canada,alonso,14,ALO,Fernando,Alonso,Spanish,mclaren,McLaren,British,13,20,R,0,44,Engine,18,41,1:19.580,197.280
2015,8,Austrian Grand Prix,2015-06-21,Red Bull Ring,Austria,rosberg,6,ROS,Nico,Rosberg,German,mercedes,Mercedes,German,2,1,1,25,71,Finished,1,35,1:11.235,218.622
2015,8,Austrian Grand Prix,2015-06-21,Red Bull Ring,Austria,hamilton,44,HAM,Lewis,Hamilton,British,mercedes,Mercedes,German,1,2,2,18,71,Finished,2,60,1:11.475,217.888
2015,8,Austrian Grand Prix,2015-06-21,Red Bull Ring,Austria,massa,19,MAS,Felipe,Massa,Brazilian,williams,Williams,British,4,3,3,15,71,Finished,4,58,1:11.613,217.468
2015,8,Austrian Grand Prix,2015-06-21,Red Bull Ring,Austria,vettel,5,VET,Sebastian,Vettel,German,ferrari,Ferrari,Italian,3,4,4,12,71,Finished,3,44,1:11.499,217.815
2015,8,Austrian Grand Prix,2015-06-21,Red Bull Ring,Austria,bottas,77,BOT,Valtteri,Bottas,Finnish,williams,Williams,British,6,5,5,10,71,Finished,7,52,1:12.248,215.557
2015,8,Austrian Grand Prix,2015-06-21,Red Bull Ring,Austria,hulkenberg,27,HUL,Nico,Hülkenberg,German,force_india,Force India,Indian,5,6,6,8,71,Finished,12,62,1:12.541,214.686
2015,8,Austrian Grand Prix,2015-06-21,Red Bull Ring,Austria,maldonado,13,MAL,Pastor,Maldonado,Venezuelan,lotus_f1,Lotus F1,British,10,7,7,6,70,+1 Lap,6,58,1:11.785,216.947
2015,8,Austrian Grand Prix,2015-06-21,Red Bull Ring,Austria,max_verstappen,33,VER,Max,Verstappen,Dutch,toro_rosso,Toro Rosso,Italian,7,8,8,4,70,+1 Lap,9,64,1:12.349,215.256
2015,8,Austrian Grand Prix,2015-06-21,Red Bull Ring,Austria,perez,11,PER,Sergio,Pérez,Mexican,force_india,Force India,Indian,13,9,9,2,70,+1 Lap,10,58,1:12.377,215.173
2015,8,Austrian Grand Prix,2015-06-21,Red Bull Ring,Austria,ricciardo,3,RIC,Daniel,Ricciardo,Australian,red_bull,Red Bull,Austrian,18,10,10,1,70,+1 Lap,5,69,1:11.689,217.238
2015,8,Austrian Grand Prix,2015-06-21,Red Bull Ring,Austria,nasr,12,NAS,Felipe,Nasr,Brazilian,sauber,Sauber,Swiss,8,11,11,0,70,+1 Lap,14,57,1:13.050,213.190
2015,8,Austrian Grand Prix,2015-06-21,Red Bull Ring,Austria,kvyat,26,KVY,Daniil,Kvyat,Russian,red_bull,Red Bull,Austrian,15,12,12,0,70,+1 Lap,8,54,1:12.316,215.354
2015,8,Austrian Grand Prix,2015-06-21,Red Bull Ring,Austria,ericsson,9,ERI,Marcus,Ericsson,Swedish,sauber,Sauber,Swiss,11,13,13,0,69,+2 Laps,11,56,1:12.516,214.760
2015,8,Austrian Grand Prix,2015-06-21,Red Bull Ring,Austria,merhi,98,MER,Roberto,Merhi,Spanish,manor,Manor Marussia,British,16,14,14,0,68,+3 Laps,16,58,1:14.939,207.817
2015,8,Austrian Grand Prix,2015-06-21,Red Bull Ring,Austria,grosjean,8,GRO,Romain,Grosjean,French,lotus_f1,Lotus F1,British,9,15,R,0,35,Gearbox,13,34,1:12.881,213.685
2015,8,Austrian Grand Prix,2015-06-21,Red Bull Ring,Austria,sainz,55,SAI,Carlos,Sainz,Spanish,toro_rosso,Toro Rosso,Italian,12,16,R,0,35,Power loss,15,28,1:13.234,212.655
2015,8,Austrian Grand Prix,2015-06-21,Red Bull Ring,Austria,button,22,BUT,Jenson,Button,British,mclaren,McLaren,British,20,17,R,0,8,Retired,17,5,1:52.208,138.792
2015,8,Austrian Grand Prix,2015-06-21,Red Bull Ring,Austria,stevens,28,STE,Will,Stevens,British,manor,Manor Marussia,British,17,18,R,0,1,Oil leak,,,,
2015,8,Austrian Grand Prix,2015-06-21,Red Bull Ring,Austria,raikkonen,7,RAI,Kimi,Räikkönen,Finnish,ferrari,Ferrari,Italian,14,19,R,0,0,Collision,,,,
2015,8,Austrian Grand Prix,2015-06-21,Red Bull Ring,Austria,alonso,14,ALO,Fernando,Alonso,Spanish,mclaren,McLaren,British,19,20,R,0,0,Collision,,,,
2015,9,British Grand Prix,2015-07-05,Silverstone Circuit,UK,hamilton,44,HAM,Lewis,Hamilton,British,mercedes,Mercedes,German,1,1,1,25,52,Finished,1,29,1:37.093,218.425
2015,9,British Grand Prix,2015-07-05,Silverstone Circuit,UK,rosberg,6,ROS,Nico,Rosberg,German,mercedes,Mercedes,German,2,2,2,18,52,Finished,2,24,1:37.403,217.730
2015,9,British Grand Prix,2015-07-05,Silverstone Circuit,UK,vettel,5,VET,Sebastian,Vettel,German,ferrari,Ferrari,Italian,6,3,3,15,52,Finished,6,31,1:37.707,217.053
2015,9,British Grand Prix,2015-07-05,Silverstone Circuit,UK,massa,19,MAS,Felipe,Massa,Brazilian,williams,Williams,British,3,4,4,12,52,Finished,3,26,1:37.466,217.589
2015,9,British Grand Prix,2015-07-05,Silverstone Circuit,UK,bottas,77,BOT,Valtteri,Bottas,Finnish,williams,Williams,British,4,5,5,10,52,Finished,5,32,1:37.513,217.484
2015,9,British Grand Prix,2015-07-05,Silverstone Circuit,UK,kvyat,26,KVY,Daniil,Kvyat,Russian,red_bull,Red Bull,Austrian,7,6,6,8,52,Finished,7,28,1:37.910,216.603
2015,9,British Grand Prix,2015-07-05,Silverstone Circuit,UK,hulkenberg,27,HUL,Nico,Hülkenberg,German,force_india,Force India,Indian,9,7,7,6,52,Finished,9,32,1:38.296,215.752
2015,9,British Grand Prix,2015-07-05,Silverstone Circuit,UK,raikkonen,7,RAI,Kimi,Räikkönen,Finnish,ferrari,Ferrari,Italian,5,8,8,4,51,+1 Lap,4,31,1:37.493,217.529
2015,9,British Grand Prix,2015-07-05,Silverstone Circuit,UK,perez,11,PER,Sergio,Pérez,Mexican,force_india,Force India,Indian,11,9,9,2,51,+1 Lap,10,25,1:38.466,215.379
2015,9,British Grand Prix,2015-07-05,Silverstone Circuit,UK,alonso,14,ALO,Fernando,Alonso,Spanish,mclaren,McLaren,British,17,10,10,1,51,+1 Lap,12,30,1:38.883,214.471
2015,9,British Grand Prix,2015-07-05,Silverstone Circuit,UK,ericsson,9,ERI,Marcus,Ericsson,Swedish,sauber,Sauber,Swiss,15,11,11,0,51,+1 Lap,8,31,1:38.131,216.115
2015,9,British Grand Prix,2015-07-05,Silverstone Circuit,UK,merhi,98,MER,Roberto,Merhi,Spanish,manor,Manor Marussia,British,20,12,12,0,49,+3 Laps,15,26,1:42.324,207.259
2015,9,British Grand Prix,2015-07-05,Silverstone Circuit,UK,stevens,28,STE,Will,Stevens,British,manor,Manor Marussia,British,19,13,13,0,49,+3 Laps,14,28,1:41.919,208.082
2015,9,British Grand Prix,2015-07-05,Silverstone Circuit,UK,sainz,55,SAI,Carlos,Sainz,Spanish,toro_rosso,Toro Rosso,Italian,8,14,R,0,31,Electrical,11,26,1:38.697,214.875
2015,9,British Grand Prix,2015-07-05,Silverstone Circuit,UK,ricciardo,3,RIC,Daniel,Ricciardo,Australian,red_bull,Red Bull,Austrian,10,15,R,0,21,Electrical,13,14,1:39.940,212.203
2015,9,British Grand Prix,2015-07-05,Silverstone Circuit,UK,max_verstappen,33,VER,Max,Verstappen,Dutch,toro_rosso,Toro Rosso,Italian,13,16,R,0,3,Spun off,16,3,2:20.776,150.647
2015,9,British Grand Prix,2015-07-05,Silverstone Circuit,UK,grosjean,8,GRO,Romain,Grosjean,French,lotus_f1,Lotus F1,British,12,17,R,0,0,Collision,,,,
2015,9,British Grand Prix,2015-07-05,Silverstone Circuit,UK,maldonado,13,MAL,Pastor,Maldonado,Venezuelan,lotus_f1,Lotus F1,British,14,18,R,0,0,Collision,,,,
2015,9,British Grand Prix,2015-07-05,Silverstone Circuit,UK,button,22,BUT,Jenson,Button,British,mclaren,McLaren,British,18,19,R,0,0,Collision,,,,
2015,9,British Grand Prix,2015-07-05,Silverstone Circuit,UK,nasr,12,NAS,Felipe,Nasr,Brazilian,sauber,Sauber,Swiss,16,20,W,0,0,Gearbox,,,,
2015,10,Hungarian Grand Prix,2015-07-26,Hungaroring,Hungary,vettel,5,VET,Sebastian,Vettel,German,ferrari,Ferrari,Italian,3,1,1,25,69,Finished,5,63,1:26.772,181.759
2015,10,Hungarian Grand Prix,2015-07-26,Hungaroring,Hungary,kvyat,26,KVY,Daniil,Kvyat,Russian,red_bull,Red Bull,Austrian,7,2,2,18,69,Finished,4,57,1:26.519,182.290
2015,10,Hungarian Grand Prix,2015-07-26,Hungaroring,Hungary,ricciardo,3,RIC,Daniel,Ricciardo,Australian,red_bull,Red Bull,Austrian,4,3,3,15,69,Finished,1,68,1:24.821,185.939
2015,10,Hungarian Grand Prix,2015-07-26,Hungaroring,Hungary,max_verstappen,33,VER,Max,Verstappen,Dutch,toro_rosso,Toro Rosso,Italian,9,4,4,12,69,Finished,11,62,1:27.650,179.938
2015,10,Hungarian Grand Prix,2015-07-26,Hungaroring,Hungary,alonso,14,ALO,Fernando,Alonso,Spanish,mclaren,McLaren,British,15,5,5,10,69,Finished,10,67,1:27.311,180.637
2015,10,Hungarian Grand Prix,2015-07-26,Hungaroring,Hungary,hamilton,44,HAM,Lewis,Hamilton,British,mercedes,Mercedes,German,1,6,6,8,69,Finished,3,68,1:25.727,183.974
2015,10,Hungarian Grand Prix,2015-07-26,Hungaroring,Hungary,grosjean,8,GRO,Romain,Grosjean,French,lotus_f1,Lotus F1,British,10,7,7,6,69,Finished,14,60,1:28.080,179.059
2015,10,Hungarian Grand Prix,2015-07-26,Hungaroring,Hungary,rosberg,6,ROS,Nico,Rosberg,German,mercedes,Mercedes,German,2,8,8,4,69,Finished,2,68,1:25.149,185.223
2015,10,Hungarian Grand Prix,2015-07-26,Hungaroring,Hungary,button,22,BUT,Jenson,Button,British,mclaren,McLaren,British,16,9,9,2,69,Finished,17,65,1:28.535,178.139
2015,10,Hungarian Grand Prix,2015-07-26,Hungaroring,Hungary,ericsson,9,ERI,Marcus,Ericsson,Swedish,sauber,Sauber,Swiss,17,10,10,1,69,Finished,12,60,1:28.004,179.214
2015,10,Hungarian Grand Prix,2015-07-26,Hungaroring,Hungary,nasr,12,NAS,Felipe,Nasr,Brazilian,sauber,Sauber,Swiss,18,11,11,0,69,Finished,15,51,1:28.268,178.678
2015,10,Hungarian Grand Prix,2015-07-26,Hungaroring,Hungary,massa,19,MAS,Felipe,Massa,Brazilian,williams,Williams,British,8,12,12,0,69,Finished,6,59,1:26.864,181.566
2015,10,Hungarian Grand Prix,2015-07-26,Hungaroring,Hungary,bottas,77,BOT,Valtteri,Bottas,Finnish,williams,Williams,British,6,13,13,0,69,Finished,8,51,1:27.058,181.161
2015,10,Hungarian Grand Prix,2015-07-26,Hungaroring,Hungary,maldonado,13,MAL,Pastor,Maldonado,Venezuelan,lotus_f1,Lotus F1,British,14,14,14,0,69,Finished,9,62,1:27.130,181.012
2015,10,Hungarian Grand Prix,2015-07-26,Hungaroring,Hungary,merhi,98,MER,Roberto,Merhi,Spanish,manor,Manor Marussia,British,19,15,15,0,67,+2 Laps,20,59,1:29.868,175.497
2015,10,Hungarian Grand Prix,2015-07-26,Hungaroring,Hungary,stevens,28,STE,Will,Stevens,British,manor,Manor Marussia,British,20,16,16,0,65,+4 Laps,19,56,1:29.543,176.134
2015,10,Hungarian Grand Prix,2015-07-26,Hungaroring,Hungary,sainz,55,SAI,Carlos,Sainz,Spanish,toro_rosso,Toro Rosso,Italian,12,17,R,0,60,Electrical,18,38,1:28.611,177.986
2015,10,Hungarian Grand Prix,2015-07-26,Hungaroring,Hungary,raikkonen,7,RAI,Kimi,Räikkönen,Finnish,ferrari,Ferrari,Italian,5,18,R,0,55,Power Unit,7,24,1:26.954,181.378
2015,10,Hungarian Grand Prix,2015-07-26,Hungaroring,Hungary,perez,11,PER,Sergio,Pérez,Mexican,force_india,Force India,Indian,13,19,R,0,53,Suspension,16,51,1:28.499,178.212
2015,10,Hungarian Grand Prix,2015-07-26,Hungaroring,Hungary,hulkenberg,27,HUL,Nico,Hülkenberg,German,force_india,Force India,Indian,11,20,R,0,41,Front wing,13,38,1:28.074,179.072
2015,11,Belgian Grand Prix,2015-08-23,Circuit de Spa-Francorchamps,Belgium,hamilton,44,HAM,Lewis,Hamilton,British,mercedes,Mercedes,German,1,1,1,25,43,Finished,2,34,1:52.504,224.120
2015,11,Belgian Grand Prix,2015-08-23,Circuit de Spa-Francorchamps,Belgium,rosberg,6,ROS,Nico,Rosberg,German,mercedes,Mercedes,German,2,2,2,18,43,Finished,1,34,1:52.416,224.295
2015,11,Belgian Grand Prix,2015-08-23,Circuit de Spa-Francorchamps,Belgium,grosjean,8,GRO,Romain,Grosjean,French,lotus_f1,Lotus F1,British,9,3,3,15,43,Finished,12,37,1:54.779,219.677
2015,11,Belgian Grand Prix,2015-08-23,Circuit de Spa-Francorchamps,Belgium,kvyat,26,KVY,Daniil,Kvyat,Russian,red_bull,Red Bull,Austrian,12,4,4,12,43,Finished,3,29,1:53.032,223.073
2015,11,Belgian Grand Prix,2015-08-23,Circuit de Spa-Francorchamps,Belgium,perez,11,PER,Sergio,Pérez,Mexican,force_india,Force India,Indian,4,5,5,10,43,Finished,13,29,1:54.796,219.645
2015,11,Belgian Grand Prix,2015-08-23,Circuit de Spa-Francorchamps,Belgium,massa,19,MAS,Felipe,Massa,Brazilian,williams,Williams,British,6,6,6,8,43,Finished,8,23,1:54.093,220.998
2015,11,Belgian Grand Prix,2015-08-23,Circuit de Spa-Francorchamps,Belgium,raikkonen,7,RAI,Kimi,Räikkönen,Finnish,ferrari,Ferrari,Italian,16,7,7,6,43,Finished,9,30,1:54.517,220.180
2015,11,Belgian Grand Prix,2015-08-23,Circuit de Spa-Francorchamps,Belgium,max_verstappen,33,VER,Max,Verstappen,Dutch,toro_rosso,Toro Rosso,Italian,18,8,8,4,43,Finished,4,36,1:53.276,222.592
2015,11,Belgian Grand Prix,2015-08-23,Circuit de Spa-Francorchamps,Belgium,bottas,77,BOT,Valtteri,Bottas,Finnish,williams,Williams,British,3,9,9,2,43,Power Unit,10,23,1:54.646,219.932
2015,11,Belgian Grand Prix,2015-08-23,Circuit de Spa-Francorchamps,Belgium,ericsson,9,ERI,Marcus,Ericsson,Swedish,sauber,Sauber,Swiss,13,10,10,1,43,Finished,7,30,1:54.022,221.136
2015,11,Belgian Grand Prix,2015-08-23,Circuit de Spa-Francorchamps,Belgium,nasr,12,NAS,Felipe,Nasr,Brazilian,sauber,Sauber,Swiss,14,11,11,0,43,Finished,6,29,1:53.991,221.196
2015,11,Belgian Grand Prix,2015-08-23,Circuit de Spa-Francorchamps,Belgium,vettel,5,VET,Sebastian,Vettel,German,ferrari,Ferrari,Italian,8,12,12,0,42,Tyre,14,29,1:55.316,218.654
2015,11,Belgian Grand Prix,2015-08-23,Circuit de Spa-Francorchamps,Belgium,alonso,14,ALO,Fernando,Alonso,Spanish,mclaren,McLaren,British,20,13,13,0,42,+1 Lap,5,34,1:53.692,221.778
2015,11,Belgian Grand Prix,2015-08-23,Circuit de Spa-Francorchamps,Belgium,button,22,BUT,Jenson,Button,British,mclaren,McLaren,British,19,14,14,0,42,+1 Lap,15,38,1:55.533,218.244
2015,11,Belgian Grand Prix,2015-08-23,Circuit de Spa-Francorchamps,Belgium,merhi,98,MER,Roberto,Merhi,Spanish,manor,Manor Marussia,British,17,15,15,0,42,+1 Lap,18,32,1:58.174,213.366
2015,11,Belgian Grand Prix,2015-08-23,Circuit de Spa-Francorchamps,Belgium,stevens,28,STE,Will,Stevens,British,manor,Manor Marussia,British,15,16,16,0,42,+1 Lap,17,33,1:58.150,213.410
2015,11,Belgian Grand Prix,2015-08-23,Circuit de Spa-Francorchamps,Belgium,sainz,55,SAI,Carlos,Sainz,Spanish,toro_rosso,Toro Rosso,Italian,10,17,R,0,32,Power Unit,11,25,1:54.680,219.867
2015,11,Belgian Grand Prix,2015-08-23,Circuit de Spa-Francorchamps,Belgium,ricciardo,3,RIC,Daniel,Ricciardo,Australian,red_bull,Red Bull,Austrian,5,18,R,0,19,Power Unit,16,2,1:56.263,216.873
2015,11,Belgian Grand Prix,2015-08-23,Circuit de Spa-Francorchamps,Belgium,maldonado,13,MAL,Pastor,Maldonado,Venezuelan,lotus_f1,Lotus F1,British,7,19,R,0,2,Engine,,,,
2015,11,Belgian Grand Prix,2015-08-23,Circuit de Spa-Francorchamps,Belgium,hulkenberg,27,HUL,Nico,Hülkenberg,German,force_india,Force India,Indian,11,20,W,0,0,Power loss,,,,
2015,12,Italian Grand Prix,2015-09-06,Autodromo Nazionale di Monza,Italy,hamilton,44,HAM,Lewis,Hamilton,British,mercedes,Mercedes,German,1,1,1,25,53,Finished,1,48,1:26.672,240.617
2015,12,Italian Grand Prix,2015-09-06,Autodromo Nazionale di Monza,Italy,vettel,5,VET,Sebastian,Vettel,German,ferrari,Ferrari,Italian,3,2,2,18,53,Finished,3,52,1:27.376,238.678
2015,12,Italian Grand Prix,2015-09-06,Autodromo Nazionale di Monza,Italy,massa,19,MAS,Felipe,Massa,Brazilian,williams,Williams,British,5,3,3,15,53,Finished,8,31,1:27.874,237.326
2015,12,Italian Grand Prix,2015-09-06,Autodromo Nazionale di Monza,Italy,bottas,77,BOT,Valtteri,Bottas,Finnish,williams,Williams,British,6,4,4,12,53,Finished,6,49,1:27.525,238.272
2015,12,Italian Grand Prix,2015-09-06,Autodromo Nazionale di Monza,Italy,raikkonen,7,RAI,Kimi,Räikkönen,Finnish,ferrari,Ferrari,Italian,2,5,5,10,53,Finished,7,43,1:27.584,238.111
2015,12,Italian Grand Prix,2015-09-06,Autodromo Nazionale di Monza,Italy,perez,11,PER,Sergio,Pérez,Mexican,force_india,Force India,Indian,7,6,6,8,53,Finished,10,46,1:28.140,236.609
2015,12,Italian Grand Prix,2015-09-06,Autodromo Nazionale di Monza,Italy,hulkenberg,27,HUL,Nico,Hülkenberg,German,force_india,Force India,Indian,9,7,7,6,52,+1 Lap,14,36,1:28.913,234.552
2015,12,Italian Grand Prix,2015-09-06,Autodromo Nazionale di Monza,Italy,ricciardo,3,RIC,Daniel,Ricciardo,Australian,red_bull,Red Bull,Austrian,19,8,8,4,52,+1 Lap,9,50,1:28.065,236.811
2015,12,Italian Grand Prix,2015-09-06,Autodromo Nazionale di Monza,Italy,ericsson,9,ERI,Marcus,Ericsson,Swedish,sauber,Sauber,Swiss,12,9,9,2,52,+1 Lap,12,22,1:28.516,235.604
2015,12,Italian Grand Prix,2015-09-06,Autodromo Nazionale di Monza,Italy,kvyat,26,KVY,Daniil,Kvyat,Russian,red_bull,Red Bull,Austrian,18,10,10,1,52,+1 Lap,11,39,1:28.231,236.365
2015,12,Italian Grand Prix,2015-09-06,Autodromo Nazionale di Monza,Italy,sainz,55,SAI,Carlos,Sainz,Spanish,toro_rosso,Toro Rosso,Italian,17,11,11,0,52,+1 Lap,5,38,1:27.510,238.313
2015,12,Italian Grand Prix,2015-09-06,Autodromo Nazionale di Monza,Italy,max_verstappen,33,VER,Max,Verstappen,Dutch,toro_rosso,Toro Rosso,Italian,20,12,12,0,52,+1 Lap,4,35,1:27.390,238.640
2015,12,Italian Grand Prix,2015-09-06,Autodromo Nazionale di Monza,Italy,nasr,12,NAS,Felipe,Nasr,Brazilian,sauber,Sauber,Swiss,17,13,13,0,52,+1 Lap,13,51,1:28.653,235.240
2015,12,Italian Grand Prix,2015-09-06,Autodromo Nazionale di Monza,Italy,button,22,BUT,Jenson,Button,British,mclaren,McLaren,British,15,14,14,0,52,+1 Lap,16,33,1:29.766,232.324
2015,12,Italian Grand Prix,2015-09-06,Autodromo Nazionale di Monza,Italy,stevens,28,STE,Will,Stevens,British,manor,Manor Marussia,British,13,15,15,0,51,+2 Laps,17,51,1:31.098,228.927
2015,12,Italian Grand Prix,2015-09-06,Autodromo Nazionale di Monza,Italy,merhi,98,MER,Roberto,Merhi,Spanish,manor,Manor Marussia,British,14,16,16,0,51,+2 Laps,18,29,1:31.311,228.393
2015,12,Italian Grand Prix,2015-09-06,Autodromo Nazionale di Monza,Italy,rosberg,6,ROS,Nico,Rosberg,German,mercedes,Mercedes,German,4,17,17,0,50,+3 Laps,2,43,1:27.067,239.525
2015,12,Italian Grand Prix,2015-09-06,Autodromo Nazionale di Monza,Italy,alonso,14,ALO,Fernando,Alonso,Spanish,mclaren,McLaren,British,16,18,18,0,47,+6 Laps,15,42,1:29.285,233.575
2015,12,Italian Grand Prix,2015-09-06,Autodromo Nazionale di Monza,Italy,grosjean,8,GRO,Romain,Grosjean,French,lotus_f1,Lotus F1,British,8,19,R,0,1,Collision damage,,,,
2015,12,Italian Grand Prix,2015-09-06,Autodromo Nazionale di Monza,Italy,maldonado,13,MAL,Pastor,Maldonado,Venezuelan,lotus_f1,Lotus F1,British,10,20,R,0,1,Collision damage,,,,
2015,13,Singapore Grand Prix,2015-09-20,Marina Bay Street Circuit,Singapore,vettel,5,VET,Sebastian,Vettel,German,ferrari,Ferrari,Italian,1,1,1,25,61,Finished,2,53,1:50.069,165.659
2015,13,Singapore Grand Prix,2015-09-20,Marina Bay Street Circuit,Singapore,ricciardo,3,RIC,Daniel,Ricciardo,Australian,red_bull,Red Bull,Austrian,2,2,2,18,61,Finished,1,52,1:50.041,165.701
2015,13,Singapore Grand Prix,2015-09-20,Marina Bay Street Circuit,Singapore,raikkonen,7,RAI,Kimi,Räikkönen,Finnish,ferrari,Ferrari,Italian,3,3,3,15,61,Finished,5,48,1:50.341,165.251
2015,13,Singapore Grand Prix,2015-09-20,Marina Bay Street Circuit,Singapore,rosberg,6,ROS,Nico,Rosberg,German,mercedes,Mercedes,German,6,4,4,12,61,Finished,7,50,1:50.934,164.368
2015,13,Singapore Grand Prix,2015-09-20,Marina Bay Street Circuit,Singapore,bottas,77,BOT,Valtteri,Bottas,Finnish,williams,Williams,British,7,5,5,10,61,Finished,10,49,1:51.342,163.765
2015,13,Singapore Grand Prix,2015-09-20,Marina Bay Street Circuit,Singapore,kvyat,26,KVY,Daniil,Kvyat,Russian,red_bull,Red Bull,Austrian,4,6,6,8,61,Finished,8,36,1:51.109,164.109
2015,13,Singapore Grand Prix,2015-09-20,Marina Bay Street Circuit,Singapore,perez,11,PER,Sergio,Pérez,Mexican,force_india,Force India,Indian,13,7,7,6,61,Finished,12,44,1:51.970,162.847
2015,13,Singapore Grand Prix,2015-09-20,Marina Bay Street Circuit,Singapore,max_verstappen,33,VER,Max,Verstappen,Dutch,toro_rosso,Toro Rosso,Italian,8,8,8,4,61,Finished,4,43,1:50.298,165.315
2015,13,Singapore Grand Prix,2015-09-20,Marina Bay Street Circuit,Singapore,sainz,55,SAI,Carlos,Sainz,Spanish,toro_rosso,Toro Rosso,Italian,14,9,9,2,61,Finished,6,43,1:50.401,165.161
2015,13,Singapore Grand Prix,2015-09-20,Marina Bay Street Circuit,Singapore,nasr,12,NAS,Felipe,Nasr,Brazilian,sauber,Sauber,Swiss,16,10,10,1,61,Finished,15,36,1:52.566,161.984
2015,13,Singapore Grand Prix,2015-09-20,Marina Bay Street Circuit,Singapore,ericsson,9,ERI,Marcus,Ericsson,Swedish,sauber,Sauber,Swiss,17,11,11,0,61,Finished,11,30,1:51.594,163.395
2015,13,Singapore Grand Prix,2015-09-20,Marina Bay Street Circuit,Singapore,maldonado,13,MAL,Pastor,Maldonado,Venezuelan,lotus_f1,Lotus F1,British,18,12,12,0,61,Finished,3,57,1:50.175,165.500
2015,13,Singapore Grand Prix,2015-09-20,Marina Bay Street Circuit,Singapore,grosjean,8,GRO,Romain,Grosjean,French,lotus_f1,Lotus F1,British,10,13,13,0,59,Tyre,13,28,1:52.353,162.292
2015,13,Singapore Grand Prix,2015-09-20,Marina Bay Street Circuit,Singapore,rossi,53,RSS,Alexander,Rossi,American,manor,Manor Marussia,British,20,14,14,0,59,+2 Laps,19,43,1:55.312,158.127
2015,13,Singapore Grand Prix,2015-09-20,Marina Bay Street Circuit,Singapore,stevens,28,STE,Will,Stevens,British,manor,Manor Marussia,British,19,15,15,0,59,+2 Laps,20,45,1:55.890,157.338
2015,13,Singapore Grand Prix,2015-09-20,Marina Bay Street Circuit,Singapore,button,22,BUT,Jenson,Button,British,mclaren,McLaren,British,15,16,R,0,52,Gearbox,9,43,1:51.167,164.023
2015,13,Singapore Grand Prix,2015-09-20,Marina Bay Street Circuit,Singapore,alonso,14,ALO,Fernando,Alonso,Spanish,mclaren,McLaren,British,12,17,R,0,33,Gearbox,16,27,1:53.325,160.900
2015,13,Singapore Grand Prix,2015-09-20,Marina Bay Street Circuit,Singapore,hamilton,44,HAM,Lewis,Hamilton,British,mercedes,Mercedes,German,5,18,R,0,32,Throttle,14,24,1:52.505,162.072
2015,13,Singapore Grand Prix,2015-09-20,Marina Bay Street Circuit,Singapore,massa,19,MAS,Felipe,Massa,Brazilian,williams,Williams,British,9,19,R,0,30,Gearbox,17,19,1:53.666,160.417
2015,13,Singapore Grand Prix,2015-09-20,Marina Bay Street Circuit,Singapore,hulkenberg,27,HUL,Nico,Hülkenberg,German,force_india,Force India,Indian,11,20,R,0,12,Collision,18,6,1:53.868,160.132
2015,14,Japanese Grand Prix,2015-09-27,Suzuka Circuit,Japan,hamilton,44,HAM,Lewis,Hamilton,British,mercedes,Mercedes,German,2,1,1,25,53,Finished,1,33,1:36.145,217.434
2015,14,Japanese Grand Prix,2015-09-27,Suzuka Circuit,Japan,rosberg,6,ROS,Nico,Rosberg,German,mercedes,Mercedes,German,1,2,2,18,53,Finished,2,31,1:37.147,215.191
2015,14,Japanese Grand Prix,2015-09-27,Suzuka Circuit,Japan,vettel,5,VET,Sebastian,Vettel,German,ferrari,Ferrari,Italian,4,3,3,15,53,Finished,3,32,1:37.906,213.523
2015,14,Japanese Grand Prix,2015-09-27,Suzuka Circuit,Japan,raikkonen,7,RAI,Kimi,Räikkönen,Finnish,ferrari,Ferrari,Italian,6,4,4,12,53,Finished,4,32,1:38.035,213.242
2015,14,Japanese Grand Prix,2015-09-27,Suzuka Circuit,Japan,bottas,77,BOT,Valtteri,Bottas,Finnish,williams,Williams,British,3,5,5,10,53,Finished,8,41,1:38.241,212.795
2015,14,Japanese Grand Prix,2015-09-27,Suzuka Circuit,Japan,hulkenberg,27,HUL,Nico,Hülkenberg,German,force_india,Force India,Indian,13,6,6,8,53,Finished,9,43,1:38.331,212.600
2015,14,Japanese Grand Prix,2015-09-27,Suzuka Circuit,Japan,grosjean,8,GRO,Romain,Grosjean,French,lotus_f1,Lotus F1,British,8,7,7,6,53,Finished,6,35,1:38.167,212.955
2015,14,Japanese Grand Prix,2015-09-27,Suzuka Circuit,Japan,maldonado,13,MAL,Pastor,Maldonado,Venezuelan,lotus_f1,Lotus F1,British,11,8,8,4,53,Finished,5,39,1:38.136,213.022
2015,14,Japanese Grand Prix,2015-09-27,Suzuka Circuit,Japan,max_verstappen,33,VER,Max,Verstappen,Dutch,toro_rosso,Toro Rosso,Italian,17,9,9,2,53,Finished,7,32,1:38.237,212.803
2015,14,Japanese Grand Prix,2015-09-27,Suzuka Circuit,Japan,sainz,55,SAI,Carlos,Sainz,Spanish,toro_rosso,Toro Rosso,Italian,10,10,10,1,52,+1 Lap,13,16,1:38.686,211.835
2015,14,Japanese Grand Prix,2015-09-27,Suzuka Circuit,Japan,alonso,14,ALO,Fernando,Alonso,Spanish,mclaren,McLaren,British,12,11,11,0,52,+1 Lap,16,45,1:39.614,209.862
2015,14,Japanese Grand Prix,2015-09-27,Suzuka Circuit,Japan,perez,11,PER,Sergio,Pérez,Mexican,force_india,Force India,Indian,9,12,12,0,52,+1 Lap,11,50,1:38.591,212.039
2015,14,Japanese Grand Prix,2015-09-27,Suzuka Circuit,Japan,kvyat,26,KVY,Daniil,Kvyat,Russian,red_bull,Red Bull,Austrian,20,13,13,0,52,+1 Lap,10,36,1:38.366,212.524
2015,14,Japanese Grand Prix,2015-09-27,Suzuka Circuit,Japan,ericsson,9,ERI,Marcus,Ericsson,Swedish,sauber,Sauber,Swiss,15,14,14,0,52,+1 Lap,15,28,1:39.343,210.434
2015,14,Japanese Grand Prix,2015-09-27,Suzuka Circuit,Japan,ricciardo,3,RIC,Daniel,Ricciardo,Australian,red_bull,Red Bull,Austrian,7,15,15,0,52,+1 Lap,14,32,1:38.898,211.381
2015,14,Japanese Grand Prix,2015-09-27,Suzuka Circuit,Japan,button,22,BUT,Jenson,Button,British,mclaren,McLaren,British,14,16,16,0,52,+1 Lap,18,31,1:40.121,208.799
2015,14,Japanese Grand Prix,2015-09-27,Suzuka Circuit,Japan,massa,19,MAS,Felipe,Massa,Brazilian,williams,Williams,British,5,17,17,0,51,+2 Laps,12,51,1:38.595,212.031
2015,14,Japanese Grand Prix,2015-09-27,Suzuka Circuit,Japan,rossi,53,RSS,Alexander,Rossi,American,manor,Manor Marussia,British,19,18,18,0,51,+2 Laps,20,35,1:41.467,206.029
2015,14,Japanese Grand Prix,2015-09-27,Suzuka Circuit,Japan,stevens,28,STE,Will,Stevens,British,manor,Manor Marussia,British,18,19,19,0,50,+3 Laps,19,44,1:41.452,206.060
2015,14,Japanese Grand Prix,2015-09-27,Suzuka Circuit,Japan,nasr,12,NAS,Felipe,Nasr,Brazilian,sauber,Sauber,Swiss,16,20,R,0,49,Retired,17,39,1:40.088,208.868
2015,15,Russian Grand Prix,2015-10-11,Sochi Autodrom,Russia,hamilton,44,HAM,Lewis,Hamilton,British,mercedes,Mercedes,German,2,1,1,25,53,Finished,3,44,1:40.573,209.328
2015,15,Russian Grand Prix,2015-10-11,Sochi Autodrom,Russia,vettel,5,VET,Sebastian,Vettel,German,ferrari,Ferrari,Italian,4,2,2,18,53,Finished,1,51,1:40.071,210.378
2015,15,Russian Grand Prix,2015-10-11,Sochi Autodrom,Russia,perez,11,PER,Sergio,Pérez,Mexican,force_india,Force India,Indian,7,3,3,15,53,Finished,9,48,1:41.772,206.862
2015,15,Russian Grand Prix,2015-10-11,Sochi Autodrom,Russia,massa,19,MAS,Felipe,Massa,Brazilian,williams,Williams,British,15,4,4,12,53,Finished,4,48,1:40.881,208.689
2015,15,Russian Grand Prix,2015-10-11,Sochi Autodrom,Russia,kvyat,26,KVY,Daniil,Kvyat,Russian,red_bull,Red Bull,Austrian,11,5,5,10,53,Finished,,,,
2015,15,Russian Grand Prix,2015-10-11,Sochi Autodrom,Russia,nasr,12,NAS,Felipe,Nasr,Brazilian,sauber,Sauber,Swiss,12,6,6,8,53,Finished,6,52,1:41.372,207.678
2015,15,Russian Grand Prix,2015-10-11,Sochi Autodrom,Russia,maldonado,13,MAL,Pastor,Maldonado,Venezuelan,lotus_f1,Lotus F1,British,14,7,7,6,53,Finished,7,52,1:41.507,207.402
2015,15,Russian Grand Prix,2015-10-11,Sochi Autodrom,Russia,raikkonen,7,RAI,Kimi,Räikkönen,Finnish,ferrari,Ferrari,Italian,5,8,8,4,53,Finished,2,48,1:40.294,209.910
2015,15,Russian Grand Prix,2015-10-11,Sochi Autodrom,Russia,button,22,BUT,Jenson,Button,British,mclaren,McLaren,British,13,9,9,2,53,Finished,13,53,1:43.068,204.261
2015,15,Russian Grand Prix,2015-10-11,Sochi Autodrom,Russia,max_verstappen,33,VER,Max,Verstappen,Dutch,toro_rosso,Toro Rosso,Italian,9,10,10,1,53,Finished,15,45,1:43.265,203.871
2015,15,Russian Grand Prix,2015-10-11,Sochi Autodrom,Russia,alonso,14,ALO,Fernando,Alonso,Spanish,mclaren,McLaren,British,19,11,11,0,53,Finished,12,29,1:42.639,205.115
2015,15,Russian Grand Prix,2015-10-11,Sochi Autodrom,Russia,bottas,77,BOT,Valtteri,Bottas,Finnish,williams,Williams,British,3,12,12,0,52,Collision,5,45,1:41.134,208.167
2015,15,Russian Grand Prix,2015-10-11,Sochi Autodrom,Russia,merhi,98,MER,Roberto,Merhi,Spanish,manor,Manor Marussia,British,18,13,13,0,52,+1 Lap,17,50,1:45.049,200.409
2015,15,Russian Grand Prix,2015-10-11,Sochi Autodrom,Russia,stevens,28,STE,Will,Stevens,British,manor,Manor Marussia,British,17,14,14,0,51,+2 Laps,16,50,1:44.926,200.644
2015,15,Russian Grand Prix,2015-10-11,Sochi Autodrom,Russia,ricciardo,3,RIC,Daniel,Ricciardo,Australian,red_bull,Red Bull,Austrian,10,15,15,0,47,Suspension,10,43,1:41.888,206.626
2015,15,Russian Grand Prix,2015-10-11,Sochi Autodrom,Russia,sainz,55,SAI,Carlos,Sainz,Spanish,toro_rosso,Toro Rosso,Italian,20,16,R,0,45,Brakes,11,44,1:42.258,205.879
2015,15,Russian Grand Prix,2015-10-11,Sochi Autodrom,Russia,grosjean,8,GRO,Romain,Grosjean,French,lotus_f1,Lotus F1,British,8,17,R,0,11,Accident,18,7,1:45.266,199.996
2015,15,Russian Grand Prix,2015-10-11,Sochi Autodrom,Russia,rosberg,6,ROS,Nico,Rosberg,German,mercedes,Mercedes,German,1,18,R,0,7,Throttle,14,6,1:43.133,204.132
2015,15,Russian Grand Prix,2015-10-11,Sochi Autodrom,Russia,hulkenberg,27,HUL,Nico,Hülkenberg,German,force_india,Force India,Indian,6,19,R,0,0,Collision,,,,
2015,15,Russian Grand Prix,2015-10-11,Sochi Autodrom,Russia,ericsson,9,ERI,Marcus,Ericsson,Swedish,sauber,Sauber,Swiss,17,20,R,0,0,Collision,,,,
2015,16,United States Grand Prix,2015-10-25,Circuit of the Americas,USA,hamilton,44,HAM,Lewis,Hamilton,British,mercedes,Mercedes,German,2,1,1,25,56,Finished,2,48,1:40.738,197.014
2015,16,United States Grand Prix,2015-10-25,Circuit of the Americas,USA,rosberg,6,ROS,Nico,Rosberg,German,mercedes,Mercedes,German,1,2,2,18,56,Finished,1,49,1:40.666,197.154
2015,16,United States Grand Prix,2015-10-25,Circuit of the Americas,USA,vettel,5,VET,Sebastian,Vettel,German,ferrari,Ferrari,Italian,13,3,3,15,56,Finished,3,52,1:41.330,195.863
2015,16,United States Grand Prix,2015-10-25,Circuit of the Americas,USA,max_verstappen,33,VER,Max,Verstappen,Dutch,toro_rosso,Toro Rosso,Italian,8,4,4,12,56,Finished,9,51,1:43.172,192.366
2015,16,United States Grand Prix,2015-10-25,Circuit of the Americas,USA,perez,11,PER,Sergio,Pérez,Mexican,force_india,Force India,Indian,5,5,5,10,56,Finished,7,54,1:43.010,192.668
2015,16,United States Grand Prix,2015-10-25,Circuit of the Americas,USA,button,22,BUT,Jenson,Button,British,mclaren,McLaren,British,11,6,6,8,56,Finished,8,50,1:43.026,192.638
2015,16,United States Grand Prix,2015-10-25,Circuit of the Americas,USA,sainz,55,SAI,Carlos,Sainz,Spanish,toro_rosso,Toro Rosso,Italian,20,7,7,6,56,Finished,5,51,1:42.660,193.325
2015,16,United States Grand Prix,2015-10-25,Circuit of the Americas,USA,maldonado,13,MAL,Pastor,Maldonado,Venezuelan,lotus_f1,Lotus F1,British,12,8,8,4,56,Finished,6,51,1:42.849,192.970
2015,16,United States Grand Prix,2015-10-25,Circuit of the Americas,USA,nasr,12,NAS,Felipe,Nasr,Brazilian,sauber,Sauber,Swiss,15,9,9,2,56,Finished,12,54,1:44.407,190.090
2015,16,United States Grand Prix,2015-10-25,Circuit of the Americas,USA,ricciardo,3,RIC,Daniel,Ricciardo,Australian,red_bull,Red Bull,Austrian,3,10,10,1,56,Finished,4,53,1:41.980,194.614
2015,16,United States Grand Prix,2015-10-25,Circuit of the Americas,USA,alonso,14,ALO,Fernando,Alonso,Spanish,mclaren,McLaren,British,9,11,11,0,56,Finished,11,55,1:44.323,190.243
2015,16,United States Grand Prix,2015-10-25,Circuit of the Americas,USA,rossi,53,RSS,Alexander,Rossi,American,manor,Manor Marussia,British,17,12,12,0,56,Finished,16,50,1:48.173,183.472
2015,16,United States Grand Prix,2015-10-25,Circuit of the Americas,USA,kvyat,26,KVY,Daniil,Kvyat,Russian,red_bull,Red Bull,Austrian,4,13,R,0,41,Accident,10,41,1:43.728,191.335
2015,16,United States Grand Prix,2015-10-25,Circuit of the Americas,USA,hulkenberg,27,HUL,Nico,Hülkenberg,German,force_india,Force India,Indian,6,14,R,0,35,Accident,13,24,1:45.095,188.846
2015,16,United States Grand Prix,2015-10-25,Circuit of the Americas,USA,ericsson,9,ERI,Marcus,Ericsson,Swedish,sauber,Sauber,Swiss,14,15,R,0,25,Retired,15,24,1:47.381,184.825
2015,16,United States Grand Prix,2015-10-25,Circuit of the Americas,USA,raikkonen,7,RAI,Kimi,Räikkönen,Finnish,ferrari,Ferrari,Italian,18,16,R,0,25,Brake duct,14,24,1:46.186,186.905
2015,16,United States Grand Prix,2015-10-25,Circuit of the Americas,USA,massa,19,MAS,Felipe,Massa,Brazilian,williams,Williams,British,7,17,R,0,23,Retired,17,22,1:48.231,183.374
2015,16,United States Grand Prix,2015-10-25,Circuit of the Americas,USA,grosjean,8,GRO,Romain,Grosjean,French,lotus_f1,Lotus F1,British,10,18,R,0,10,Retired,18,8,1:59.612,165.926
2015,16,United States Grand Prix,2015-10-25,Circuit of the Americas,USA,bottas,77,BOT,Valtteri,Bottas,Finnish,williams,Williams,British,16,19,R,0,5,Retired,19,3,2:31.939,130.623
2015,16,United States Grand Prix,2015-10-25,Circuit of the Americas,USA,stevens,28,STE,Will,Stevens,British,manor,Manor Marussia,British,19,20,R,0,1,Retired,,,,
2015,17,Mexican Grand Prix,2015-11-01,Autódromo Hermanos Rodríguez,Mexico,rosberg,6,ROS,Nico,Rosberg,German,mercedes,Mercedes,German,1,1,1,25,71,Finished,1,67,1:20.521,192.426
2015,17,Mexican Grand Prix,2015-11-01,Autódromo Hermanos Rodríguez,Mexico,hamilton,44,HAM,Lewis,Hamilton,British,mercedes,Mercedes,German,2,2,2,18,71,Finished,2,67,1:20.723,191.945
2015,17,Mexican Grand Prix,2015-11-01,Autódromo Hermanos Rodríguez,Mexico,bottas,77,BOT,Valtteri,Bottas,Finnish,williams,Williams,British,6,3,3,15,71,Finished,4,68,1:21.585,189.917
2015,17,Mexican Grand Prix,2015-11-01,Autódromo Hermanos Rodríguez,Mexico,kvyat,26,KVY,Daniil,Kvyat,Russian,red_bull,Red Bull,Austrian,4,4,4,12,71,Finished,3,69,1:21.549,190.001
2015,17,Mexican Grand Prix,2015-11-01,Autódromo Hermanos Rodríguez,Mexico,ricciardo,3,RIC,Daniel,Ricciardo,Australian,red_bull,Red Bull,Austrian,5,5,5,10,71,Finished,5,70,1:21.625,189.824
2015,17,Mexican Grand Prix,2015-11-01,Autódromo Hermanos Rodríguez,Mexico,massa,19,MAS,Felipe,Massa,Brazilian,williams,Williams,British,7,6,6,8,71,Finished,7,71,1:22.009,188.935
2015,17,Mexican Grand Prix,2015-11-01,Autódromo Hermanos Rodríguez,Mexico,hulkenberg,27,HUL,Nico,Hülkenberg,German,force_india,Force India,Indian,10,7,7,6,71,Finished,9,69,1:22.391,188.059
2015,17,Mexican Grand Prix,2015-11-01,Autódromo Hermanos Rodríguez,Mexico,perez,11,PER,Sergio,Pérez,Mexican,force_india,Force India,Indian,9,8,8,4,71,Finished,12,51,1:22.757,187.227
2015,17,Mexican Grand Prix,2015-11-01,Autódromo Hermanos Rodríguez,Mexico,max_verstappen,33,VER,Max,Verstappen,Dutch,toro_rosso,Toro Rosso,Italian,8,9,9,2,71,Finished,10,70,1:22.603,187.576
2015,17,Mexican Grand Prix,2015-11-01,Autódromo Hermanos Rodríguez,Mexico,grosjean,8,GRO,Romain,Grosjean,French,lotus_f1,Lotus F1,British,12,10,10,1,71,Finished,13,69,1:22.893,186.920
2015,17,Mexican Grand Prix,2015-11-01,Autódromo Hermanos Rodríguez,Mexico,maldonado,13,MAL,Pastor,Maldonado,Venezuelan,lotus_f1,Lotus F1,British,13,11,11,0,71,Finished,14,70,1:22.963,186.762
2015,17,Mexican Grand Prix,2015-11-01,Autódromo Hermanos Rodríguez,Mexico,ericsson,9,ERI,Marcus,Ericsson,Swedish,sauber,Sauber,Swiss,14,12,12,0,71,Finished,11,62,1:22.716,187.320
2015,17,Mexican Grand Prix,2015-11-01,Autódromo Hermanos Rodríguez,Mexico,sainz,55,SAI,Carlos,Sainz,Spanish,toro_rosso,Toro Rosso,Italian,11,13,13,0,71,Finished,8,46,1:22.172,188.560
2015,17,Mexican Grand Prix,2015-11-01,Autódromo Hermanos Rodríguez,Mexico,button,22,BUT,Jenson,Button,British,mclaren,McLaren,British,20,14,14,0,71,Finished,15,49,1:23.006,186.666
2015,17,Mexican Grand Prix,2015-11-01,Autódromo Hermanos Rodríguez,Mexico,rossi,53,RSS,Alexander,Rossi,American,manor,Manor Marussia,British,16,15,15,0,69,+2 Laps,18,69,1:25.005,182.276
2015,17,Mexican Grand Prix,2015-11-01,Autódromo Hermanos Rodríguez,Mexico,stevens,28,STE,Will,Stevens,British,manor,Manor Marussia,British,17,16,16,0,69,+2 Laps,19,67,1:25.540,181.136
2015,17,Mexican Grand Prix,2015-11-01,Autódromo Hermanos Rodríguez,Mexico,nasr,12,NAS,Felipe,Nasr,Brazilian,sauber,Sauber,Swiss,15,17,R,0,57,Brakes,16,48,1:23.350,185.895
2015,17,Mexican Grand Prix,2015-11-01,Autódromo Hermanos Rodríguez,Mexico,vettel,5,VET,Sebastian,Vettel,German,ferrari,Ferrari,Italian,3,18,R,0,50,Accident,6,48,1:21.847,189.309
2015,17,Mexican Grand Prix,2015-11-01,Autódromo Hermanos Rodríguez,Mexico,raikkonen,7,RAI,Kimi,Räikkönen,Finnish,ferrari,Ferrari,Italian,19,19,R,0,21,Collision,17,20,1:24.054,184.338
2015,17,Mexican Grand Prix,2015-11-01,Autódromo Hermanos Rodríguez,Mexico,alonso,14,ALO,Fernando,Alonso,Spanish,mclaren,McLaren,British,18,20,R,0,1,Retired,,,,
2015,18,Brazilian Grand Prix,2015-11-15,Autódromo José Carlos Pace,Brazil,rosberg,6,ROS,Nico,Rosberg,German,mercedes,Mercedes,German,1,1,1,25,71,Finished,2,57,1:14.957,206.950
2015,18,Brazilian Grand Prix,2015-11-15,Autódromo José Carlos Pace,Brazil,hamilton,44,HAM,Lewis,Hamilton,British,mercedes,Mercedes,German,2,2,2,18,71,Finished,1,51,1:14.832,207.296
2015,18,Brazilian Grand Prix,2015-11-15,Autódromo José Carlos Pace,Brazil,vettel,5,VET,Sebastian,Vettel,German,ferrari,Ferrari,Italian,3,3,3,15,71,Finished,3,57,1:15.046,206.705
2015,18,Brazilian Grand Prix,2015-11-15,Autódromo José Carlos Pace,Brazil,raikkonen,7,RAI,Kimi,Räikkönen,Finnish,ferrari,Ferrari,Italian,4,4,4,12,71,Finished,4,48,1:15.416,205.691
2015,18,Brazilian Grand Prix,2015-11-15,Autódromo José Carlos Pace,Brazil,bottas,77,BOT,Valtteri,Bottas,Finnish,williams,Williams,British,7,5,5,10,70,+1 Lap,10,61,1:16.039,204.005
2015,18,Brazilian Grand Prix,2015-11-15,Autódromo José Carlos Pace,Brazil,hulkenberg,27,HUL,Nico,Hülkenberg,German,force_india,Force India,Indian,5,6,6,8,70,+1 Lap,16,66,1:16.774,202.052
2015,18,Brazilian Grand Prix,2015-11-15,Autódromo José Carlos Pace,Brazil,kvyat,26,KVY,Daniil,Kvyat,Russian,red_bull,Red Bull,Austrian,6,7,7,6,70,+1 Lap,14,41,1:16.500,202.776
2015,18,Brazilian Grand Prix,2015-11-15,Autódromo José Carlos Pace,Brazil,grosjean,8,GRO,Romain,Grosjean,French,lotus_f1,Lotus F1,British,14,8,8,4,70,+1 Lap,5,57,1:15.739,204.813
2015,18,Brazilian Grand Prix,2015-11-15,Autódromo José Carlos Pace,Brazil,max_verstappen,33,VER,Max,Verstappen,Dutch,toro_rosso,Toro Rosso,Italian,9,9,9,2,70,+1 Lap,9,56,1:15.972,204.185
2015,18,Brazilian Grand Prix,2015-11-15,Autódromo José Carlos Pace,Brazil,maldonado,13,MAL,Pastor,Maldonado,Venezuelan,lotus_f1,Lotus F1,British,15,10,10,1,70,+1 Lap,13,63,1:16.354,203.164
2015,18,Brazilian Grand Prix,2015-11-15,Autódromo José Carlos Pace,Brazil,ricciardo,3,RIC,Daniel,Ricciardo,Australian,red_bull,Red Bull,Austrian,19,11,11,0,70,+1 Lap,11,56,1:16.313,203.273
2015,18,Brazilian Grand Prix,2015-11-15,Autódromo José Carlos Pace,Brazil,perez,11,PER,Sergio,Pérez,Mexican,force_india,Force India,Indian,11,12,12,0,70,+1 Lap,8,53,1:15.970,204.191
2015,18,Brazilian Grand Prix,2015-11-15,Autódromo José Carlos Pace,Brazil,nasr,12,NAS,Felipe,Nasr,Brazilian,sauber,Sauber,Swiss,13,13,13,0,70,+1 Lap,17,41,1:16.794,202.000
2015,18,Brazilian Grand Prix,2015-11-15,Autódromo José Carlos Pace,Brazil,button,22,BUT,Jenson,Button,British,mclaren,McLaren,British,16,14,14,0,70,+1 Lap,12,53,1:16.321,203.252
2015,18,Brazilian Grand Prix,2015-11-15,Autódromo José Carlos Pace,Brazil,alonso,14,ALO,Fernando,Alonso,Spanish,mclaren,McLaren,British,20,15,15,0,70,+1 Lap,15,54,1:16.519,202.726
2015,18,Brazilian Grand Prix,2015-11-15,Autódromo José Carlos Pace,Brazil,ericsson,9,ERI,Marcus,Ericsson,Swedish,sauber,Sauber,Swiss,12,16,16,0,69,+2 Laps,7,57,1:15.789,204.678
2015,18,Brazilian Grand Prix,2015-11-15,Autódromo José Carlos Pace,Brazil,stevens,28,STE,Will,Stevens,British,manor,Manor Marussia,British,18,17,17,0,67,+4 Laps,19,42,1:19.098,196.116
2015,18,Brazilian Grand Prix,2015-11-15,Autódromo José Carlos Pace,Brazil,rossi,53,RSS,Alexander,Rossi,American,manor,Manor Marussia,British,17,18,18,0,67,+4 Laps,18,43,1:18.617,197.316
2015,18,Brazilian Grand Prix,2015-11-15,Autódromo José Carlos Pace,Brazil,sainz,55,SAI,Carlos,Sainz,Spanish,toro_rosso,Toro Rosso,Italian,10,19,R,0,0,Retired,,,,
2015,18,Brazilian Grand Prix,2015-11-15,Autódromo José Carlos Pace,Brazil,massa,19,MAS,Felipe,Massa,Brazilian,williams,Williams,British,8,20,D,0,70,Excluded,6,57,1:15.743,204.803
2015,19,Abu Dhabi Grand Prix,2015-11-29,Yas Marina Circuit,UAE,rosberg,6,ROS,Nico,Rosberg,German,mercedes,Mercedes,German,1,1,1,25,55,Finished,5,37,1:45.356,189.779
2015,19,Abu Dhabi Grand Prix,2015-11-29,Yas Marina Circuit,UAE,hamilton,44,HAM,Lewis,Hamilton,British,mercedes,Mercedes,German,2,2,2,18,55,Finished,1,44,1:44.517,191.302
2015,19,Abu Dhabi Grand Prix,2015-11-29,Yas Marina Circuit,UAE,raikkonen,7,RAI,Kimi,Räikkönen,Finnish,ferrari,Ferrari,Italian,3,3,3,15,55,Finished,4,47,1:44.942,190.528
2015,19,Abu Dhabi Grand Prix,2015-11-29,Yas Marina Circuit,UAE,vettel,5,VET,Sebastian,Vettel,German,ferrari,Ferrari,Italian,15,4,4,12,55,Finished,2,48,1:44.550,191.242
2015,19,Abu Dhabi Grand Prix,2015-11-29,Yas Marina Circuit,UAE,perez,11,PER,Sergio,Pérez,Mexican,force_india,Force India,Indian,4,5,5,10,55,Finished,8,30,1:45.892,188.818
2015,19,Abu Dhabi Grand Prix,2015-11-29,Yas Marina Circuit,UAE,ricciardo,3,RIC,Daniel,Ricciardo,Australian,red_bull,Red Bull,Austrian,5,6,6,8,55,Finished,9,46,1:46.305,188.085
2015,19,Abu Dhabi Grand Prix,2015-11-29,Yas Marina Circuit,UAE,hulkenberg,27,HUL,Nico,Hülkenberg,German,force_india,Force India,Indian,7,7,7,6,55,Finished,16,29,1:47.064,186.751
2015,19,Abu Dhabi Grand Prix,2015-11-29,Yas Marina Circuit,UAE,massa,19,MAS,Felipe,Massa,Brazilian,williams,Williams,British,8,8,8,4,55,Finished,14,33,1:46.984,186.891
2015,19,Abu Dhabi Grand Prix,2015-11-29,Yas Marina Circuit,UAE,grosjean,8,GRO,Romain,Grosjean,French,lotus_f1,Lotus F1,British,18,9,9,2,55,Finished,7,47,1:45.859,188.877
2015,19,Abu Dhabi Grand Prix,2015-11-29,Yas Marina Circuit,UAE,kvyat,26,KVY,Daniil,Kvyat,Russian,red_bull,Red Bull,Austrian,9,10,10,1,55,Finished,13,27,1:46.882,187.069
2015,19,Abu Dhabi Grand Prix,2015-11-29,Yas Marina Circuit,UAE,sainz,55,SAI,Carlos,Sainz,Spanish,toro_rosso,Toro Rosso,Italian,10,11,11,0,55,Finished,15,38,1:46.998,186.867
2015,19,Abu Dhabi Grand Prix,2015-11-29,Yas Marina Circuit,UAE,button,22,BUT,Jenson,Button,British,mclaren,McLaren,British,12,12,12,0,54,+1 Lap,17,29,1:47.509,185.978
2015,19,Abu Dhabi Grand Prix,2015-11-29,Yas Marina Circuit,UAE,bottas,77,BOT,Valtteri,Bottas,Finnish,williams,Williams,British,6,13,13,0,54,+1 Lap,11,45,1:46.464,187.804
2015,19,Abu Dhabi Grand Prix,2015-11-29,Yas Marina Circuit,UAE,ericsson,9,ERI,Marcus,Ericsson,Swedish,sauber,Sauber,Swiss,17,14,14,0,54,+1 Lap,12,48,1:46.517,187.710
2015,19,Abu Dhabi Grand Prix,2015-11-29,Yas Marina Circuit,UAE,nasr,12,NAS,Felipe,Nasr,Brazilian,sauber,Sauber,Swiss,14,15,15,0,54,+1 Lap,10,46,1:46.424,187.874
2015,19,Abu Dhabi Grand Prix,2015-11-29,Yas Marina Circuit,UAE,max_verstappen,33,VER,Max,Verstappen,Dutch,toro_rosso,Toro Rosso,Italian,11,16,16,0,54,+1 Lap,6,40,1:45.746,189.079
2015,19,Abu Dhabi Grand Prix,2015-11-29,Yas Marina Circuit,UAE,alonso,14,ALO,Fernando,Alonso,Spanish,mclaren,McLaren,British,16,17,17,0,53,+2 Laps,3,52,1:44.796,190.793
2015,19,Abu Dhabi Grand Prix,2015-11-29,Yas Marina Circuit,UAE,stevens,28,STE,Will,Stevens,British,manor,Manor Marussia,British,19,18,18,0,53,+2 Laps,18,53,1:49.610,182.414
2015,19,Abu Dhabi Grand Prix,2015-11-29,Yas Marina Circuit,UAE,merhi,98,MER,Roberto,Merhi,Spanish,manor,Manor Marussia,British,20,19,19,0,52,+3 Laps,19,26,1:51.213,179.784
2015,19,Abu Dhabi Grand Prix,2015-11-29,Yas Marina Circuit,UAE,maldonado,13,MAL,Pastor,Maldonado,Venezuelan,lotus_f1,Lotus F1,British,13,20,R,0,0,Collision,,,,
2016,1,Australian Grand Prix,2016-03-20,Albert Park Grand Prix Circuit,Australia,rosberg,6,ROS,Nico,Rosberg,German,mercedes,Mercedes,German,2,1,1,25,57,Finished,3,21,1:30.557,210.815
2016,1,Australian Grand Prix,2016-03-20,Albert Park Grand Prix Circuit,Australia,hamilton,44,HAM,Lewis,Hamilton,British,mercedes,Mercedes,German,1,2,2,18,57,Finished,4,48,1:30.646,210.608
2016,1,Australian Grand Prix,2016-03-20,Albert Park Grand Prix Circuit,Australia,vettel,5,VET,Sebastian,Vettel,German,ferrari,Ferrari,Italian,3,3,3,15,57,Finished,2,23,1:29.951,212.235
2016,1,Australian Grand Prix,2016-03-20,Albert Park Grand Prix Circuit,Australia,ricciardo,3,RIC,Daniel,Ricciardo,Australian,red_bull,Red Bull,Austrian,8,4,4,12,57,Finished,1,49,1:28.997,214.510
2016,1,Australian Grand Prix,2016-03-20,Albert Park Grand Prix Circuit,Australia,massa,19,MAS,Felipe,Massa,Brazilian,williams,Williams,British,6,5,5,10,57,Finished,9,39,1:32.288,206.861
2016,1,Australian Grand Prix,2016-03-20,Albert Park Grand Prix Circuit,Australia,grosjean,8,GRO,Romain,Grosjean,French,haas,Haas F1 Team,American,19,6,6,8,57,Finished,17,48,1:32.862,205.582
2016,1,Australian Grand Prix,2016-03-20,Albert Park Grand Prix Circuit,Australia,hulkenberg,27,HUL,Nico,Hülkenberg,German,force_india,Force India,Indian,10,7,7,6,57,Finished,16,49,1:32.833,205.646
2016,1,Australian Grand Prix,2016-03-20,Albert Park Grand Prix Circuit,Australia,bottas,77,BOT,Valtteri,Bottas,Finnish,williams,Williams,British,16,8,8,4,57,Finished,14,51,1:32.725,205.886
2016,1,Australian Grand Prix,2016-03-20,Albert Park Grand Prix Circuit,Australia,sainz,55,SAI,Carlos,Sainz,Spanish,toro_rosso,Toro Rosso,Italian,7,9,9,2,57,Finished,7,23,1:31.671,208.253
2016,1,Australian Grand Prix,2016-03-20,Albert Park Grand Prix Circuit,Australia,max_verstappen,33,VER,Max,Verstappen,Dutch,toro_rosso,Toro Rosso,Italian,5,10,10,1,57,Finished,6,44,1:31.516,208.606
2016,1,Australian Grand Prix,2016-03-20,Albert Park Grand Prix Circuit,Australia,jolyon_palmer,30,PAL,Jolyon,Palmer,British,renault,Renault,French,13,11,11,0,57,Finished,18,14,1:32.955,205.376
2016,1,Australian Grand Prix,2016-03-20,Albert Park Grand Prix Circuit,Australia,kevin_magnussen,20,MAG,Kevin,Magnussen,Danish,renault,Renault,French,14,12,12,0,57,Finished,10,45,1:32.452,206.494
2016,1,Australian Grand Prix,2016-03-20,Albert Park Grand Prix Circuit,Australia,perez,11,PER,Sergio,Pérez,Mexican,force_india,Force India,Indian,9,13,13,0,57,Finished,15,39,1:32.780,205.764
2016,1,Australian Grand Prix,2016-03-20,Albert Park Grand Prix Circuit,Australia,button,22,BUT,Jenson,Button,British,mclaren,McLaren,British,12,14,14,0,56,+1 Lap,8,33,1:31.684,208.223
2016,1,Australian Grand Prix,2016-03-20,Albert Park Grand Prix Circuit,Australia,nasr,12,NAS,Felipe,Nasr,Brazilian,sauber,Sauber,Swiss,17,15,15,0,56,+1 Lap,13,48,1:32.711,205.917
2016,1,Australian Grand Prix,2016-03-20,Albert Park Grand Prix Circuit,Australia,wehrlein,94,WEH,Pascal,Wehrlein,German,manor,Manor Marussia,British,21,16,16,0,56,+1 Lap,12,34,1:32.673,206.001
2016,1,Australian Grand Prix,2016-03-20,Albert Park Grand Prix Circuit,Australia,ericsson,9,ERI,Marcus,Ericsson,Swedish,sauber,Sauber,Swiss,15,17,R,0,38,Engine,21,15,1:33.892,203.327
2016,1,Australian Grand Prix,2016-03-20,Albert Park Grand Prix Circuit,Australia,raikkonen,7,RAI,Kimi,Räikkönen,Finnish,ferrari,Ferrari,Italian,4,18,R,0,21,Engine,5,21,1:30.701,210.480
2016,1,Australian Grand Prix,2016-03-20,Albert Park Grand Prix Circuit,Australia,haryanto,88,HAR,Rio,Haryanto,Indonesian,manor,Manor Marussia,British,22,19,R,0,17,Mechanical,20,15,1:33.847,203.424
2016,1,Australian Grand Prix,2016-03-20,Albert Park Grand Prix Circuit,Australia,gutierrez,21,GUT,Esteban,Gutiérrez,Mexican,haas,Haas F1 Team,American,20,20,R,0,16,Collision,19,4,1:32.998,205.281
2016,1,Australian Grand Prix,2016-03-20,Albert Park Grand Prix Circuit,Australia,alonso,14,ALO,Fernando,Alonso,Spanish,mclaren,McLaren,British,11,21,R,0,16,Collision,11,14,1:32.553,206.268
2016,1,Australian Grand Prix,2016-03-20,Albert Park Grand Prix Circuit,Australia,kvyat,26,KVY,Daniil,Kvyat,Russian,red_bull,Red Bull,Austrian,18,22,W,0,0,Retired,,,,
2016,2,Bahrain Grand Prix,2016-04-03,Bahrain International Circuit,Bahrain,rosberg,6,ROS,Nico,Rosberg,German,mercedes,Mercedes,German,2,1,1,25,57,Finished,1,41,1:34.482,206.210
2016,2,Bahrain Grand Prix,2016-04-03,Bahrain International Circuit,Bahrain,raikkonen,7,RAI,Kimi,Räikkönen,Finnish,ferrari,Ferrari,Italian,4,2,2,18,57,Finished,3,39,1:35.158,204.745
2016,2,Bahrain Grand Prix,2016-04-03,Bahrain International Circuit,Bahrain,hamilton,44,HAM,Lewis,Hamilton,British,mercedes,Mercedes,German,1,3,3,15,57,Finished,2,43,1:34.677,205.785
2016,2,Bahrain Grand Prix,2016-04-03,Bahrain International Circuit,Bahrain,ricciardo,3,RIC,Daniel,Ricciardo,Australian,red_bull,Red Bull,Austrian,5,4,4,12,57,Finished,9,44,1:36.064,202.814
2016,2,Bahrain Grand Prix,2016-04-03,Bahrain International Circuit,Bahrain,grosjean,8,GRO,Romain,Grosjean,French,haas,Haas F1 Team,American,9,5,5,10,57,Finished,11,42,1:36.095,202.749
2016,2,Bahrain Grand Prix,2016-04-03,Bahrain International Circuit,Bahrain,max_verstappen,33,VER,Max,Verstappen,Dutch,toro_rosso,Toro Rosso,Italian,10,6,6,8,57,Finished,7,49,1:35.504,204.004
2016,2,Bahrain Grand Prix,2016-04-03,Bahrain International Circuit,Bahrain,kvyat,26,KVY,Daniil,Kvyat,Russian,red_bull,Red Bull,Austrian,15,7,7,6,56,+1 Lap,8,36,1:35.678,203.633
2016,2,Bahrain Grand Prix,2016-04-03,Bahrain International Circuit,Bahrain,massa,19,MAS,Felipe,Massa,Brazilian,williams,Williams,British,7,8,8,4,56,+1 Lap,16,31,1:37.560,199.704
2016,2,Bahrain Grand Prix,2016-04-03,Bahrain International Circuit,Bahrain,bottas,77,BOT,Valtteri,Bottas,Finnish,williams,Williams,British,6,9,9,2,56,+1 Lap,15,37,1:37.077,200.698
2016,2,Bahrain Grand Prix,2016-04-03,Bahrain International Circuit,Bahrain,vandoorne,47,VAN,Stoffel,Vandoorne,Belgian,mclaren,McLaren,British,12,10,10,1,56,+1 Lap,12,44,1:36.121,202.694
2016,2,Bahrain Grand Prix,2016-04-03,Bahrain International Circuit,Bahrain,kevin_magnussen,20,MAG,Kevin,Magnussen,Danish,renault,Renault,French,22,11,11,0,56,+1 Lap,14,40,1:36.730,201.418
2016,2,Bahrain Grand Prix,2016-04-03,Bahrain International Circuit,Bahrain,ericsson,9,ERI,Marcus,Ericsson,Swedish,sauber,Sauber,Swiss,17,12,12,0,56,+1 Lap,17,32,1:38.003,198.802
2016,2,Bahrain Grand Prix,2016-04-03,Bahrain International Circuit,Bahrain,wehrlein,94,WEH,Pascal,Wehrlein,German,manor,Manor Marussia,British,16,13,13,0,56,+1 Lap,6,43,1:35.448,204.123
2016,2,Bahrain Grand Prix,2016-04-03,Bahrain International Circuit,Bahrain,nasr,12,NAS,Felipe,Nasr,Brazilian,sauber,Sauber,Swiss,21,14,14,0,56,+1 Lap,5,49,1:35.360,204.312
2016,2,Bahrain Grand Prix,2016-04-03,Bahrain International Circuit,Bahrain,hulkenberg,27,HUL,Nico,Hülkenberg,German,force_india,Force India,Indian,8,15,15,0,56,+1 Lap,4,53,1:35.188,204.681
2016,2,Bahrain Grand Prix,2016-04-03,Bahrain International Circuit,Bahrain,perez,11,PER,Sergio,Pérez,Mexican,force_india,Force India,Indian,18,16,16,0,56,+1 Lap,10,39,1:36.067,202.808
2016,2,Bahrain Grand Prix,2016-04-03,Bahrain International Circuit,Bahrain,haryanto,88,HAR,Rio,Haryanto,Indonesian,manor,Manor Marussia,British,20,17,17,0,56,+1 Lap,13,47,1:36.685,201.512
2016,2,Bahrain Grand Prix,2016-04-03,Bahrain International Circuit,Bahrain,sainz,55,SAI,Carlos,Sainz,Spanish,toro_rosso,Toro Rosso,Italian,11,18,R,0,29,Retired,18,22,1:38.408,197.983
2016,2,Bahrain Grand Prix,2016-04-03,Bahrain International Circuit,Bahrain,gutierrez,21,GUT,Esteban,Gutiérrez,Mexican,haas,Haas F1 Team,American,13,19,R,0,9,Retired,19,2,1:39.341,196.124
2016,2,Bahrain Grand Prix,2016-04-03,Bahrain International Circuit,Bahrain,button,22,BUT,Jenson,Button,British,mclaren,McLaren,British,14,20,R,0,6,Power Unit,20,3,1:39.427,195.954
2016,2,Bahrain Grand Prix,2016-04-03,Bahrain International Circuit,Bahrain,vettel,5,VET,Sebastian,Vettel,German,ferrari,Ferrari,Italian,3,21,W,0,0,Engine,,,,
2016,2,Bahrain Grand Prix,2016-04-03,Bahrain International Circuit,Bahrain,jolyon_palmer,30,PAL,Jolyon,Palmer,British,renault,Renault,French,19,22,W,0,0,Hydraulics,,,,
2016,3,Chinese Grand Prix,2016-04-17,Shanghai International Circuit,China,rosberg,6,ROS,Nico,Rosberg,German,mercedes,Mercedes,German,1,1,1,25,56,Finished,6,38,1:40.418,195.419
2016,3,Chinese Grand Prix,2016-04-17,Shanghai International Circuit,China,vettel,5,VET,Sebastian,Vettel,German,ferrari,Ferrari,Italian,4,2,2,18,56,Finished,9,37,1:40.610,195.046
2016,3,Chinese Grand Prix,2016-04-17,Shanghai International Circuit,China,kvyat,26,KVY,Daniil,Kvyat,Russian,red_bull,Red Bull,Austrian,6,3,3,15,56,Finished,14,38,1:41.546,193.248
2016,3,Chinese Grand Prix,2016-04-17,Shanghai International Circuit,China,ricciardo,3,RIC,Daniel,Ricciardo,Australian,red_bull,Red Bull,Austrian,2,4,4,12,56,Finished,11,55,1:41.015,194.264
2016,3,Chinese Grand Prix,2016-04-17,Shanghai International Circuit,China,raikkonen,7,RAI,Kimi,Räikkönen,Finnish,ferrari,Ferrari,Italian,3,5,5,10,56,Finished,8,40,1:40.593,195.079
2016,3,Chinese Grand Prix,2016-04-17,Shanghai International Circuit,China,massa,19,MAS,Felipe,Massa,Brazilian,williams,Williams,British,10,6,6,8,56,Finished,16,34,1:41.815,192.737
2016,3,Chinese Grand Prix,2016-04-17,Shanghai International Circuit,China,hamilton,44,HAM,Lewis,Hamilton,British,mercedes,Mercedes,German,22,7,7,6,56,Finished,10,32,1:40.662,194.945
2016,3,Chinese Grand Prix,2016-04-17,Shanghai International Circuit,China,max_verstappen,33,VER,Max,Verstappen,Dutch,toro_rosso,Toro Rosso,Italian,9,8,8,4,56,Finished,5,41,1:40.399,195.456
2016,3,Chinese Grand Prix,2016-04-17,Shanghai International Circuit,China,sainz,55,SAI,Carlos,Sainz,Spanish,toro_rosso,Toro Rosso,Italian,8,9,9,2,56,Finished,12,35,1:41.485,193.364
2016,3,Chinese Grand Prix,2016-04-17,Shanghai International Circuit,China,bottas,77,BOT,Valtteri,Bottas,Finnish,williams,Williams,British,5,10,10,1,56,Finished,15,23,1:41.558,193.225
2016,3,Chinese Grand Prix,2016-04-17,Shanghai International Circuit,China,perez,11,PER,Sergio,Pérez,Mexican,force_india,Force India,Indian,7,11,11,0,56,Finished,17,30,1:41.846,192.679
2016,3,Chinese Grand Prix,2016-04-17,Shanghai International Circuit,China,alonso,14,ALO,Fernando,Alonso,Spanish,mclaren,McLaren,British,11,12,12,0,56,Finished,19,36,1:42.226,191.962
2016,3,Chinese Grand Prix,2016-04-17,Shanghai International Circuit,China,button,22,BUT,Jenson,Button,British,mclaren,McLaren,British,12,13,13,0,56,Finished,3,46,1:40.298,195.652
2016,3,Chinese Grand Prix,2016-04-17,Shanghai International Circuit,China,gutierrez,21,GUT,Esteban,Gutiérrez,Mexican,haas,Haas F1 Team,American,18,14,14,0,55,+1 Lap,4,45,1:40.368,195.516
2016,3,Chinese Grand Prix,2016-04-17,Shanghai International Circuit,China,hulkenberg,27,HUL,Nico,Hülkenberg,German,force_india,Force India,Indian,13,15,15,0,55,+1 Lap,1,48,1:39.824,196.581
2016,3,Chinese Grand Prix,2016-04-17,Shanghai International Circuit,China,ericsson,9,ERI,Marcus,Ericsson,Swedish,sauber,Sauber,Swiss,15,16,16,0,55,+1 Lap,22,41,1:43.269,190.024
2016,3,Chinese Grand Prix,2016-04-17,Shanghai International Circuit,China,kevin_magnussen,20,MAG,Kevin,Magnussen,Danish,renault,Renault,French,17,17,17,0,55,+1 Lap,21,22,1:42.311,191.803
2016,3,Chinese Grand Prix,2016-04-17,Shanghai International Circuit,China,wehrlein,94,WEH,Pascal,Wehrlein,German,manor,Manor Marussia,British,21,18,18,0,55,+1 Lap,13,48,1:41.489,193.356
2016,3,Chinese Grand Prix,2016-04-17,Shanghai International Circuit,China,grosjean,8,GRO,Romain,Grosjean,French,haas,Haas F1 Team,American,14,19,19,0,55,+1 Lap,2,47,1:39.923,196.387
2016,3,Chinese Grand Prix,2016-04-17,Shanghai International Circuit,China,nasr,12,NAS,Felipe,Nasr,Brazilian,sauber,Sauber,Swiss,16,20,20,0,55,+1 Lap,7,42,1:40.582,195.100
2016,3,Chinese Grand Prix,2016-04-17,Shanghai International Circuit,China,haryanto,88,HAR,Rio,Haryanto,Indonesian,manor,Manor Marussia,British,20,21,21,0,55,+1 Lap,18,42,1:42.009,192.371
2016,3,Chinese Grand Prix,2016-04-17,Shanghai International Circuit,China,jolyon_palmer,30,PAL,Jolyon,Palmer,British,renault,Renault,French,19,22,22,0,55,+1 Lap,20,26,1:42.232,191.951
2016,4,Russian Grand Prix,2016-05-01,Sochi Autodrom,Russia,rosberg,6,ROS,Nico,Rosberg,German,mercedes,Mercedes,German,1,1,1,25,53,Finished,1,52,1:39.094,212.452
2016,4,Russian Grand Prix,2016-05-01,Sochi Autodrom,Russia,hamilton,44,HAM,Lewis,Hamilton,British,mercedes,Mercedes,German,10,2,2,18,53,Finished,4,36,1:40.266,209.969
2016,4,Russian Grand Prix,2016-05-01,Sochi Autodrom,Russia,raikkonen,7,RAI,Kimi,Räikkönen,Finnish,ferrari,Ferrari,Italian,3,3,3,15,53,Finished,3,47,1:40.101,210.315
2016,4,Russian Grand Prix,2016-05-01,Sochi Autodrom,Russia,bottas,77,BOT,Valtteri,Bottas,Finnish,williams,Williams,British,2,4,4,12,53,Finished,6,37,1:41.159,208.115
2016,4,Russian Grand Prix,2016-05-01,Sochi Autodrom,Russia,massa,19,MAS,Felipe,Massa,Brazilian,williams,Williams,British,4,5,5,10,53,Finished,2,52,1:39.743,211.070
2016,4,Russian Grand Prix,2016-05-01,Sochi Autodrom,Russia,alonso,14,ALO,Fernando,Alonso,Spanish,mclaren,McLaren,British,14,6,6,8,52,+1 Lap,5,52,1:40.347,209.799
2016,4,Russian Grand Prix,2016-05-01,Sochi Autodrom,Russia,kevin_magnussen,20,MAG,Kevin,Magnussen,Danish,renault,Renault,French,17,7,7,6,52,+1 Lap,9,50,1:41.832,206.740
2016,4,Russian Grand Prix,2016-05-01,Sochi Autodrom,Russia,grosjean,8,GRO,Romain,Grosjean,French,haas,Haas F1 Team,American,15,8,8,4,52,+1 Lap,12,51,1:42.026,206.347
2016,4,Russian Grand Prix,2016-05-01,Sochi Autodrom,Russia,perez,11,PER,Sergio,Pérez,Mexican,force_india,Force India,Indian,6,9,9,2,52,+1 Lap,10,47,1:41.897,206.608
2016,4,Russian Grand Prix,2016-05-01,Sochi Autodrom,Russia,button,22,BUT,Jenson,Button,British,mclaren,McLaren,British,12,10,10,1,52,+1 Lap,8,50,1:41.720,206.968
2016,4,Russian Grand Prix,2016-05-01,Sochi Autodrom,Russia,ricciardo,3,RIC,Daniel,Ricciardo,Australian,red_bull,Red Bull,Austrian,5,11,11,0,52,+1 Lap,7,46,1:41.179,208.074
2016,4,Russian Grand Prix,2016-05-01,Sochi Autodrom,Russia,sainz,55,SAI,Carlos,Sainz,Spanish,toro_rosso,Toro Rosso,Italian,11,12,12,0,52,+1 Lap,15,41,1:42.205,205.986
2016,4,Russian Grand Prix,2016-05-01,Sochi Autodrom,Russia,jolyon_palmer,30,PAL,Jolyon,Palmer,British,renault,Renault,French,18,13,13,0,52,+1 Lap,19,37,1:42.660,205.073
2016,4,Russian Grand Prix,2016-05-01,Sochi Autodrom,Russia,ericsson,9,ERI,Marcus,Ericsson,Swedish,sauber,Sauber,Swiss,22,14,14,0,52,+1 Lap,14,45,1:42.050,206.298
2016,4,Russian Grand Prix,2016-05-01,Sochi Autodrom,Russia,kvyat,26,KVY,Daniil,Kvyat,Russian,red_bull,Red Bull,Austrian,8,15,15,0,52,+1 Lap,17,44,1:42.344,205.706
2016,4,Russian Grand Prix,2016-05-01,Sochi Autodrom,Russia,nasr,12,NAS,Felipe,Nasr,Brazilian,sauber,Sauber,Swiss,19,16,16,0,52,+1 Lap,16,50,1:42.253,205.889
2016,4,Russian Grand Prix,2016-05-01,Sochi Autodrom,Russia,gutierrez,21,GUT,Esteban,Gutiérrez,Mexican,haas,Haas F1 Team,American,16,17,17,0,52,+1 Lap,18,52,1:42.378,205.637
2016,4,Russian Grand Prix,2016-05-01,Sochi Autodrom,Russia,wehrlein,94,WEH,Pascal,Wehrlein,German,manor,Manor Marussia,British,20,18,18,0,51,+2 Laps,11,43,1:41.907,206.588
2016,4,Russian Grand Prix,2016-05-01,Sochi Autodrom,Russia,max_verstappen,33,VER,Max,Verstappen,Dutch,toro_rosso,Toro Rosso,Italian,9,19,R,0,33,Power Unit,13,32,1:42.029,206.341
2016,4,Russian Grand Prix,2016-05-01,Sochi Autodrom,Russia,vettel,5,VET,Sebastian,Vettel,German,ferrari,Ferrari,Italian,7,20,R,0,0,Collision,,,,
2016,4,Russian Grand Prix,2016-05-01,Sochi Autodrom,Russia,hulkenberg,27,HUL,Nico,Hülkenberg,German,force_india,Force India,Indian,13,21,R,0,0,Collision,,,,
2016,4,Russian Grand Prix,2016-05-01,Sochi Autodrom,Russia,haryanto,88,HAR,Rio,Haryanto,Indonesian,manor,Manor Marussia,British,21,22,R,0,0,Collision,,,,
2016,5,Spanish Grand Prix,2016-05-15,Circuit de Barcelona-Catalunya,Spain,max_verstappen,33,VER,Max,Verstappen,Dutch,red_bull,Red Bull,Austrian,4,1,1,25,66,Finished,6,36,1:28.816,188.682
2016,5,Spanish Grand Prix,2016-05-15,Circuit de Barcelona-Catalunya,Spain,raikkonen,7,RAI,Kimi,Räikkönen,Finnish,ferrari,Ferrari,Italian,5,2,2,18,66,Finished,4,38,1:28.538,189.274
2016,5,Spanish Grand Prix,2016-05-15,Circuit de Barcelona-Catalunya,Spain,vettel,5,VET,Sebastian,Vettel,German,ferrari,Ferrari,Italian,6,3,3,15,66,Finished,2,39,1:27.974,190.488
2016,5,Spanish Grand Prix,2016-05-15,Circuit de Barcelona-Catalunya,Spain,ricciardo,3,RIC,Daniel,Ricciardo,Australian,red_bull,Red Bull,Austrian,3,4,4,12,66,Finished,3,46,1:28.209,189.980
2016,5,Spanish Grand Prix,2016-05-15,Circuit de Barcelona-Catalunya,Spain,bottas,77,BOT,Valtteri,Bottas,Finnish,williams,Williams,British,7,5,5,10,66,Finished,8,60,1:29.081,188.120
2016,5,Spanish Grand Prix,2016-05-15,Circuit de Barcelona-Catalunya,Spain,sainz,55,SAI,Carlos,Sainz,Spanish,toro_rosso,Toro Rosso,Italian,8,6,6,8,66,Finished,11,42,1:29.663,186.899
2016,5,Spanish Grand Prix,2016-05-15,Circuit de Barcelona-Catalunya,Spain,perez,11,PER,Sergio,Pérez,Mexican,force_india,Force India,Indian,9,7,7,6,66,Finished,15,37,1:29.801,186.612
2016,5,Spanish Grand Prix,2016-05-15,Circuit de Barcelona-Catalunya,Spain,massa,19,MAS,Felipe,Massa,Brazilian,williams,Williams,British,18,8,8,4,66,Finished,9,43,1:29.238,187.789
2016,5,Spanish Grand Prix,2016-05-15,Circuit de Barcelona-Catalunya,Spain,button,22,BUT,Jenson,Button,British,mclaren,McLaren,British,12,9,9,2,65,+1 Lap,18,39,1:30.260,185.663
2016,5,Spanish Grand Prix,2016-05-15,Circuit de Barcelona-Catalunya,Spain,kvyat,26,KVY,Daniil,Kvyat,Russian,toro_rosso,Toro Rosso,Italian,13,10,10,1,65,+1 Lap,1,53,1:26.948,192.735
2016,5,Spanish Grand Prix,2016-05-15,Circuit de Barcelona-Catalunya,Spain,gutierrez,21,GUT,Esteban,Gutiérrez,Mexican,haas,Haas F1 Team,American,16,11,11,0,65,+1 Lap,17,34,1:30.139,185.912
2016,5,Spanish Grand Prix,2016-05-15,Circuit de Barcelona-Catalunya,Spain,ericsson,9,ERI,Marcus,Ericsson,Swedish,sauber,Sauber,Swiss,19,12,12,0,65,+1 Lap,12,42,1:29.715,186.791
2016,5,Spanish Grand Prix,2016-05-15,Circuit de Barcelona-Catalunya,Spain,jolyon_palmer,30,PAL,Jolyon,Palmer,British,renault,Renault,French,17,13,13,0,65,+1 Lap,14,35,1:29.779,186.658
2016,5,Spanish Grand Prix,2016-05-15,Circuit de Barcelona-Catalunya,Spain,kevin_magnussen,20,MAG,Kevin,Magnussen,Danish,renault,Renault,French,15,14,14,0,65,+1 Lap,5,57,1:28.716,188.894
2016,5,Spanish Grand Prix,2016-05-15,Circuit de Barcelona-Catalunya,Spain,nasr,12,NAS,Felipe,Nasr,Brazilian,sauber,Sauber,Swiss,20,15,15,0,65,+1 Lap,16,38,1:29.905,186.396
2016,5,Spanish Grand Prix,2016-05-15,Circuit de Barcelona-Catalunya,Spain,wehrlein,94,WEH,Pascal,Wehrlein,German,manor,Manor Marussia,British,21,16,16,0,65,+1 Lap,19,37,1:31.182,183.786
2016,5,Spanish Grand Prix,2016-05-15,Circuit de Barcelona-Catalunya,Spain,haryanto,88,HAR,Rio,Haryanto,Indonesian,manor,Manor Marussia,British,22,17,17,0,65,+1 Lap,10,52,1:29.402,187.445
2016,5,Spanish Grand Prix,2016-05-15,Circuit de Barcelona-Catalunya,Spain,grosjean,8,GRO,Romain,Grosjean,French,haas,Haas F1 Team,American,14,18,R,0,56,Engine,7,41,1:28.974,188.347
2016,5,Spanish Grand Prix,2016-05-15,Circuit de Barcelona-Catalunya,Spain,alonso,14,ALO,Fernando,Alonso,Spanish,mclaren,McLaren,British,10,19,R,0,45,Engine,13,41,1:29.750,186.718
2016,5,Spanish Grand Prix,2016-05-15,Circuit de Barcelona-Catalunya,Spain,hulkenberg,27,HUL,Nico,Hülkenberg,German,force_india,Force India,Indian,11,20,R,0,20,Engine,20,8,1:31.810,182.529
2016,5,Spanish Grand Prix,2016-05-15,Circuit de Barcelona-Catalunya,Spain,hamilton,44,HAM,Lewis,Hamilton,British,mercedes,Mercedes,German,1,21,R,0,0,Collision,,,,
2016,5,Spanish Grand Prix,2016-05-15,Circuit de Barcelona-Catalunya,Spain,rosberg,6,ROS,Nico,Rosberg,German,mercedes,Mercedes,German,2,22,R,0,0,Collision,,,,
2016,6,Monaco Grand Prix,2016-05-29,Circuit de Monaco,Monaco,hamilton,44,HAM,Lewis,Hamilton,British,mercedes,Mercedes,German,3,1,1,25,78,Finished,1,71,1:17.939,154.135
2016,6,Monaco Grand Prix,2016-05-29,Circuit de Monaco,Monaco,ricciardo,3,RIC,Daniel,Ricciardo,Australian,red_bull,Red Bull,Austrian,1,2,2,18,78,Finished,3,67,1:18.294,153.437
2016,6,Monaco Grand Prix,2016-05-29,Circuit de Monaco,Monaco,perez,11,PER,Sergio,Pérez,Mexican,force_india,Force India,Indian,7,3,3,15,78,Finished,4,64,1:18.446,153.139
2016,6,Monaco Grand Prix,2016-05-29,Circuit de Monaco,Monaco,vettel,5,VET,Sebastian,Vettel,German,ferrari,Ferrari,Italian,4,4,4,12,78,Finished,2,62,1:18.005,154.005
2016,6,Monaco Grand Prix,2016-05-29,Circuit de Monaco,Monaco,alonso,14,ALO,Fernando,Alonso,Spanish,mclaren,McLaren,British,9,5,5,10,78,Finished,8,72,1:19.170,151.739
2016,6,Monaco Grand Prix,2016-05-29,Circuit de Monaco,Monaco,hulkenberg,27,HUL,Nico,Hülkenberg,German,force_india,Force India,Indian,5,6,6,8,78,Finished,11,74,1:19.232,151.620
2016,6,Monaco Grand Prix,2016-05-29,Circuit de Monaco,Monaco,rosberg,6,ROS,Nico,Rosberg,German,mercedes,Mercedes,German,2,7,7,6,78,Finished,6,74,1:18.763,152.523
2016,6,Monaco Grand Prix,2016-05-29,Circuit de Monaco,Monaco,sainz,55,SAI,Carlos,Sainz,Spanish,toro_rosso,Toro Rosso,Italian,6,8,8,4,77,+1 Lap,5,70,1:18.519,152.997
2016,6,Monaco Grand Prix,2016-05-29,Circuit de Monaco,Monaco,button,22,BUT,Jenson,Button,British,mclaren,McLaren,British,13,9,9,2,77,+1 Lap,12,66,1:19.670,150.786
2016,6,Monaco Grand Prix,2016-05-29,Circuit de Monaco,Monaco,massa,19,MAS,Felipe,Massa,Brazilian,williams,Williams,British,14,10,10,1,77,+1 Lap,9,69,1:19.213,151.656
2016,6,Monaco Grand Prix,2016-05-29,Circuit de Monaco,Monaco,gutierrez,21,GUT,Esteban,Gutiérrez,Mexican,haas,Haas F1 Team,American,12,11,11,0,77,+1 Lap,7,69,1:19.131,151.814
2016,6,Monaco Grand Prix,2016-05-29,Circuit de Monaco,Monaco,bottas,77,BOT,Valtteri,Bottas,Finnish,williams,Williams,British,10,12,12,0,77,+1 Lap,10,66,1:19.223,151.637
2016,6,Monaco Grand Prix,2016-05-29,Circuit de Monaco,Monaco,grosjean,8,GRO,Romain,Grosjean,French,haas,Haas F1 Team,American,15,13,13,0,76,+2 Laps,14,65,1:20.219,149.755
2016,6,Monaco Grand Prix,2016-05-29,Circuit de Monaco,Monaco,wehrlein,94,WEH,Pascal,Wehrlein,German,manor,Manor Marussia,British,20,14,14,0,76,+2 Laps,15,60,1:20.372,149.469
2016,6,Monaco Grand Prix,2016-05-29,Circuit de Monaco,Monaco,haryanto,88,HAR,Rio,Haryanto,Indonesian,manor,Manor Marussia,British,19,15,15,0,74,+4 Laps,13,70,1:19.868,150.413
2016,6,Monaco Grand Prix,2016-05-29,Circuit de Monaco,Monaco,ericsson,9,ERI,Marcus,Ericsson,Swedish,sauber,Sauber,Swiss,17,16,R,0,51,Collision,16,51,1:21.342,147.687
2016,6,Monaco Grand Prix,2016-05-29,Circuit de Monaco,Monaco,nasr,12,NAS,Felipe,Nasr,Brazilian,sauber,Sauber,Swiss,0,17,R,0,48,Retired,17,46,1:21.889,146.701
2016,6,Monaco Grand Prix,2016-05-29,Circuit de Monaco,Monaco,max_verstappen,33,VER,Max,Verstappen,Dutch,red_bull,Red Bull,Austrian,0,18,R,0,34,Accident,18,34,1:26.563,138.779
2016,6,Monaco Grand Prix,2016-05-29,Circuit de Monaco,Monaco,kevin_magnussen,20,MAG,Kevin,Magnussen,Danish,renault,Renault,French,16,19,R,0,32,Retired,19,27,1:29.802,133.774
2016,6,Monaco Grand Prix,2016-05-29,Circuit de Monaco,Monaco,kvyat,26,KVY,Daniil,Kvyat,Russian,toro_rosso,Toro Rosso,Italian,8,20,R,0,18,Accident,20,14,1:37.895,122.715
2016,6,Monaco Grand Prix,2016-05-29,Circuit de Monaco,Monaco,raikkonen,7,RAI,Kimi,Räikkönen,Finnish,ferrari,Ferrari,Italian,11,21,R,0,10,Accident,21,10,1:47.149,112.116
2016,6,Monaco Grand Prix,2016-05-29,Circuit de Monaco,Monaco,jolyon_palmer,30,PAL,Jolyon,Palmer,British,renault,Renault,French,18,22,R,0,7,Accident,22,2,1:58.474,101.399
2016,7,Canadian Grand Prix,2016-06-12,Circuit Gilles Villeneuve,Canada,hamilton,44,HAM,Lewis,Hamilton,British,mercedes,Mercedes,German,1,1,1,25,70,Finished,2,68,1:15.981,206.625
2016,7,Canadian Grand Prix,2016-06-12,Circuit Gilles Villeneuve,Canada,vettel,5,VET,Sebastian,Vettel,German,ferrari,Ferrari,Italian,3,2,2,18,70,Finished,3,70,1:16.297,205.769
2016,7,Canadian Grand Prix,2016-06-12,Circuit Gilles Villeneuve,Canada,bottas,77,BOT,Valtteri,Bottas,Finnish,williams,Williams,British,7,3,3,15,70,Finished,10,68,1:16.938,204.055
2016,7,Canadian Grand Prix,2016-06-12,Circuit Gilles Villeneuve,Canada,max_verstappen,33,VER,Max,Verstappen,Dutch,red_bull,Red Bull,Austrian,5,4,4,12,70,Finished,4,49,1:16.319,205.710
2016,7,Canadian Grand Prix,2016-06-12,Circuit Gilles Villeneuve,Canada,rosberg,6,ROS,Nico,Rosberg,German,mercedes,Mercedes,German,2,5,5,10,70,Finished,1,60,1:15.599,207.669
2016,7,Canadian Grand Prix,2016-06-12,Circuit Gilles Villeneuve,Canada,raikkonen,7,RAI,Kimi,Räikkönen,Finnish,ferrari,Ferrari,Italian,6,6,6,8,70,Finished,9,44,1:16.919,204.105
2016,7,Canadian Grand Prix,2016-06-12,Circuit Gilles Villeneuve,Canada,ricciardo,3,RIC,Daniel,Ricciardo,Australian,red_bull,Red Bull,Austrian,4,7,7,6,70,Finished,5,51,1:16.506,205.207
2016,7,Canadian Grand Prix,2016-06-12,Circuit Gilles Villeneuve,Canada,hulkenberg,27,HUL,Nico,Hülkenberg,German,force_india,Force India,Indian,9,8,8,4,69,+1 Lap,8,68,1:16.604,204.944
2016,7,Canadian Grand Prix,2016-06-12,Circuit Gilles Villeneuve,Canada,sainz,55,SAI,Carlos,Sainz,Spanish,toro_rosso,Toro Rosso,Italian,20,9,9,2,69,+1 Lap,7,54,1:16.578,205.014
2016,7,Canadian Grand Prix,2016-06-12,Circuit Gilles Villeneuve,Canada,perez,11,PER,Sergio,Pérez,Mexican,force_india,Force India,Indian,11,10,10,1,69,+1 Lap,6,54,1:16.559,205.065
2016,7,Canadian Grand Prix,2016-06-12,Circuit Gilles Villeneuve,Canada,alonso,14,ALO,Fernando,Alonso,Spanish,mclaren,McLaren,British,10,11,11,0,69,+1 Lap,13,67,1:17.307,203.081
2016,7,Canadian Grand Prix,2016-06-12,Circuit Gilles Villeneuve,Canada,kvyat,26,KVY,Daniil,Kvyat,Russian,toro_rosso,Toro Rosso,Italian,15,12,12,0,69,+1 Lap,11,50,1:16.942,204.044
2016,7,Canadian Grand Prix,2016-06-12,Circuit Gilles Villeneuve,Canada,gutierrez,21,GUT,Esteban,Gutiérrez,Mexican,haas,Haas F1 Team,American,13,13,13,0,68,+2 Laps,15,48,1:17.728,201.981
2016,7,Canadian Grand Prix,2016-06-12,Circuit Gilles Villeneuve,Canada,grosjean,8,GRO,Romain,Grosjean,French,haas,Haas F1 Team,American,14,14,14,0,68,+2 Laps,12,50,1:17.281,203.149
2016,7,Canadian Grand Prix,2016-06-12,Circuit Gilles Villeneuve,Canada,ericsson,9,ERI,Marcus,Ericsson,Swedish,sauber,Sauber,Swiss,21,15,15,0,68,+2 Laps,17,63,1:18.100,201.019
2016,7,Canadian Grand Prix,2016-06-12,Circuit Gilles Villeneuve,Canada,kevin_magnussen,20,MAG,Kevin,Magnussen,Danish,renault,Renault,French,22,16,16,0,68,+2 Laps,18,42,1:18.224,200.700
2016,7,Canadian Grand Prix,2016-06-12,Circuit Gilles Villeneuve,Canada,wehrlein,94,WEH,Pascal,Wehrlein,German,manor,Manor Marussia,British,17,17,17,0,68,+2 Laps,19,48,1:18.282,200.551
2016,7,Canadian Grand Prix,2016-06-12,Circuit Gilles Villeneuve,Canada,nasr,12,NAS,Felipe,Nasr,Brazilian,sauber,Sauber,Swiss,18,18,18,0,68,+2 Laps,16,66,1:17.883,201.579
2016,7,Canadian Grand Prix,2016-06-12,Circuit Gilles Villeneuve,Canada,haryanto,88,HAR,Rio,Haryanto,Indonesian,manor,Manor Marussia,British,19,19,19,0,68,+2 Laps,20,57,1:18.658,199.593
2016,7,Canadian Grand Prix,2016-06-12,Circuit Gilles Villeneuve,Canada,massa,19,MAS,Felipe,Massa,Brazilian,williams,Williams,British,8,20,R,0,35,Retired,14,32,1:17.424,202.774
2016,7,Canadian Grand Prix,2016-06-12,Circuit Gilles Villeneuve,Canada,jolyon_palmer,30,PAL,Jolyon,Palmer,British,renault,Renault,French,16,21,R,0,16,Retired,22,6,1:19.879,196.542
2016,7,Canadian Grand Prix,2016-06-12,Circuit Gilles Villeneuve,Canada,button,22,BUT,Jenson,Button,British,mclaren,McLaren,British,12,22,R,0,9,Power Unit,21,5,1:19.456,197.588
2016,8,European Grand Prix,2016-06-19,Baku City Circuit,Azerbaijan,rosberg,6,ROS,Nico,Rosberg,German,mercedes,Mercedes,German,1,1,1,25,51,Finished,1,48,1:46.485,202.946
2016,8,European Grand Prix,2016-06-19,Baku City Circuit,Azerbaijan,vettel,5,VET,Sebastian,Vettel,German,ferrari,Ferrari,Italian,3,2,2,18,51,Finished,5,49,1:47.028,201.917
2016,8,European Grand Prix,2016-06-19,Baku City Circuit,Azerbaijan,perez,11,PER,Sergio,Pérez,Mexican,force_india,Force India,Indian,7,3,3,15,51,Finished,4,45,1:46.990,201.988
2016,8,European Grand Prix,2016-06-19,Baku City Circuit,Azerbaijan,raikkonen,7,RAI,Kimi,Räikkönen,Finnish,ferrari,Ferrari,Italian,4,4,4,12,51,Finished,6,41,1:47.181,201.629
2016,8,European Grand Prix,2016-06-19,Baku City Circuit,Azerbaijan,hamilton,44,HAM,Lewis,Hamilton,British,mercedes,Mercedes,German,10,5,5,10,51,Finished,2,42,1:46.822,202.306
2016,8,European Grand Prix,2016-06-19,Baku City Circuit,Azerbaijan,bottas,77,BOT,Valtteri,Bottas,Finnish,williams,Williams,British,8,6,6,8,51,Finished,9,50,1:47.604,200.836
2016,8,European Grand Prix,2016-06-19,Baku City Circuit,Azerbaijan,ricciardo,3,RIC,Daniel,Ricciardo,Australian,red_bull,Red Bull,Austrian,2,7,7,6,51,Finished,12,51,1:47.736,200.590
2016,8,European Grand Prix,2016-06-19,Baku City Circuit,Azerbaijan,max_verstappen,33,VER,Max,Verstappen,Dutch,red_bull,Red Bull,Austrian,9,8,8,4,51,Finished,3,50,1:46.973,202.021
2016,8,European Grand Prix,2016-06-19,Baku City Circuit,Azerbaijan,hulkenberg,27,HUL,Nico,Hülkenberg,German,force_india,Force India,Indian,12,9,9,2,51,Finished,15,37,1:48.012,200.077
2016,8,European Grand Prix,2016-06-19,Baku City Circuit,Azerbaijan,massa,19,MAS,Felipe,Massa,Brazilian,williams,Williams,British,5,10,10,1,51,Finished,13,35,1:47.761,200.543
2016,8,European Grand Prix,2016-06-19,Baku City Circuit,Azerbaijan,button,22,BUT,Jenson,Button,British,mclaren,McLaren,British,19,11,11,0,51,Finished,10,50,1:47.622,200.802
2016,8,European Grand Prix,2016-06-19,Baku City Circuit,Azerbaijan,nasr,12,NAS,Felipe,Nasr,Brazilian,sauber,Sauber,Swiss,15,12,12,0,50,+1 Lap,11,48,1:47.708,200.642
2016,8,European Grand Prix,2016-06-19,Baku City Circuit,Azerbaijan,grosjean,8,GRO,Romain,Grosjean,French,haas,Haas F1 Team,American,11,13,13,0,50,+1 Lap,14,48,1:47.943,200.205
2016,8,European Grand Prix,2016-06-19,Baku City Circuit,Azerbaijan,kevin_magnussen,20,MAG,Kevin,Magnussen,Danish,renault,Renault,French,22,14,14,0,50,+1 Lap,19,41,1:49.282,197.752
2016,8,European Grand Prix,2016-06-19,Baku City Circuit,Azerbaijan,jolyon_palmer,30,PAL,Jolyon,Palmer,British,renault,Renault,French,21,15,15,0,50,+1 Lap,8,48,1:47.583,200.875
2016,8,European Grand Prix,2016-06-19,Baku City Circuit,Azerbaijan,gutierrez,21,GUT,Esteban,Gutiérrez,Mexican,haas,Haas F1 Team,American,14,16,16,0,50,+1 Lap,7,50,1:47.563,200.912
2016,8,European Grand Prix,2016-06-19,Baku City Circuit,Azerbaijan,ericsson,9,ERI,Marcus,Ericsson,Swedish,sauber,Sauber,Swiss,20,17,17,0,50,+1 Lap,17,48,1:48.898,198.449
2016,8,European Grand Prix,2016-06-19,Baku City Circuit,Azerbaijan,haryanto,88,HAR,Rio,Haryanto,Indonesian,manor,Manor Marussia,British,16,18,18,0,49,+2 Laps,21,27,1:51.365,194.053
2016,8,European Grand Prix,2016-06-19,Baku City Circuit,Azerbaijan,alonso,14,ALO,Fernando,Alonso,Spanish,mclaren,McLaren,British,13,19,R,0,42,Gearbox,18,27,1:49.101,198.080
2016,8,European Grand Prix,2016-06-19,Baku City Circuit,Azerbaijan,wehrlein,94,WEH,Pascal,Wehrlein,German,manor,Manor Marussia,British,17,20,R,0,39,Brakes,20,33,1:50.571,195.447
2016,8,European Grand Prix,2016-06-19,Baku City Circuit,Azerbaijan,sainz,55,SAI,Carlos,Sainz,Spanish,toro_rosso,Toro Rosso,Italian,18,21,R,0,31,Suspension,16,31,1:48.804,198.621
2016,8,European Grand Prix,2016-06-19,Baku City Circuit,Azerbaijan,kvyat,26,KVY,Daniil,Kvyat,Russian,toro_rosso,Toro Rosso,Italian,6,22,R,0,6,Suspension,22,2,1:53.167,190.963
2016,9,Austrian Grand Prix,2016-07-03,Red Bull Ring,Austria,hamilton,44,HAM,Lewis,Hamilton,British,mercedes,Mercedes,German,1,1,1,25,71,Finished,1,67,1:08.411,227.647
2016,9,Austrian Grand Prix,2016-07-03,Red Bull Ring,Austria,max_verstappen,33,VER,Max,Verstappen,Dutch,red_bull,Red Bull,Austrian,8,2,2,18,71,Finished,5,69,1:09.618,223.700
2016,9,Austrian Grand Prix,2016-07-03,Red Bull Ring,Austria,raikkonen,7,RAI,Kimi,Räikkönen,Finnish,ferrari,Ferrari,Italian,4,3,3,15,71,Finished,4,66,1:08.876,226.110
2016,9,Austrian Grand Prix,2016-07-03,Red Bull Ring,Austria,rosberg,6,ROS,Nico,Rosberg,German,mercedes,Mercedes,German,6,4,4,12,71,Finished,2,66,1:08.491,227.381
2016,9,Austrian Grand Prix,2016-07-03,Red Bull Ring,Austria,ricciardo,3,RIC,Daniel,Ricciardo,Australian,red_bull,Red Bull,Austrian,5,5,5,10,71,Finished,3,66,1:08.770,226.459
2016,9,Austrian Grand Prix,2016-07-03,Red Bull Ring,Austria,button,22,BUT,Jenson,Button,British,mclaren,McLaren,British,3,6,6,8,71,Finished,9,70,1:10.001,222.476
2016,9,Austrian Grand Prix,2016-07-03,Red Bull Ring,Austria,grosjean,8,GRO,Romain,Grosjean,French,haas,Haas F1 Team,American,13,7,7,6,71,Finished,8,67,1:09.925,222.718
2016,9,Austrian Grand Prix,2016-07-03,Red Bull Ring,Austria,sainz,55,SAI,Carlos,Sainz,Spanish,toro_rosso,Toro Rosso,Italian,15,8,8,4,71,Finished,11,68,1:10.138,222.042
2016,9,Austrian Grand Prix,2016-07-03,Red Bull Ring,Austria,bottas,77,BOT,Valtteri,Bottas,Finnish,williams,Williams,British,7,9,9,2,70,+1 Lap,12,55,1:10.210,221.814
2016,9,Austrian Grand Prix,2016-07-03,Red Bull Ring,Austria,wehrlein,94,WEH,Pascal,Wehrlein,German,manor,Manor Marussia,British,12,10,10,1,70,+1 Lap,19,67,1:10.859,219.782
2016,9,Austrian Grand Prix,2016-07-03,Red Bull Ring,Austria,gutierrez,21,GUT,Esteban,Gutiérrez,Mexican,haas,Haas F1 Team,American,11,11,11,0,70,+1 Lap,6,55,1:09.694,223.456
2016,9,Austrian Grand Prix,2016-07-03,Red Bull Ring,Austria,jolyon_palmer,30,PAL,Jolyon,Palmer,British,renault,Renault,French,19,12,12,0,70,+1 Lap,13,53,1:10.228,221.757
2016,9,Austrian Grand Prix,2016-07-03,Red Bull Ring,Austria,nasr,12,NAS,Felipe,Nasr,Brazilian,sauber,Sauber,Swiss,21,13,13,0,70,+1 Lap,16,46,1:10.415,221.168
2016,9,Austrian Grand Prix,2016-07-03,Red Bull Ring,Austria,kevin_magnussen,20,MAG,Kevin,Magnussen,Danish,renault,Renault,French,17,14,14,0,70,+1 Lap,17,56,1:10.450,221.058
2016,9,Austrian Grand Prix,2016-07-03,Red Bull Ring,Austria,ericsson,9,ERI,Marcus,Ericsson,Swedish,sauber,Sauber,Swiss,18,15,15,0,70,+1 Lap,18,58,1:10.704,220.264
2016,9,Austrian Grand Prix,2016-07-03,Red Bull Ring,Austria,haryanto,88,HAR,Rio,Haryanto,Indonesian,manor,Manor Marussia,British,20,16,16,0,70,+1 Lap,15,66,1:10.342,221.398
2016,9,Austrian Grand Prix,2016-07-03,Red Bull Ring,Austria,perez,11,PER,Sergio,Pérez,Mexican,force_india,Force India,Indian,16,17,17,0,69,Brakes,10,66,1:10.120,222.099
2016,9,Austrian Grand Prix,2016-07-03,Red Bull Ring,Austria,alonso,14,ALO,Fernando,Alonso,Spanish,mclaren,McLaren,British,14,18,18,0,64,Battery,20,44,1:11.020,219.284
2016,9,Austrian Grand Prix,2016-07-03,Red Bull Ring,Austria,hulkenberg,27,HUL,Nico,Hülkenberg,German,force_india,Force India,Indian,2,19,19,0,64,Brakes,14,53,1:10.309,221.502
2016,9,Austrian Grand Prix,2016-07-03,Red Bull Ring,Austria,massa,19,MAS,Felipe,Massa,Brazilian,williams,Williams,British,0,20,20,0,63,Brakes,7,59,1:09.899,222.801
2016,9,Austrian Grand Prix,2016-07-03,Red Bull Ring,Austria,vettel,5,VET,Sebastian,Vettel,German,ferrari,Ferrari,Italian,9,21,R,0,26,Tyre,21,10,1:11.441,217.992
2016,9,Austrian Grand Prix,2016-07-03,Red Bull Ring,Austria,kvyat,26,KVY,Daniil,Kvyat,Russian,toro_rosso,Toro Rosso,Italian,0,22,R,0,2,Retired,22,2,1:18.302,198.891
2016,10,British Grand Prix,2016-07-10,Silverstone Circuit,UK,hamilton,44,HAM,Lewis,Hamilton,British,mercedes,Mercedes,German,1,1,1,25,52,Finished,3,45,1:35.771,221.440
2016,10,British Grand Prix,2016-07-10,Silverstone Circuit,UK,max_verstappen,33,VER,Max,Verstappen,Dutch,red_bull,Red Bull,Austrian,3,2,2,18,52,Finished,6,41,1:36.407,219.979
2016,10,British Grand Prix,2016-07-10,Silverstone Circuit,UK,rosberg,6,ROS,Nico,Rosberg,German,mercedes,Mercedes,German,2,3,3,15,52,Finished,1,44,1:35.548,221.957
2016,10,British Grand Prix,2016-07-10,Silverstone Circuit,UK,ricciardo,3,RIC,Daniel,Ricciardo,Australian,red_bull,Red Bull,Austrian,4,4,4,12,52,Finished,4,52,1:36.013,220.882
2016,10,British Grand Prix,2016-07-10,Silverstone Circuit,UK,raikkonen,7,RAI,Kimi,Räikkönen,Finnish,ferrari,Ferrari,Italian,5,5,5,10,52,Finished,8,39,1:36.994,218.648
2016,10,British Grand Prix,2016-07-10,Silverstone Circuit,UK,perez,11,PER,Sergio,Pérez,Mexican,force_india,Force India,Indian,10,6,6,8,52,Finished,15,35,1:37.900,216.625
2016,10,British Grand Prix,2016-07-10,Silverstone Circuit,UK,hulkenberg,27,HUL,Nico,Hülkenberg,German,force_india,Force India,Indian,8,7,7,6,52,Finished,11,51,1:37.618,217.250
2016,10,British Grand Prix,2016-07-10,Silverstone Circuit,UK,sainz,55,SAI,Carlos,Sainz,Spanish,toro_rosso,Toro Rosso,Italian,7,8,8,4,52,Finished,10,43,1:37.401,217.734
2016,10,British Grand Prix,2016-07-10,Silverstone Circuit,UK,vettel,5,VET,Sebastian,Vettel,German,ferrari,Ferrari,Italian,11,9,9,2,52,Finished,7,44,1:36.933,218.786
2016,10,British Grand Prix,2016-07-10,Silverstone Circuit,UK,kvyat,26,KVY,Daniil,Kvyat,Russian,toro_rosso,Toro Rosso,Italian,15,10,10,1,52,Finished,13,35,1:37.667,217.141
2016,10,British Grand Prix,2016-07-10,Silverstone Circuit,UK,massa,19,MAS,Felipe,Massa,Brazilian,williams,Williams,British,12,11,11,0,51,+1 Lap,5,40,1:36.141,220.588
2016,10,British Grand Prix,2016-07-10,Silverstone Circuit,UK,button,22,BUT,Jenson,Button,British,mclaren,McLaren,British,17,12,12,0,51,+1 Lap,16,36,1:37.907,216.609
2016,10,British Grand Prix,2016-07-10,Silverstone Circuit,UK,alonso,14,ALO,Fernando,Alonso,Spanish,mclaren,McLaren,British,9,13,13,0,51,+1 Lap,2,43,1:35.669,221.676
2016,10,British Grand Prix,2016-07-10,Silverstone Circuit,UK,bottas,77,BOT,Valtteri,Bottas,Finnish,williams,Williams,British,6,14,14,0,51,+1 Lap,9,45,1:37.383,217.775
2016,10,British Grand Prix,2016-07-10,Silverstone Circuit,UK,nasr,12,NAS,Felipe,Nasr,Brazilian,sauber,Sauber,Swiss,21,15,15,0,51,+1 Lap,17,43,1:38.710,214.847
2016,10,British Grand Prix,2016-07-10,Silverstone Circuit,UK,gutierrez,21,GUT,Esteban,Gutiérrez,Mexican,haas,Haas F1 Team,American,14,16,16,0,51,+1 Lap,14,44,1:37.713,217.039
2016,10,British Grand Prix,2016-07-10,Silverstone Circuit,UK,kevin_magnussen,20,MAG,Kevin,Magnussen,Danish,renault,Renault,French,16,17,17,0,49,Gearbox,12,43,1:37.619,217.248
2016,10,British Grand Prix,2016-07-10,Silverstone Circuit,UK,jolyon_palmer,30,PAL,Jolyon,Palmer,British,renault,Renault,French,18,18,R,0,37,Gearbox,18,36,1:39.755,212.596
2016,10,British Grand Prix,2016-07-10,Silverstone Circuit,UK,haryanto,88,HAR,Rio,Haryanto,Indonesian,manor,Manor Marussia,British,19,19,R,0,24,Spun off,19,23,1:41.380,209.189
2016,10,British Grand Prix,2016-07-10,Silverstone Circuit,UK,grosjean,8,GRO,Romain,Grosjean,French,haas,Haas F1 Team,American,13,20,R,0,17,Retired,20,14,1:55.507,183.604
2016,10,British Grand Prix,2016-07-10,Silverstone Circuit,UK,ericsson,9,ERI,Marcus,Ericsson,Swedish,sauber,Sauber,Swiss,22,21,R,0,11,Power Unit,21,9,2:00.286,176.309
2016,10,British Grand Prix,2016-07-10,Silverstone Circuit,UK,wehrlein,94,WEH,Pascal,Wehrlein,German,manor,Manor Marussia,British,20,22,R,0,6,Spun off,22,4,2:48.804,125.634
2016,11,Hungarian Grand Prix,2016-07-24,Hungaroring,Hungary,hamilton,44,HAM,Lewis,Hamilton,British,mercedes,Mercedes,German,2,1,1,25,70,Finished,3,69,1:23.849,188.095
2016,11,Hungarian Grand Prix,2016-07-24,Hungaroring,Hungary,rosberg,6,ROS,Nico,Rosberg,German,mercedes,Mercedes,German,1,2,2,18,70,Finished,2,60,1:23.670,188.497
2016,11,Hungarian Grand Prix,2016-07-24,Hungaroring,Hungary,ricciardo,3,RIC,Daniel,Ricciardo,Australian,red_bull,Red Bull,Austrian,3,3,3,15,70,Finished,5,60,1:24.608,186.407
2016,11,Hungarian Grand Prix,2016-07-24,Hungaroring,Hungary,vettel,5,VET,Sebastian,Vettel,German,ferrari,Ferrari,Italian,5,4,4,12,70,Finished,4,59,1:24.383,186.904
2016,11,Hungarian Grand Prix,2016-07-24,Hungaroring,Hungary,max_verstappen,33,VER,Max,Verstappen,Dutch,red_bull,Red Bull,Austrian,4,5,5,10,70,Finished,7,40,1:24.687,186.234
2016,11,Hungarian Grand Prix,2016-07-24,Hungaroring,Hungary,raikkonen,7,RAI,Kimi,Räikkönen,Finnish,ferrari,Ferrari,Italian,14,6,6,8,70,Finished,1,52,1:23.086,189.822
2016,11,Hungarian Grand Prix,2016-07-24,Hungaroring,Hungary,alonso,14,ALO,Fernando,Alonso,Spanish,mclaren,McLaren,British,7,7,7,6,69,+1 Lap,8,62,1:24.958,185.639
2016,11,Hungarian Grand Prix,2016-07-24,Hungaroring,Hungary,sainz,55,SAI,Carlos,Sainz,Spanish,toro_rosso,Toro Rosso,Italian,6,8,8,4,69,+1 Lap,10,67,1:25.103,185.323
2016,11,Hungarian Grand Prix,2016-07-24,Hungaroring,Hungary,bottas,77,BOT,Valtteri,Bottas,Finnish,williams,Williams,British,10,9,9,2,69,+1 Lap,11,59,1:25.273,184.954
2016,11,Hungarian Grand Prix,2016-07-24,Hungaroring,Hungary,hulkenberg,27,HUL,Nico,Hülkenberg,German,force_india,Force India,Indian,9,10,10,1,69,+1 Lap,13,69,1:25.392,184.696
2016,11,Hungarian Grand Prix,2016-07-24,Hungaroring,Hungary,perez,11,PER,Sergio,Pérez,Mexican,force_india,Force India,Indian,13,11,11,0,69,+1 Lap,9,65,1:25.021,185.502
2016,11,Hungarian Grand Prix,2016-07-24,Hungaroring,Hungary,jolyon_palmer,30,PAL,Jolyon,Palmer,British,renault,Renault,French,17,12,12,0,69,+1 Lap,16,41,1:25.743,183.940
2016,11,Hungarian Grand Prix,2016-07-24,Hungaroring,Hungary,gutierrez,21,GUT,Esteban,Gutiérrez,Mexican,haas,Haas F1 Team,American,15,13,13,0,69,+1 Lap,17,39,1:25.955,183.486
2016,11,Hungarian Grand Prix,2016-07-24,Hungaroring,Hungary,grosjean,8,GRO,Romain,Grosjean,French,haas,Haas F1 Team,American,11,14,14,0,69,+1 Lap,18,56,1:25.958,183.480
2016,11,Hungarian Grand Prix,2016-07-24,Hungaroring,Hungary,kevin_magnussen,20,MAG,Kevin,Magnussen,Danish,renault,Renault,French,19,15,15,0,69,+1 Lap,19,39,1:26.230,182.901
2016,11,Hungarian Grand Prix,2016-07-24,Hungaroring,Hungary,kvyat,26,KVY,Daniil,Kvyat,Russian,toro_rosso,Toro Rosso,Italian,12,16,16,0,69,+1 Lap,6,48,1:24.669,186.273
2016,11,Hungarian Grand Prix,2016-07-24,Hungaroring,Hungary,nasr,12,NAS,Felipe,Nasr,Brazilian,sauber,Sauber,Swiss,16,17,17,0,69,+1 Lap,15,66,1:25.676,184.084
2016,11,Hungarian Grand Prix,2016-07-24,Hungaroring,Hungary,massa,19,MAS,Felipe,Massa,Brazilian,williams,Williams,British,18,18,18,0,68,+2 Laps,12,68,1:25.296,184.904
2016,11,Hungarian Grand Prix,2016-07-24,Hungaroring,Hungary,wehrlein,94,WEH,Pascal,Wehrlein,German,manor,Manor Marussia,British,20,19,19,0,68,+2 Laps,20,47,1:26.524,182.280
2016,11,Hungarian Grand Prix,2016-07-24,Hungaroring,Hungary,ericsson,9,ERI,Marcus,Ericsson,Swedish,sauber,Sauber,Swiss,22,20,20,0,68,+2 Laps,14,47,1:25.475,184.517
2016,11,Hungarian Grand Prix,2016-07-24,Hungaroring,Hungary,haryanto,88,HAR,Rio,Haryanto,Indonesian,manor,Manor Marussia,British,21,21,21,0,68,+2 Laps,22,64,1:27.791,179.649
2016,11,Hungarian Grand Prix,2016-07-24,Hungaroring,Hungary,button,22,BUT,Jenson,Button,British,mclaren,McLaren,British,8,22,R,0,60,Oil leak,21,9,1:26.744,181.817
2016,12,German Grand Prix,2016-07-31,Hockenheimring,Germany,hamilton,44,HAM,Lewis,Hamilton,British,mercedes,Mercedes,German,2,1,1,25,67,Finished,3,52,1:18.746,209.107
2016,12,German Grand Prix,2016-07-31,Hockenheimring,Germany,ricciardo,3,RIC,Daniel,Ricciardo,Australian,red_bull,Red Bull,Austrian,3,2,2,18,67,Finished,1,48,1:18.442,209.918
2016,12,German Grand Prix,2016-07-31,Hockenheimring,Germany,max_verstappen,33,VER,Max,Verstappen,Dutch,red_bull,Red Bull,Austrian,4,3,3,15,67,Finished,4,47,1:18.910,208.673
2016,12,German Grand Prix,2016-07-31,Hockenheimring,Germany,rosberg,6,ROS,Nico,Rosberg,German,mercedes,Mercedes,German,1,4,4,12,67,Finished,5,51,1:19.122,208.114
2016,12,German Grand Prix,2016-07-31,Hockenheimring,Germany,vettel,5,VET,Sebastian,Vettel,German,ferrari,Ferrari,Italian,6,5,5,10,67,Finished,2,48,1:18.710,209.203
2016,12,German Grand Prix,2016-07-31,Hockenheimring,Germany,raikkonen,7,RAI,Kimi,Räikkönen,Finnish,ferrari,Ferrari,Italian,5,6,6,8,67,Finished,6,36,1:19.572,206.937
2016,12,German Grand Prix,2016-07-31,Hockenheimring,Germany,hulkenberg,27,HUL,Nico,Hülkenberg,German,force_india,Force India,Indian,8,7,7,6,67,Finished,12,46,1:20.056,205.686
2016,12,German Grand Prix,2016-07-31,Hockenheimring,Germany,button,22,BUT,Jenson,Button,British,mclaren,McLaren,British,12,8,8,4,66,+1 Lap,9,48,1:19.781,206.395
2016,12,German Grand Prix,2016-07-31,Hockenheimring,Germany,bottas,77,BOT,Valtteri,Bottas,Finnish,williams,Williams,British,7,9,9,2,66,+1 Lap,15,36,1:20.442,204.699
2016,12,German Grand Prix,2016-07-31,Hockenheimring,Germany,perez,11,PER,Sergio,Pérez,Mexican,force_india,Force India,Indian,9,10,10,1,66,+1 Lap,8,46,1:19.606,206.848
2016,12,German Grand Prix,2016-07-31,Hockenheimring,Germany,gutierrez,21,GUT,Esteban,Gutiérrez,Mexican,haas,Haas F1 Team,American,11,11,11,0,66,+1 Lap,10,56,1:19.883,206.131
2016,12,German Grand Prix,2016-07-31,Hockenheimring,Germany,alonso,14,ALO,Fernando,Alonso,Spanish,mclaren,McLaren,British,13,12,12,0,66,+1 Lap,13,50,1:20.132,205.490
2016,12,German Grand Prix,2016-07-31,Hockenheimring,Germany,grosjean,8,GRO,Romain,Grosjean,French,haas,Haas F1 Team,American,20,13,13,0,66,+1 Lap,14,58,1:20.250,205.188
2016,12,German Grand Prix,2016-07-31,Hockenheimring,Germany,sainz,55,SAI,Carlos,Sainz,Spanish,toro_rosso,Toro Rosso,Italian,15,14,14,0,66,+1 Lap,11,54,1:19.957,205.940
2016,12,German Grand Prix,2016-07-31,Hockenheimring,Germany,kvyat,26,KVY,Daniil,Kvyat,Russian,toro_rosso,Toro Rosso,Italian,18,15,15,0,66,+1 Lap,7,51,1:19.585,206.903
2016,12,German Grand Prix,2016-07-31,Hockenheimring,Germany,kevin_magnussen,20,MAG,Kevin,Magnussen,Danish,renault,Renault,French,16,16,16,0,66,+1 Lap,21,42,1:21.649,201.673
2016,12,German Grand Prix,2016-07-31,Hockenheimring,Germany,wehrlein,94,WEH,Pascal,Wehrlein,German,manor,Manor Marussia,British,17,17,17,0,65,+2 Laps,16,49,1:20.710,204.019
2016,12,German Grand Prix,2016-07-31,Hockenheimring,Germany,ericsson,9,ERI,Marcus,Ericsson,Swedish,sauber,Sauber,Swiss,22,18,18,0,65,+2 Laps,18,35,1:21.212,202.758
2016,12,German Grand Prix,2016-07-31,Hockenheimring,Germany,jolyon_palmer,30,PAL,Jolyon,Palmer,British,renault,Renault,French,14,19,19,0,65,+2 Laps,17,55,1:21.127,202.970
2016,12,German Grand Prix,2016-07-31,Hockenheimring,Germany,haryanto,88,HAR,Rio,Haryanto,Indonesian,manor,Manor Marussia,British,19,20,20,0,65,+2 Laps,22,56,1:21.845,201.190
2016,12,German Grand Prix,2016-07-31,Hockenheimring,Germany,nasr,12,NAS,Felipe,Nasr,Brazilian,sauber,Sauber,Swiss,21,21,R,0,57,Power Unit,19,45,1:21.420,202.240
2016,12,German Grand Prix,2016-07-31,Hockenheimring,Germany,massa,19,MAS,Felipe,Massa,Brazilian,williams,Williams,British,10,22,R,0,36,Suspension,20,31,1:21.476,202.101
2016,13,Belgian Grand Prix,2016-08-28,Circuit de Spa-Francorchamps,Belgium,rosberg,6,ROS,Nico,Rosberg,German,mercedes,Mercedes,German,1,1,1,25,44,Finished,2,11,1:51.746,225.640
2016,13,Belgian Grand Prix,2016-08-28,Circuit de Spa-Francorchamps,Belgium,ricciardo,3,RIC,Daniel,Ricciardo,Australian,red_bull,Red Bull,Austrian,5,2,2,18,44,Finished,4,11,1:52.461,224.205
2016,13,Belgian Grand Prix,2016-08-28,Circuit de Spa-Francorchamps,Belgium,hamilton,44,HAM,Lewis,Hamilton,British,mercedes,Mercedes,German,21,3,3,15,44,Finished,1,40,1:51.583,225.969
2016,13,Belgian Grand Prix,2016-08-28,Circuit de Spa-Francorchamps,Belgium,hulkenberg,27,HUL,Nico,Hülkenberg,German,force_india,Force India,Indian,7,4,4,12,44,Finished,10,41,1:53.530,222.094
2016,13,Belgian Grand Prix,2016-08-28,Circuit de Spa-Francorchamps,Belgium,perez,11,PER,Sergio,Pérez,Mexican,force_india,Force India,Indian,6,5,5,10,44,Finished,8,34,1:53.414,222.321
2016,13,Belgian Grand Prix,2016-08-28,Circuit de Spa-Francorchamps,Belgium,vettel,5,VET,Sebastian,Vettel,German,ferrari,Ferrari,Italian,4,6,6,8,44,Finished,5,35,1:52.728,223.674
2016,13,Belgian Grand Prix,2016-08-28,Circuit de Spa-Francorchamps,Belgium,alonso,14,ALO,Fernando,Alonso,Spanish,mclaren,McLaren,British,22,7,7,6,44,Finished,15,43,1:54.484,220.243
2016,13,Belgian Grand Prix,2016-08-28,Circuit de Spa-Francorchamps,Belgium,bottas,77,BOT,Valtteri,Bottas,Finnish,williams,Williams,British,8,8,8,4,44,Finished,12,31,1:54.120,220.946
2016,13,Belgian Grand Prix,2016-08-28,Circuit de Spa-Francorchamps,Belgium,raikkonen,7,RAI,Kimi,Räikkönen,Finnish,ferrari,Ferrari,Italian,3,9,9,2,44,Finished,9,27,1:53.498,222.157
2016,13,Belgian Grand Prix,2016-08-28,Circuit de Spa-Francorchamps,Belgium,massa,19,MAS,Felipe,Massa,Brazilian,williams,Williams,British,10,10,10,1,44,Finished,14,25,1:54.342,220.517
2016,13,Belgian Grand Prix,2016-08-28,Circuit de Spa-Francorchamps,Belgium,max_verstappen,33,VER,Max,Verstappen,Dutch,red_bull,Red Bull,Austrian,2,11,11,0,44,Finished,7,32,1:53.281,222.582
2016,13,Belgian Grand Prix,2016-08-28,Circuit de Spa-Francorchamps,Belgium,gutierrez,21,GUT,Esteban,Gutiérrez,Mexican,haas,Haas F1 Team,American,18,12,12,0,44,Finished,13,26,1:54.335,220.530
2016,13,Belgian Grand Prix,2016-08-28,Circuit de Spa-Francorchamps,Belgium,grosjean,8,GRO,Romain,Grosjean,French,haas,Haas F1 Team,American,11,13,13,0,44,Finished,11,25,1:53.803,221.561
2016,13,Belgian Grand Prix,2016-08-28,Circuit de Spa-Francorchamps,Belgium,kvyat,26,KVY,Daniil,Kvyat,Russian,toro_rosso,Toro Rosso,Italian,19,14,14,0,44,Finished,3,37,1:52.081,224.965
2016,13,Belgian Grand Prix,2016-08-28,Circuit de Spa-Francorchamps,Belgium,jolyon_palmer,30,PAL,Jolyon,Palmer,British,renault,Renault,French,13,15,15,0,44,Finished,6,41,1:53.251,222.641
2016,13,Belgian Grand Prix,2016-08-28,Circuit de Spa-Francorchamps,Belgium,ocon,31,OCO,Esteban,Ocon,French,manor,Manor Marussia,British,17,16,16,0,43,+1 Lap,16,26,1:55.734,217.865
2016,13,Belgian Grand Prix,2016-08-28,Circuit de Spa-Francorchamps,Belgium,nasr,12,NAS,Felipe,Nasr,Brazilian,sauber,Sauber,Swiss,16,17,17,0,43,+1 Lap,17,31,1:56.152,217.081
2016,13,Belgian Grand Prix,2016-08-28,Circuit de Spa-Francorchamps,Belgium,kevin_magnussen,20,MAG,Kevin,Magnussen,Danish,renault,Renault,French,12,18,R,0,5,Accident,18,4,1:56.588,216.269
2016,13,Belgian Grand Prix,2016-08-28,Circuit de Spa-Francorchamps,Belgium,ericsson,9,ERI,Marcus,Ericsson,Swedish,sauber,Sauber,Swiss,20,19,R,0,3,Gearbox,19,2,2:15.255,186.421
2016,13,Belgian Grand Prix,2016-08-28,Circuit de Spa-Francorchamps,Belgium,sainz,55,SAI,Carlos,Sainz,Spanish,toro_rosso,Toro Rosso,Italian,14,20,R,0,1,Puncture,,,,
2016,13,Belgian Grand Prix,2016-08-28,Circuit de Spa-Francorchamps,Belgium,button,22,BUT,Jenson,Button,British,mclaren,McLaren,British,9,21,R,0,1,Collision damage,,,,
2016,13,Belgian Grand Prix,2016-08-28,Circuit de Spa-Francorchamps,Belgium,wehrlein,94,WEH,Pascal,Wehrlein,German,manor,Manor Marussia,British,15,22,R,0,0,Collision damage,,,,
2016,14,Italian Grand Prix,2016-09-04,Autodromo Nazionale di Monza,Italy,rosberg,6,ROS,Nico,Rosberg,German,mercedes,Mercedes,German,2,1,1,25,53,Finished,9,26,1:26.599,240.820
2016,14,Italian Grand Prix,2016-09-04,Autodromo Nazionale di Monza,Italy,hamilton,44,HAM,Lewis,Hamilton,British,mercedes,Mercedes,German,1,2,2,18,53,Finished,4,27,1:26.303,241.646
2016,14,Italian Grand Prix,2016-09-04,Autodromo Nazionale di Monza,Italy,vettel,5,VET,Sebastian,Vettel,German,ferrari,Ferrari,Italian,3,3,3,15,53,Finished,5,48,1:26.310,241.626
2016,14,Italian Grand Prix,2016-09-04,Autodromo Nazionale di Monza,Italy,raikkonen,7,RAI,Kimi,Räikkönen,Finnish,ferrari,Ferrari,Italian,4,4,4,12,53,Finished,3,50,1:26.016,242.452
2016,14,Italian Grand Prix,2016-09-04,Autodromo Nazionale di Monza,Italy,ricciardo,3,RIC,Daniel,Ricciardo,Australian,red_bull,Red Bull,Austrian,6,5,5,10,53,Finished,2,52,1:25.919,242.726
2016,14,Italian Grand Prix,2016-09-04,Autodromo Nazionale di Monza,Italy,bottas,77,BOT,Valtteri,Bottas,Finnish,williams,Williams,British,5,6,6,8,53,Finished,10,46,1:26.708,240.517
2016,14,Italian Grand Prix,2016-09-04,Autodromo Nazionale di Monza,Italy,max_verstappen,33,VER,Max,Verstappen,Dutch,red_bull,Red Bull,Austrian,7,7,7,6,53,Finished,8,50,1:26.405,241.361
2016,14,Italian Grand Prix,2016-09-04,Autodromo Nazionale di Monza,Italy,perez,11,PER,Sergio,Pérez,Mexican,force_india,Force India,Indian,8,8,8,4,53,Finished,12,40,1:26.920,239.930
2016,14,Italian Grand Prix,2016-09-04,Autodromo Nazionale di Monza,Italy,massa,19,MAS,Felipe,Massa,Brazilian,williams,Williams,British,11,9,9,2,53,Finished,7,50,1:26.400,241.375
2016,14,Italian Grand Prix,2016-09-04,Autodromo Nazionale di Monza,Italy,hulkenberg,27,HUL,Nico,Hülkenberg,German,force_india,Force India,Indian,9,10,10,1,53,Finished,13,40,1:26.954,239.837
2016,14,Italian Grand Prix,2016-09-04,Autodromo Nazionale di Monza,Italy,grosjean,8,GRO,Romain,Grosjean,French,haas,Haas F1 Team,American,17,11,11,0,52,+1 Lap,15,50,1:27.227,239.086
2016,14,Italian Grand Prix,2016-09-04,Autodromo Nazionale di Monza,Italy,button,22,BUT,Jenson,Button,British,mclaren,McLaren,British,14,12,12,0,52,+1 Lap,6,40,1:26.354,241.503
2016,14,Italian Grand Prix,2016-09-04,Autodromo Nazionale di Monza,Italy,gutierrez,21,GUT,Esteban,Gutiérrez,Mexican,haas,Haas F1 Team,American,10,13,13,0,52,+1 Lap,14,42,1:27.106,239.418
2016,14,Italian Grand Prix,2016-09-04,Autodromo Nazionale di Monza,Italy,alonso,14,ALO,Fernando,Alonso,Spanish,mclaren,McLaren,British,12,14,14,0,52,+1 Lap,1,51,1:25.340,244.373
2016,14,Italian Grand Prix,2016-09-04,Autodromo Nazionale di Monza,Italy,sainz,55,SAI,Carlos,Sainz,Spanish,toro_rosso,Toro Rosso,Italian,15,15,15,0,52,+1 Lap,11,41,1:26.751,240.398
2016,14,Italian Grand Prix,2016-09-04,Autodromo Nazionale di Monza,Italy,ericsson,9,ERI,Marcus,Ericsson,Swedish,sauber,Sauber,Swiss,19,16,16,0,52,+1 Lap,19,37,1:28.552,235.509
2016,14,Italian Grand Prix,2016-09-04,Autodromo Nazionale di Monza,Italy,kevin_magnussen,20,MAG,Kevin,Magnussen,Danish,renault,Renault,French,21,17,17,0,52,+1 Lap,16,52,1:27.618,238.019
2016,14,Italian Grand Prix,2016-09-04,Autodromo Nazionale di Monza,Italy,ocon,31,OCO,Esteban,Ocon,French,manor,Manor Marussia,British,22,18,18,0,51,+2 Laps,18,51,1:28.534,235.556
2016,14,Italian Grand Prix,2016-09-04,Autodromo Nazionale di Monza,Italy,kvyat,26,KVY,Daniil,Kvyat,Russian,toro_rosso,Toro Rosso,Italian,16,19,R,0,36,Battery,17,35,1:28.037,236.886
2016,14,Italian Grand Prix,2016-09-04,Autodromo Nazionale di Monza,Italy,wehrlein,94,WEH,Pascal,Wehrlein,German,manor,Manor Marussia,British,13,20,R,0,26,Oil leak,20,18,1:28.723,235.055
2016,14,Italian Grand Prix,2016-09-04,Autodromo Nazionale di Monza,Italy,jolyon_palmer,30,PAL,Jolyon,Palmer,British,renault,Renault,French,20,21,R,0,7,Collision damage,21,4,1:31.361,228.268
2016,14,Italian Grand Prix,2016-09-04,Autodromo Nazionale di Monza,Italy,nasr,12,NAS,Felipe,Nasr,Brazilian,sauber,Sauber,Swiss,18,22,R,0,6,Collision damage,,,,
2016,15,Singapore Grand Prix,2016-09-18,Marina Bay Street Circuit,Singapore,rosberg,6,ROS,Nico,Rosberg,German,mercedes,Mercedes,German,1,1,1,25,61,Finished,6,38,1:50.296,165.318
2016,15,Singapore Grand Prix,2016-09-18,Marina Bay Street Circuit,Singapore,ricciardo,3,RIC,Daniel,Ricciardo,Australian,red_bull,Red Bull,Austrian,2,2,2,18,61,Finished,1,49,1:47.187,170.113
2016,15,Singapore Grand Prix,2016-09-18,Marina Bay Street Circuit,Singapore,hamilton,44,HAM,Lewis,Hamilton,British,mercedes,Mercedes,German,3,3,3,15,61,Finished,3,52,1:47.752,169.221
2016,15,Singapore Grand Prix,2016-09-18,Marina Bay Street Circuit,Singapore,raikkonen,7,RAI,Kimi,Räikkönen,Finnish,ferrari,Ferrari,Italian,5,4,4,12,61,Finished,4,51,1:48.204,168.515
2016,15,Singapore Grand Prix,2016-09-18,Marina Bay Street Circuit,Singapore,vettel,5,VET,Sebastian,Vettel,German,ferrari,Ferrari,Italian,22,5,5,10,61,Finished,2,45,1:47.345,169.863
2016,15,Singapore Grand Prix,2016-09-18,Marina Bay Street Circuit,Singapore,max_verstappen,33,VER,Max,Verstappen,Dutch,red_bull,Red Bull,Austrian,4,6,6,8,61,Finished,5,46,1:49.050,167.207
2016,15,Singapore Grand Prix,2016-09-18,Marina Bay Street Circuit,Singapore,alonso,14,ALO,Fernando,Alonso,Spanish,mclaren,McLaren,British,9,7,7,6,61,Finished,12,49,1:51.249,163.902
2016,15,Singapore Grand Prix,2016-09-18,Marina Bay Street Circuit,Singapore,perez,11,PER,Sergio,Pérez,Mexican,force_india,Force India,Indian,17,8,8,4,61,Finished,15,34,1:51.517,163.508
2016,15,Singapore Grand Prix,2016-09-18,Marina Bay Street Circuit,Singapore,kvyat,26,KVY,Daniil,Kvyat,Russian,toro_rosso,Toro Rosso,Italian,7,9,9,2,61,Finished,9,39,1:50.944,164.353
2016,15,Singapore Grand Prix,2016-09-18,Marina Bay Street Circuit,Singapore,kevin_magnussen,20,MAG,Kevin,Magnussen,Danish,renault,Renault,French,15,10,10,1,61,Finished,8,44,1:50.858,164.480
2016,15,Singapore Grand Prix,2016-09-18,Marina Bay Street Circuit,Singapore,gutierrez,21,GUT,Esteban,Gutiérrez,Mexican,haas,Haas F1 Team,American,13,11,11,0,60,+1 Lap,11,39,1:51.075,164.159
2016,15,Singapore Grand Prix,2016-09-18,Marina Bay Street Circuit,Singapore,massa,19,MAS,Felipe,Massa,Brazilian,williams,Williams,British,11,12,12,0,60,+1 Lap,14,53,1:51.455,163.599
2016,15,Singapore Grand Prix,2016-09-18,Marina Bay Street Circuit,Singapore,nasr,12,NAS,Felipe,Nasr,Brazilian,sauber,Sauber,Swiss,16,13,13,0,60,+1 Lap,17,41,1:51.683,163.265
2016,15,Singapore Grand Prix,2016-09-18,Marina Bay Street Circuit,Singapore,sainz,55,SAI,Carlos,Sainz,Spanish,toro_rosso,Toro Rosso,Italian,6,14,14,0,60,+1 Lap,7,56,1:50.532,164.965
2016,15,Singapore Grand Prix,2016-09-18,Marina Bay Street Circuit,Singapore,jolyon_palmer,30,PAL,Jolyon,Palmer,British,renault,Renault,French,18,15,15,0,60,+1 Lap,19,36,1:51.777,163.128
2016,15,Singapore Grand Prix,2016-09-18,Marina Bay Street Circuit,Singapore,wehrlein,94,WEH,Pascal,Wehrlein,German,manor,Manor Marussia,British,19,16,16,0,60,+1 Lap,20,40,1:52.021,162.773
2016,15,Singapore Grand Prix,2016-09-18,Marina Bay Street Circuit,Singapore,ericsson,9,ERI,Marcus,Ericsson,Swedish,sauber,Sauber,Swiss,14,17,17,0,60,+1 Lap,10,27,1:50.963,164.325
2016,15,Singapore Grand Prix,2016-09-18,Marina Bay Street Circuit,Singapore,ocon,31,OCO,Esteban,Ocon,French,manor,Manor Marussia,British,21,18,18,0,59,+2 Laps,18,47,1:51.748,163.170
2016,15,Singapore Grand Prix,2016-09-18,Marina Bay Street Circuit,Singapore,button,22,BUT,Jenson,Button,British,mclaren,McLaren,British,12,19,R,0,43,Brakes,16,18,1:51.631,163.341
2016,15,Singapore Grand Prix,2016-09-18,Marina Bay Street Circuit,Singapore,bottas,77,BOT,Valtteri,Bottas,Finnish,williams,Williams,British,10,20,R,0,35,Overheating,13,17,1:51.368,163.727
2016,15,Singapore Grand Prix,2016-09-18,Marina Bay Street Circuit,Singapore,hulkenberg,27,HUL,Nico,Hülkenberg,German,force_india,Force India,Indian,8,21,R,0,0,Collision,,,,
2016,15,Singapore Grand Prix,2016-09-18,Marina Bay Street Circuit,Singapore,grosjean,8,GRO,Romain,Grosjean,French,haas,Haas F1 Team,American,20,22,W,0,0,Withdrew,,,,
2016,16,Malaysian Grand Prix,2016-10-02,Sepang International Circuit,Malaysia,ricciardo,3,RIC,Daniel,Ricciardo,Australian,red_bull,Red Bull,Austrian,4,1,1,25,56,Finished,3,44,1:37.449,204.771
2016,16,Malaysian Grand Prix,2016-10-02,Sepang International Circuit,Malaysia,max_verstappen,33,VER,Max,Verstappen,Dutch,red_bull,Red Bull,Austrian,3,2,2,18,56,Finished,2,44,1:37.376,204.925
2016,16,Malaysian Grand Prix,2016-10-02,Sepang International Circuit,Malaysia,rosberg,6,ROS,Nico,Rosberg,German,mercedes,Mercedes,German,2,3,3,15,56,Finished,1,44,1:36.424,206.948
2016,16,Malaysian Grand Prix,2016-10-02,Sepang International Circuit,Malaysia,raikkonen,7,RAI,Kimi,Räikkönen,Finnish,ferrari,Ferrari,Italian,6,4,4,12,56,Finished,4,47,1:37.466,204.736
2016,16,Malaysian Grand Prix,2016-10-02,Sepang International Circuit,Malaysia,bottas,77,BOT,Valtteri,Bottas,Finnish,williams,Williams,British,11,5,5,10,56,Finished,9,53,1:39.199,201.159
2016,16,Malaysian Grand Prix,2016-10-02,Sepang International Circuit,Malaysia,perez,11,PER,Sergio,Pérez,Mexican,force_india,Force India,Indian,7,6,6,8,56,Finished,11,51,1:39.328,200.898
2016,16,Malaysian Grand Prix,2016-10-02,Sepang International Circuit,Malaysia,alonso,14,ALO,Fernando,Alonso,Spanish,mclaren,McLaren,British,22,7,7,6,56,Finished,6,44,1:38.291,203.017
2016,16,Malaysian Grand Prix,2016-10-02,Sepang International Circuit,Malaysia,hulkenberg,27,HUL,Nico,Hülkenberg,German,force_india,Force India,Indian,8,8,8,4,56,Finished,5,43,1:37.793,204.051
2016,16,Malaysian Grand Prix,2016-10-02,Sepang International Circuit,Malaysia,button,22,BUT,Jenson,Button,British,mclaren,McLaren,British,9,9,9,2,56,Finished,8,51,1:38.740,202.094
2016,16,Malaysian Grand Prix,2016-10-02,Sepang International Circuit,Malaysia,jolyon_palmer,30,PAL,Jolyon,Palmer,British,renault,Renault,French,19,10,10,1,56,Finished,12,53,1:39.350,200.853
2016,16,Malaysian Grand Prix,2016-10-02,Sepang International Circuit,Malaysia,sainz,55,SAI,Carlos,Sainz,Spanish,toro_rosso,Toro Rosso,Italian,16,11,11,0,56,Finished,10,44,1:39.243,201.070
2016,16,Malaysian Grand Prix,2016-10-02,Sepang International Circuit,Malaysia,ericsson,9,ERI,Marcus,Ericsson,Swedish,sauber,Sauber,Swiss,17,12,12,0,55,+1 Lap,14,55,1:39.781,199.985
2016,16,Malaysian Grand Prix,2016-10-02,Sepang International Circuit,Malaysia,massa,19,MAS,Felipe,Massa,Brazilian,williams,Williams,British,10,13,13,0,55,+1 Lap,16,53,1:39.920,199.707
2016,16,Malaysian Grand Prix,2016-10-02,Sepang International Circuit,Malaysia,kvyat,26,KVY,Daniil,Kvyat,Russian,toro_rosso,Toro Rosso,Italian,15,14,14,0,55,+1 Lap,15,43,1:39.798,199.951
2016,16,Malaysian Grand Prix,2016-10-02,Sepang International Circuit,Malaysia,wehrlein,94,WEH,Pascal,Wehrlein,German,manor,Manor Marussia,British,21,15,15,0,55,+1 Lap,13,55,1:39.653,200.242
2016,16,Malaysian Grand Prix,2016-10-02,Sepang International Circuit,Malaysia,ocon,31,OCO,Esteban,Ocon,French,manor,Manor Marussia,British,20,16,16,0,55,+1 Lap,18,45,1:41.467,196.662
2016,16,Malaysian Grand Prix,2016-10-02,Sepang International Circuit,Malaysia,nasr,12,NAS,Felipe,Nasr,Brazilian,sauber,Sauber,Swiss,18,17,R,0,46,Brakes,17,43,1:40.490,198.574
2016,16,Malaysian Grand Prix,2016-10-02,Sepang International Circuit,Malaysia,hamilton,44,HAM,Lewis,Hamilton,British,mercedes,Mercedes,German,1,18,R,0,40,Engine,7,31,1:38.595,202.391
2016,16,Malaysian Grand Prix,2016-10-02,Sepang International Circuit,Malaysia,gutierrez,21,GUT,Esteban,Gutiérrez,Mexican,haas,Haas F1 Team,American,13,19,R,0,39,Wheel nut,19,37,1:41.775,196.067
2016,16,Malaysian Grand Prix,2016-10-02,Sepang International Circuit,Malaysia,kevin_magnussen,20,MAG,Kevin,Magnussen,Danish,renault,Renault,French,14,20,R,0,17,Power loss,21,3,1:43.379,193.025
2016,16,Malaysian Grand Prix,2016-10-02,Sepang International Circuit,Malaysia,grosjean,8,GRO,Romain,Grosjean,French,haas,Haas F1 Team,American,12,21,R,0,7,Brakes,20,7,1:42.142,195.363
2016,16,Malaysian Grand Prix,2016-10-02,Sepang International Circuit,Malaysia,vettel,5,VET,Sebastian,Vettel,German,ferrari,Ferrari,Italian,5,22,R,0,0,Collision,,,,
2016,17,Japanese Grand Prix,2016-10-09,Suzuka Circuit,Japan,rosberg,6,ROS,Nico,Rosberg,German,mercedes,Mercedes,German,1,1,1,25,53,Finished,5,31,1:36.049,217.651
2016,17,Japanese Grand Prix,2016-10-09,Suzuka Circuit,Japan,max_verstappen,33,VER,Max,Verstappen,Dutch,red_bull,Red Bull,Austrian,3,2,2,18,53,Finished,6,43,1:36.386,216.890
2016,17,Japanese Grand Prix,2016-10-09,Suzuka Circuit,Japan,hamilton,44,HAM,Lewis,Hamilton,British,mercedes,Mercedes,German,2,3,3,15,53,Finished,2,36,1:35.152,219.703
2016,17,Japanese Grand Prix,2016-10-09,Suzuka Circuit,Japan,vettel,5,VET,Sebastian,Vettel,German,ferrari,Ferrari,Italian,6,4,4,12,53,Finished,1,36,1:35.118,219.781
2016,17,Japanese Grand Prix,2016-10-09,Suzuka Circuit,Japan,raikkonen,7,RAI,Kimi,Räikkönen,Finnish,ferrari,Ferrari,Italian,8,5,5,10,53,Finished,4,33,1:35.990,217.785
2016,17,Japanese Grand Prix,2016-10-09,Suzuka Circuit,Japan,ricciardo,3,RIC,Daniel,Ricciardo,Australian,red_bull,Red Bull,Austrian,4,6,6,8,53,Finished,3,36,1:35.511,218.877
2016,17,Japanese Grand Prix,2016-10-09,Suzuka Circuit,Japan,perez,11,PER,Sergio,Pérez,Mexican,force_india,Force India,Indian,5,7,7,6,53,Finished,7,31,1:36.756,216.061
2016,17,Japanese Grand Prix,2016-10-09,Suzuka Circuit,Japan,hulkenberg,27,HUL,Nico,Hülkenberg,German,force_india,Force India,Indian,9,8,8,4,53,Finished,10,39,1:37.351,214.740
2016,17,Japanese Grand Prix,2016-10-09,Suzuka Circuit,Japan,massa,19,MAS,Felipe,Massa,Brazilian,williams,Williams,British,12,9,9,2,53,Finished,14,35,1:37.785,213.787
2016,17,Japanese Grand Prix,2016-10-09,Suzuka Circuit,Japan,bottas,77,BOT,Valtteri,Bottas,Finnish,williams,Williams,British,11,10,10,1,53,Finished,15,33,1:37.844,213.658
2016,17,Japanese Grand Prix,2016-10-09,Suzuka Circuit,Japan,grosjean,8,GRO,Romain,Grosjean,French,haas,Haas F1 Team,American,7,11,11,0,53,Finished,8,32,1:37.020,215.473
2016,17,Japanese Grand Prix,2016-10-09,Suzuka Circuit,Japan,jolyon_palmer,30,PAL,Jolyon,Palmer,British,renault,Renault,French,16,12,12,0,52,+1 Lap,16,43,1:37.978,213.366
2016,17,Japanese Grand Prix,2016-10-09,Suzuka Circuit,Japan,kvyat,26,KVY,Daniil,Kvyat,Russian,toro_rosso,Toro Rosso,Italian,13,13,13,0,52,+1 Lap,11,25,1:37.597,214.199
2016,17,Japanese Grand Prix,2016-10-09,Suzuka Circuit,Japan,kevin_magnussen,20,MAG,Kevin,Magnussen,Danish,renault,Renault,French,17,14,14,0,52,+1 Lap,18,27,1:38.036,213.240
2016,17,Japanese Grand Prix,2016-10-09,Suzuka Circuit,Japan,ericsson,9,ERI,Marcus,Ericsson,Swedish,sauber,Sauber,Swiss,18,15,15,0,52,+1 Lap,21,28,1:38.496,212.244
2016,17,Japanese Grand Prix,2016-10-09,Suzuka Circuit,Japan,alonso,14,ALO,Fernando,Alonso,Spanish,mclaren,McLaren,British,15,16,16,0,52,+1 Lap,19,29,1:38.208,212.866
2016,17,Japanese Grand Prix,2016-10-09,Suzuka Circuit,Japan,sainz,55,SAI,Carlos,Sainz,Spanish,toro_rosso,Toro Rosso,Italian,14,17,17,0,52,+1 Lap,12,41,1:37.723,213.923
2016,17,Japanese Grand Prix,2016-10-09,Suzuka Circuit,Japan,button,22,BUT,Jenson,Button,British,mclaren,McLaren,British,22,18,18,0,52,+1 Lap,9,39,1:37.177,215.124
2016,17,Japanese Grand Prix,2016-10-09,Suzuka Circuit,Japan,nasr,12,NAS,Felipe,Nasr,Brazilian,sauber,Sauber,Swiss,19,19,19,0,52,+1 Lap,22,28,1:38.544,212.140
2016,17,Japanese Grand Prix,2016-10-09,Suzuka Circuit,Japan,gutierrez,21,GUT,Esteban,Gutiérrez,Mexican,haas,Haas F1 Team,American,10,20,20,0,52,+1 Lap,13,30,1:37.775,213.809
2016,17,Japanese Grand Prix,2016-10-09,Suzuka Circuit,Japan,ocon,31,OCO,Esteban,Ocon,French,manor,Manor Marussia,British,20,21,21,0,52,+1 Lap,20,33,1:38.380,212.494
2016,17,Japanese Grand Prix,2016-10-09,Suzuka Circuit,Japan,wehrlein,94,WEH,Pascal,Wehrlein,German,manor,Manor Marussia,British,21,22,22,0,52,+1 Lap,17,39,1:38.000,213.318
2016,18,United States Grand Prix,2016-10-23,Circuit of the Americas,USA,hamilton,44,HAM,Lewis,Hamilton,British,mercedes,Mercedes,German,1,1,1,25,56,Finished,4,45,1:42.386,193.842
2016,18,United States Grand Prix,2016-10-23,Circuit of the Americas,USA,rosberg,6,ROS,Nico,Rosberg,German,mercedes,Mercedes,German,2,2,2,18,56,Finished,3,34,1:41.897,194.773
2016,18,United States Grand Prix,2016-10-23,Circuit of the Americas,USA,ricciardo,3,RIC,Daniel,Ricciardo,Australian,red_bull,Red Bull,Austrian,3,3,3,15,56,Finished,7,51,1:42.555,193.523
2016,18,United States Grand Prix,2016-10-23,Circuit of the Americas,USA,vettel,5,VET,Sebastian,Vettel,German,ferrari,Ferrari,Italian,6,4,4,12,56,Finished,1,55,1:39.877,198.712
2016,18,United States Grand Prix,2016-10-23,Circuit of the Americas,USA,alonso,14,ALO,Fernando,Alonso,Spanish,mclaren,McLaren,British,12,5,5,10,56,Finished,10,36,1:43.502,191.752
2016,18,United States Grand Prix,2016-10-23,Circuit of the Americas,USA,sainz,55,SAI,Carlos,Sainz,Spanish,toro_rosso,Toro Rosso,Italian,10,6,6,8,56,Finished,8,33,1:42.832,193.002
2016,18,United States Grand Prix,2016-10-23,Circuit of the Americas,USA,massa,19,MAS,Felipe,Massa,Brazilian,williams,Williams,British,9,7,7,6,55,+1 Lap,9,33,1:43.414,191.915
2016,18,United States Grand Prix,2016-10-23,Circuit of the Americas,USA,perez,11,PER,Sergio,Pérez,Mexican,force_india,Force India,Indian,11,8,8,4,55,+1 Lap,12,33,1:43.925,190.972
2016,18,United States Grand Prix,2016-10-23,Circuit of the Americas,USA,button,22,BUT,Jenson,Button,British,mclaren,McLaren,British,19,9,9,2,55,+1 Lap,15,37,1:44.468,189.979
2016,18,United States Grand Prix,2016-10-23,Circuit of the Americas,USA,grosjean,8,GRO,Romain,Grosjean,French,haas,Haas F1 Team,American,17,10,10,1,55,+1 Lap,14,35,1:44.335,190.221
2016,18,United States Grand Prix,2016-10-23,Circuit of the Americas,USA,kvyat,26,KVY,Daniil,Kvyat,Russian,toro_rosso,Toro Rosso,Italian,13,11,11,0,55,+1 Lap,6,45,1:42.475,193.674
2016,18,United States Grand Prix,2016-10-23,Circuit of the Americas,USA,kevin_magnussen,20,MAG,Kevin,Magnussen,Danish,renault,Renault,French,18,12,12,0,55,+1 Lap,17,48,1:44.730,189.504
2016,18,United States Grand Prix,2016-10-23,Circuit of the Americas,USA,jolyon_palmer,30,PAL,Jolyon,Palmer,British,renault,Renault,French,15,13,13,0,55,+1 Lap,16,18,1:44.724,189.515
2016,18,United States Grand Prix,2016-10-23,Circuit of the Americas,USA,ericsson,9,ERI,Marcus,Ericsson,Swedish,sauber,Sauber,Swiss,16,14,14,0,55,+1 Lap,19,19,1:45.140,188.765
2016,18,United States Grand Prix,2016-10-23,Circuit of the Americas,USA,nasr,12,NAS,Felipe,Nasr,Brazilian,sauber,Sauber,Swiss,21,15,15,0,55,+1 Lap,13,55,1:44.117,190.620
2016,18,United States Grand Prix,2016-10-23,Circuit of the Americas,USA,bottas,77,BOT,Valtteri,Bottas,Finnish,williams,Williams,British,8,16,16,0,55,+1 Lap,18,34,1:44.977,189.058
2016,18,United States Grand Prix,2016-10-23,Circuit of the Americas,USA,wehrlein,94,WEH,Pascal,Wehrlein,German,manor,Manor Marussia,British,20,17,17,0,55,+1 Lap,21,36,1:45.451,188.208
2016,18,United States Grand Prix,2016-10-23,Circuit of the Americas,USA,ocon,31,OCO,Esteban,Ocon,French,manor,Manor Marussia,British,22,18,18,0,54,+2 Laps,11,46,1:43.585,191.599
2016,18,United States Grand Prix,2016-10-23,Circuit of the Americas,USA,raikkonen,7,RAI,Kimi,Räikkönen,Finnish,ferrari,Ferrari,Italian,5,19,R,0,38,Wheel,2,26,1:41.841,194.880
2016,18,United States Grand Prix,2016-10-23,Circuit of the Americas,USA,max_verstappen,33,VER,Max,Verstappen,Dutch,red_bull,Red Bull,Austrian,4,20,R,0,28,Gearbox,5,28,1:42.424,193.770
2016,18,United States Grand Prix,2016-10-23,Circuit of the Americas,USA,gutierrez,21,GUT,Esteban,Gutiérrez,Mexican,haas,Haas F1 Team,American,14,21,R,0,16,Brakes,20,15,1:45.364,188.364
2016,18,United States Grand Prix,2016-10-23,Circuit of the Americas,USA,hulkenberg,27,HUL,Nico,Hülkenberg,German,force_india,Force India,Indian,7,22,R,0,1,Collision,,,,
2016,19,Mexican Grand Prix,2016-10-30,Autódromo Hermanos Rodríguez,Mexico,hamilton,44,HAM,Lewis,Hamilton,British,mercedes,Mercedes,German,1,1,1,25,71,Finished,4,66,1:22.596,187.592
2016,19,Mexican Grand Prix,2016-10-30,Autódromo Hermanos Rodríguez,Mexico,rosberg,6,ROS,Nico,Rosberg,German,mercedes,Mercedes,German,2,2,2,18,71,Finished,5,43,1:22.792,187.148
2016,19,Mexican Grand Prix,2016-10-30,Autódromo Hermanos Rodríguez,Mexico,ricciardo,3,RIC,Daniel,Ricciardo,Australian,red_bull,Red Bull,Austrian,4,3,3,15,71,Finished,1,53,1:21.134,190.972
2016,19,Mexican Grand Prix,2016-10-30,Autódromo Hermanos Rodríguez,Mexico,max_verstappen,33,VER,Max,Verstappen,Dutch,red_bull,Red Bull,Austrian,3,4,4,12,71,Finished,6,66,1:22.887,186.934
2016,19,Mexican Grand Prix,2016-10-30,Autódromo Hermanos Rodríguez,Mexico,vettel,5,VET,Sebastian,Vettel,German,ferrari,Ferrari,Italian,7,5,5,10,71,Finished,2,61,1:22.497,187.817
2016,19,Mexican Grand Prix,2016-10-30,Autódromo Hermanos Rodríguez,Mexico,raikkonen,7,RAI,Kimi,Räikkönen,Finnish,ferrari,Ferrari,Italian,6,6,6,8,71,Finished,3,47,1:22.512,187.783
2016,19,Mexican Grand Prix,2016-10-30,Autódromo Hermanos Rodríguez,Mexico,hulkenberg,27,HUL,Nico,Hülkenberg,German,force_india,Force India,Indian,5,7,7,6,71,Finished,9,50,1:23.288,186.034
2016,19,Mexican Grand Prix,2016-10-30,Autódromo Hermanos Rodríguez,Mexico,bottas,77,BOT,Valtteri,Bottas,Finnish,williams,Williams,British,8,8,8,4,71,Finished,11,65,1:23.540,185.472
2016,19,Mexican Grand Prix,2016-10-30,Autódromo Hermanos Rodríguez,Mexico,massa,19,MAS,Felipe,Massa,Brazilian,williams,Williams,British,9,9,9,2,71,Finished,12,64,1:23.576,185.392
2016,19,Mexican Grand Prix,2016-10-30,Autódromo Hermanos Rodríguez,Mexico,perez,11,PER,Sergio,Pérez,Mexican,force_india,Force India,Indian,12,10,10,1,71,Finished,13,62,1:23.607,185.324
2016,19,Mexican Grand Prix,2016-10-30,Autódromo Hermanos Rodríguez,Mexico,ericsson,9,ERI,Marcus,Ericsson,Swedish,sauber,Sauber,Swiss,15,11,11,0,70,+1 Lap,18,65,1:24.340,183.713
2016,19,Mexican Grand Prix,2016-10-30,Autódromo Hermanos Rodríguez,Mexico,button,22,BUT,Jenson,Button,British,mclaren,McLaren,British,13,12,12,0,70,+1 Lap,17,70,1:23.777,184.948
2016,19,Mexican Grand Prix,2016-10-30,Autódromo Hermanos Rodríguez,Mexico,alonso,14,ALO,Fernando,Alonso,Spanish,mclaren,McLaren,British,11,13,13,0,70,+1 Lap,16,69,1:23.668,185.189
2016,19,Mexican Grand Prix,2016-10-30,Autódromo Hermanos Rodríguez,Mexico,jolyon_palmer,30,PAL,Jolyon,Palmer,British,renault,Renault,French,21,14,14,0,70,+1 Lap,20,64,1:24.574,183.205
2016,19,Mexican Grand Prix,2016-10-30,Autódromo Hermanos Rodríguez,Mexico,nasr,12,NAS,Felipe,Nasr,Brazilian,sauber,Sauber,Swiss,19,15,15,0,70,+1 Lap,15,58,1:23.657,185.213
2016,19,Mexican Grand Prix,2016-10-30,Autódromo Hermanos Rodríguez,Mexico,sainz,55,SAI,Carlos,Sainz,Spanish,toro_rosso,Toro Rosso,Italian,10,16,16,0,70,+1 Lap,19,52,1:24.467,183.437
2016,19,Mexican Grand Prix,2016-10-30,Autódromo Hermanos Rodríguez,Mexico,kevin_magnussen,20,MAG,Kevin,Magnussen,Danish,renault,Renault,French,14,17,17,0,70,+1 Lap,7,53,1:23.146,186.351
2016,19,Mexican Grand Prix,2016-10-30,Autódromo Hermanos Rodríguez,Mexico,kvyat,26,KVY,Daniil,Kvyat,Russian,toro_rosso,Toro Rosso,Italian,18,18,18,0,70,+1 Lap,14,59,1:23.618,185.299
2016,19,Mexican Grand Prix,2016-10-30,Autódromo Hermanos Rodríguez,Mexico,gutierrez,21,GUT,Esteban,Gutiérrez,Mexican,haas,Haas F1 Team,American,17,19,19,0,70,+1 Lap,10,63,1:23.456,185.659
2016,19,Mexican Grand Prix,2016-10-30,Autódromo Hermanos Rodríguez,Mexico,grosjean,8,GRO,Romain,Grosjean,French,haas,Haas F1 Team,American,22,20,20,0,70,+1 Lap,8,53,1:23.278,186.056
2016,19,Mexican Grand Prix,2016-10-30,Autódromo Hermanos Rodríguez,Mexico,ocon,31,OCO,Esteban,Ocon,French,manor,Manor Marussia,British,20,21,21,0,69,+2 Laps,21,43,1:24.964,182.364
2016,19,Mexican Grand Prix,2016-10-30,Autódromo Hermanos Rodríguez,Mexico,wehrlein,94,WEH,Pascal,Wehrlein,German,manor,Manor Marussia,British,16,22,R,0,0,Collision,,,,
2016,20,Brazilian Grand Prix,2016-11-13,Autódromo José Carlos Pace,Brazil,hamilton,44,HAM,Lewis,Hamilton,British,mercedes,Mercedes,German,1,1,1,25,71,Finished,3,44,1:25.639,181.137
2016,20,Brazilian Grand Prix,2016-11-13,Autódromo José Carlos Pace,Brazil,rosberg,6,ROS,Nico,Rosberg,German,mercedes,Mercedes,German,2,2,2,18,71,Finished,6,47,1:26.222,179.912
2016,20,Brazilian Grand Prix,2016-11-13,Autódromo José Carlos Pace,Brazil,max_verstappen,33,VER,Max,Verstappen,Dutch,red_bull,Red Bull,Austrian,4,3,3,15,71,Finished,1,67,1:25.305,181.846
2016,20,Brazilian Grand Prix,2016-11-13,Autódromo José Carlos Pace,Brazil,perez,11,PER,Sergio,Pérez,Mexican,force_india,Force India,Indian,9,4,4,12,71,Finished,11,41,1:27.093,178.113
2016,20,Brazilian Grand Prix,2016-11-13,Autódromo José Carlos Pace,Brazil,vettel,5,VET,Sebastian,Vettel,German,ferrari,Ferrari,Italian,5,5,5,10,71,Finished,5,70,1:26.195,179.968
2016,20,Brazilian Grand Prix,2016-11-13,Autódromo José Carlos Pace,Brazil,sainz,55,SAI,Carlos,Sainz,Spanish,toro_rosso,Toro Rosso,Italian,15,6,6,8,71,Finished,13,38,1:27.153,177.990
2016,20,Brazilian Grand Prix,2016-11-13,Autódromo José Carlos Pace,Brazil,hulkenberg,27,HUL,Nico,Hülkenberg,German,force_india,Force India,Indian,8,7,7,6,71,Finished,8,69,1:26.728,178.862
2016,20,Brazilian Grand Prix,2016-11-13,Autódromo José Carlos Pace,Brazil,ricciardo,3,RIC,Daniel,Ricciardo,Australian,red_bull,Red Bull,Austrian,6,8,8,4,71,Finished,2,42,1:25.532,181.363
2016,20,Brazilian Grand Prix,2016-11-13,Autódromo José Carlos Pace,Brazil,nasr,12,NAS,Felipe,Nasr,Brazilian,sauber,Sauber,Swiss,21,9,9,2,71,Finished,15,70,1:27.547,177.189
2016,20,Brazilian Grand Prix,2016-11-13,Autódromo José Carlos Pace,Brazil,alonso,14,ALO,Fernando,Alonso,Spanish,mclaren,McLaren,British,10,10,10,1,71,Finished,12,70,1:27.104,178.090
2016,20,Brazilian Grand Prix,2016-11-13,Autódromo José Carlos Pace,Brazil,bottas,77,BOT,Valtteri,Bottas,Finnish,williams,Williams,British,11,11,11,0,71,Finished,4,70,1:26.062,180.246
2016,20,Brazilian Grand Prix,2016-11-13,Autódromo José Carlos Pace,Brazil,ocon,31,OCO,Esteban,Ocon,French,manor,Manor Marussia,British,22,12,12,0,71,Finished,16,47,1:27.796,176.686
2016,20,Brazilian Grand Prix,2016-11-13,Autódromo José Carlos Pace,Brazil,kvyat,26,KVY,Daniil,Kvyat,Russian,toro_rosso,Toro Rosso,Italian,14,13,13,0,71,Finished,14,42,1:27.476,177.333
2016,20,Brazilian Grand Prix,2016-11-13,Autódromo José Carlos Pace,Brazil,kevin_magnussen,20,MAG,Kevin,Magnussen,Danish,renault,Renault,French,18,14,14,0,71,Finished,7,69,1:26.524,179.284
2016,20,Brazilian Grand Prix,2016-11-13,Autódromo José Carlos Pace,Brazil,wehrlein,94,WEH,Pascal,Wehrlein,German,manor,Manor Marussia,British,19,15,15,0,71,Finished,18,69,1:27.919,176.439
2016,20,Brazilian Grand Prix,2016-11-13,Autódromo José Carlos Pace,Brazil,button,22,BUT,Jenson,Button,British,mclaren,McLaren,British,17,16,16,0,71,Finished,10,38,1:26.983,178.338
2016,20,Brazilian Grand Prix,2016-11-13,Autódromo José Carlos Pace,Brazil,gutierrez,21,GUT,Esteban,Gutiérrez,Mexican,haas,Haas F1 Team,American,12,17,R,0,60,Retired,17,43,1:27.805,176.668
2016,20,Brazilian Grand Prix,2016-11-13,Autódromo José Carlos Pace,Brazil,massa,19,MAS,Felipe,Massa,Brazilian,williams,Williams,British,13,18,R,0,46,Collision,9,39,1:26.767,178.782
2016,20,Brazilian Grand Prix,2016-11-13,Autódromo José Carlos Pace,Brazil,jolyon_palmer,30,PAL,Jolyon,Palmer,British,renault,Renault,French,16,19,R,0,20,Collision damage,21,11,1:34.334,164.441
2016,20,Brazilian Grand Prix,2016-11-13,Autódromo José Carlos Pace,Brazil,raikkonen,7,RAI,Kimi,Räikkönen,Finnish,ferrari,Ferrari,Italian,3,20,R,0,19,Collision,19,12,1:28.847,174.596
2016,20,Brazilian Grand Prix,2016-11-13,Autódromo José Carlos Pace,Brazil,ericsson,9,ERI,Marcus,Ericsson,Swedish,sauber,Sauber,Swiss,20,21,R,0,11,Collision,20,11,1:31.265,169.970
2016,20,Brazilian Grand Prix,2016-11-13,Autódromo José Carlos Pace,Brazil,grosjean,8,GRO,Romain,Grosjean,French,haas,Haas F1 Team,American,7,22,W,0,0,Withdrew,,,,
2016,21,Abu Dhabi Grand Prix,2016-11-27,Yas Marina Circuit,UAE,hamilton,44,HAM,Lewis,Hamilton,British,mercedes,Mercedes,German,1,1,1,25,55,Finished,5,37,1:45.137,190.174
2016,21,Abu Dhabi Grand Prix,2016-11-27,Yas Marina Circuit,UAE,rosberg,6,ROS,Nico,Rosberg,German,mercedes,Mercedes,German,2,2,2,18,55,Finished,9,33,1:45.261,189.950
2016,21,Abu Dhabi Grand Prix,2016-11-27,Yas Marina Circuit,UAE,vettel,5,VET,Sebastian,Vettel,German,ferrari,Ferrari,Italian,5,3,3,15,55,Finished,1,43,1:43.729,192.756
2016,21,Abu Dhabi Grand Prix,2016-11-27,Yas Marina Circuit,UAE,max_verstappen,33,VER,Max,Verstappen,Dutch,red_bull,Red Bull,Austrian,6,4,4,12,55,Finished,7,36,1:45.187,190.084
2016,21,Abu Dhabi Grand Prix,2016-11-27,Yas Marina Circuit,UAE,ricciardo,3,RIC,Daniel,Ricciardo,Australian,red_bull,Red Bull,Austrian,3,5,5,10,55,Finished,3,29,1:44.889,190.624
2016,21,Abu Dhabi Grand Prix,2016-11-27,Yas Marina Circuit,UAE,raikkonen,7,RAI,Kimi,Räikkönen,Finnish,ferrari,Ferrari,Italian,4,6,6,8,55,Finished,6,35,1:45.163,190.127
2016,21,Abu Dhabi Grand Prix,2016-11-27,Yas Marina Circuit,UAE,hulkenberg,27,HUL,Nico,Hülkenberg,German,force_india,Force India,Indian,7,7,7,6,55,Finished,13,31,1:45.949,188.717
2016,21,Abu Dhabi Grand Prix,2016-11-27,Yas Marina Circuit,UAE,perez,11,PER,Sergio,Pérez,Mexican,force_india,Force India,Indian,8,8,8,4,55,Finished,8,30,1:45.249,189.972
2016,21,Abu Dhabi Grand Prix,2016-11-27,Yas Marina Circuit,UAE,massa,19,MAS,Felipe,Massa,Brazilian,williams,Williams,British,10,9,9,2,55,Finished,10,33,1:45.675,189.206
2016,21,Abu Dhabi Grand Prix,2016-11-27,Yas Marina Circuit,UAE,alonso,14,ALO,Fernando,Alonso,Spanish,mclaren,McLaren,British,9,10,10,1,55,Finished,2,50,1:44.495,191.343
2016,21,Abu Dhabi Grand Prix,2016-11-27,Yas Marina Circuit,UAE,grosjean,8,GRO,Romain,Grosjean,French,haas,Haas F1 Team,American,14,11,11,0,55,Finished,4,45,1:44.970,190.477
2016,21,Abu Dhabi Grand Prix,2016-11-27,Yas Marina Circuit,UAE,gutierrez,21,GUT,Esteban,Gutiérrez,Mexican,haas,Haas F1 Team,American,13,12,12,0,55,Finished,12,45,1:45.928,188.754
2016,21,Abu Dhabi Grand Prix,2016-11-27,Yas Marina Circuit,UAE,ocon,31,OCO,Esteban,Ocon,French,manor,Manor Marussia,British,20,13,13,0,54,+1 Lap,15,46,1:46.189,188.290
2016,21,Abu Dhabi Grand Prix,2016-11-27,Yas Marina Circuit,UAE,wehrlein,94,WEH,Pascal,Wehrlein,German,manor,Manor Marussia,British,16,14,14,0,54,+1 Lap,14,26,1:46.145,188.368
2016,21,Abu Dhabi Grand Prix,2016-11-27,Yas Marina Circuit,UAE,ericsson,9,ERI,Marcus,Ericsson,Swedish,sauber,Sauber,Swiss,22,15,15,0,54,+1 Lap,16,40,1:46.216,188.242
2016,21,Abu Dhabi Grand Prix,2016-11-27,Yas Marina Circuit,UAE,nasr,12,NAS,Felipe,Nasr,Brazilian,sauber,Sauber,Swiss,19,16,16,0,54,+1 Lap,17,44,1:46.287,188.117
2016,21,Abu Dhabi Grand Prix,2016-11-27,Yas Marina Circuit,UAE,jolyon_palmer,30,PAL,Jolyon,Palmer,British,renault,Renault,French,15,17,17,0,54,+1 Lap,11,46,1:45.715,189.134
2016,21,Abu Dhabi Grand Prix,2016-11-27,Yas Marina Circuit,UAE,sainz,55,SAI,Carlos,Sainz,Spanish,toro_rosso,Toro Rosso,Italian,21,18,R,0,41,Collision damage,18,30,1:46.591,187.580
2016,21,Abu Dhabi Grand Prix,2016-11-27,Yas Marina Circuit,UAE,kvyat,26,KVY,Daniil,Kvyat,Russian,toro_rosso,Toro Rosso,Italian,17,19,R,0,14,Gearbox,21,13,1:48.752,183.853
2016,21,Abu Dhabi Grand Prix,2016-11-27,Yas Marina Circuit,UAE,button,22,BUT,Jenson,Button,British,mclaren,McLaren,British,12,20,R,0,12,Suspension,22,4,1:48.753,183.851
2016,21,Abu Dhabi Grand Prix,2016-11-27,Yas Marina Circuit,UAE,bottas,77,BOT,Valtteri,Bottas,Finnish,williams,Williams,British,11,21,R,0,6,Suspension,19,4,1:47.837,185.413
2016,21,Abu Dhabi Grand Prix,2016-11-27,Yas Marina Circuit,UAE,kevin_magnussen,20,MAG,Kevin,Magnussen,Danish,renault,Renault,French,18,22,R,0,5,Suspension,20,4,1:48.601,184.108
2017,1,Australian Grand Prix,2017-03-26,Albert Park Grand Prix Circuit,Australia,vettel,5,VET,Sebastian,Vettel,German,ferrari,Ferrari,Italian,2,1,1,25,57,Finished,3,53,1:26.638,220.351
2017,1,Australian Grand Prix,2017-03-26,Albert Park Grand Prix Circuit,Australia,hamilton,44,HAM,Lewis,Hamilton,British,mercedes,Mercedes,German,1,2,2,18,57,Finished,6,44,1:27.033,219.351
2017,1,Australian Grand Prix,2017-03-26,Albert Park Grand Prix Circuit,Australia,bottas,77,BOT,Valtteri,Bottas,Finnish,mercedes,Mercedes,German,3,3,3,15,57,Finished,2,56,1:26.593,220.465
2017,1,Australian Grand Prix,2017-03-26,Albert Park Grand Prix Circuit,Australia,raikkonen,7,RAI,Kimi,Räikkönen,Finnish,ferrari,Ferrari,Italian,4,4,4,12,57,Finished,1,56,1:26.538,220.605
2017,1,Australian Grand Prix,2017-03-26,Albert Park Grand Prix Circuit,Australia,max_verstappen,33,VER,Max,Verstappen,Dutch,red_bull,Red Bull,Austrian,5,5,5,10,57,Finished,5,43,1:26.964,219.525
2017,1,Australian Grand Prix,2017-03-26,Albert Park Grand Prix Circuit,Australia,massa,19,MAS,Felipe,Massa,Brazilian,williams,Williams,British,7,6,6,8,57,Finished,9,49,1:28.045,216.830
2017,1,Australian Grand Prix,2017-03-26,Albert Park Grand Prix Circuit,Australia,perez,11,PER,Sergio,Pérez,Mexican,force_india,Force India,Indian,10,7,7,6,56,+1 Lap,10,56,1:28.336,216.115
2017,1,Australian Grand Prix,2017-03-26,Albert Park Grand Prix Circuit,Australia,sainz,55,SAI,Carlos,Sainz,Spanish,toro_rosso,Toro Rosso,Italian,8,8,8,4,56,+1 Lap,8,53,1:27.677,217.740
2017,1,Australian Grand Prix,2017-03-26,Albert Park Grand Prix Circuit,Australia,kvyat,26,KVY,Daniil,Kvyat,Russian,toro_rosso,Toro Rosso,Italian,9,9,9,2,56,+1 Lap,4,51,1:26.711,220.165
2017,1,Australian Grand Prix,2017-03-26,Albert Park Grand Prix Circuit,Australia,ocon,31,OCO,Esteban,Ocon,French,force_india,Force India,Indian,13,10,10,1,56,+1 Lap,11,55,1:28.475,215.776
2017,1,Australian Grand Prix,2017-03-26,Albert Park Grand Prix Circuit,Australia,hulkenberg,27,HUL,Nico,Hülkenberg,German,renault,Renault,French,11,11,11,0,56,+1 Lap,12,55,1:28.486,215.749
2017,1,Australian Grand Prix,2017-03-26,Albert Park Grand Prix Circuit,Australia,giovinazzi,36,GIO,Antonio,Giovinazzi,Italian,sauber,Sauber,Swiss,16,12,12,0,55,+2 Laps,13,51,1:29.052,214.378
2017,1,Australian Grand Prix,2017-03-26,Albert Park Grand Prix Circuit,Australia,vandoorne,2,VAN,Stoffel,Vandoorne,Belgian,mclaren,McLaren,British,18,13,13,0,55,+2 Laps,15,53,1:29.440,213.448
2017,1,Australian Grand Prix,2017-03-26,Albert Park Grand Prix Circuit,Australia,alonso,14,ALO,Fernando,Alonso,Spanish,mclaren,McLaren,British,12,14,R,0,50,Vibrations,17,48,1:30.077,211.938
2017,1,Australian Grand Prix,2017-03-26,Albert Park Grand Prix Circuit,Australia,kevin_magnussen,20,MAG,Kevin,Magnussen,Danish,haas,Haas F1 Team,American,17,15,R,0,46,Suspension,7,46,1:27.568,218.011
2017,1,Australian Grand Prix,2017-03-26,Albert Park Grand Prix Circuit,Australia,stroll,18,STR,Lance,Stroll,Canadian,williams,Williams,British,20,16,R,0,40,Brakes,14,38,1:29.389,213.569
2017,1,Australian Grand Prix,2017-03-26,Albert Park Grand Prix Circuit,Australia,ricciardo,3,RIC,Daniel,Ricciardo,Australian,red_bull,Red Bull,Austrian,0,17,R,0,25,Power Unit,16,21,1:29.447,213.431
2017,1,Australian Grand Prix,2017-03-26,Albert Park Grand Prix Circuit,Australia,ericsson,9,ERI,Marcus,Ericsson,Swedish,sauber,Sauber,Swiss,14,18,R,0,21,Hydraulics,19,18,1:32.052,207.391
2017,1,Australian Grand Prix,2017-03-26,Albert Park Grand Prix Circuit,Australia,jolyon_palmer,30,PAL,Jolyon,Palmer,British,renault,Renault,French,19,19,R,0,15,Brakes,20,6,1:32.195,207.069
2017,1,Australian Grand Prix,2017-03-26,Albert Park Grand Prix Circuit,Australia,grosjean,8,GRO,Romain,Grosjean,French,haas,Haas F1 Team,American,6,20,R,0,13,Water leak,18,12,1:30.183,211.689
2017,2,Chinese Grand Prix,2017-04-09,Shanghai International Circuit,China,hamilton,44,HAM,Lewis,Hamilton,British,mercedes,Mercedes,German,1,1,1,25,56,Finished,1,44,1:35.378,205.745
2017,2,Chinese Grand Prix,2017-04-09,Shanghai International Circuit,China,vettel,5,VET,Sebastian,Vettel,German,ferrari,Ferrari,Italian,2,2,2,18,56,Finished,2,40,1:35.423,205.648
2017,2,Chinese Grand Prix,2017-04-09,Shanghai International Circuit,China,max_verstappen,33,VER,Max,Verstappen,Dutch,red_bull,Red Bull,Austrian,16,3,3,15,56,Finished,7,31,1:36.722,202.886
2017,2,Chinese Grand Prix,2017-04-09,Shanghai International Circuit,China,ricciardo,3,RIC,Daniel,Ricciardo,Australian,red_bull,Red Bull,Austrian,5,4,4,12,56,Finished,8,36,1:36.791,202.741
2017,2,Chinese Grand Prix,2017-04-09,Shanghai International Circuit,China,raikkonen,7,RAI,Kimi,Räikkönen,Finnish,ferrari,Ferrari,Italian,4,5,5,10,56,Finished,4,42,1:36.003,204.406
2017,2,Chinese Grand Prix,2017-04-09,Shanghai International Circuit,China,bottas,77,BOT,Valtteri,Bottas,Finnish,mercedes,Mercedes,German,3,6,6,8,56,Finished,3,41,1:35.849,204.734
2017,2,Chinese Grand Prix,2017-04-09,Shanghai International Circuit,China,sainz,55,SAI,Carlos,Sainz,Spanish,toro_rosso,Toro Rosso,Italian,11,7,7,6,56,Finished,10,30,1:37.398,201.478
2017,2,Chinese Grand Prix,2017-04-09,Shanghai International Circuit,China,kevin_magnussen,20,MAG,Kevin,Magnussen,Danish,haas,Haas F1 Team,American,12,8,8,4,55,+1 Lap,11,35,1:37.528,201.209
2017,2,Chinese Grand Prix,2017-04-09,Shanghai International Circuit,China,perez,11,PER,Sergio,Pérez,Mexican,force_india,Force India,Indian,8,9,9,2,55,+1 Lap,6,55,1:36.531,203.288
2017,2,Chinese Grand Prix,2017-04-09,Shanghai International Circuit,China,ocon,31,OCO,Esteban,Ocon,French,force_india,Force India,Indian,17,10,10,1,55,+1 Lap,9,55,1:37.036,202.230
2017,2,Chinese Grand Prix,2017-04-09,Shanghai International Circuit,China,grosjean,8,GRO,Romain,Grosjean,French,haas,Haas F1 Team,American,19,11,11,0,55,+1 Lap,12,50,1:37.551,201.162
2017,2,Chinese Grand Prix,2017-04-09,Shanghai International Circuit,China,hulkenberg,27,HUL,Nico,Hülkenberg,German,renault,Renault,French,7,12,12,0,55,+1 Lap,13,36,1:38.015,200.210
2017,2,Chinese Grand Prix,2017-04-09,Shanghai International Circuit,China,jolyon_palmer,30,PAL,Jolyon,Palmer,British,renault,Renault,French,20,13,13,0,55,+1 Lap,14,47,1:38.181,199.871
2017,2,Chinese Grand Prix,2017-04-09,Shanghai International Circuit,China,massa,19,MAS,Felipe,Massa,Brazilian,williams,Williams,British,6,14,14,0,55,+1 Lap,5,50,1:36.511,203.330
2017,2,Chinese Grand Prix,2017-04-09,Shanghai International Circuit,China,ericsson,9,ERI,Marcus,Ericsson,Swedish,sauber,Sauber,Swiss,14,15,15,0,55,+1 Lap,16,50,1:39.732,196.763
2017,2,Chinese Grand Prix,2017-04-09,Shanghai International Circuit,China,alonso,14,ALO,Fernando,Alonso,Spanish,mclaren,McLaren,British,13,16,R,0,33,Driveshaft,15,31,1:39.496,197.230
2017,2,Chinese Grand Prix,2017-04-09,Shanghai International Circuit,China,kvyat,26,KVY,Daniil,Kvyat,Russian,toro_rosso,Toro Rosso,Italian,9,17,R,0,18,Hydraulics,17,18,1:40.090,196.059
2017,2,Chinese Grand Prix,2017-04-09,Shanghai International Circuit,China,vandoorne,2,VAN,Stoffel,Vandoorne,Belgian,mclaren,McLaren,British,15,18,R,0,17,Fuel pressure,18,15,1:41.460,193.412
2017,2,Chinese Grand Prix,2017-04-09,Shanghai International Circuit,China,giovinazzi,36,GIO,Antonio,Giovinazzi,Italian,sauber,Sauber,Swiss,18,19,R,0,3,Accident,,,,
2017,2,Chinese Grand Prix,2017-04-09,Shanghai International Circuit,China,stroll,18,STR,Lance,Stroll,Canadian,williams,Williams,British,10,20,R,0,0,Collision,,,,
2017,3,Bahrain Grand Prix,2017-04-16,Bahrain International Circuit,Bahrain,vettel,5,VET,Sebastian,Vettel,German,ferrari,Ferrari,Italian,3,1,1,25,57,Finished,4,36,1:33.826,207.652
2017,3,Bahrain Grand Prix,2017-04-16,Bahrain International Circuit,Bahrain,hamilton,44,HAM,Lewis,Hamilton,British,mercedes,Mercedes,German,2,2,2,18,57,Finished,1,46,1:32.798,209.952
2017,3,Bahrain Grand Prix,2017-04-16,Bahrain International Circuit,Bahrain,bottas,77,BOT,Valtteri,Bottas,Finnish,mercedes,Mercedes,German,1,3,3,15,57,Finished,5,33,1:34.087,207.076
2017,3,Bahrain Grand Prix,2017-04-16,Bahrain International Circuit,Bahrain,raikkonen,7,RAI,Kimi,Räikkönen,Finnish,ferrari,Ferrari,Italian,5,4,4,12,57,Finished,3,55,1:33.720,207.887
2017,3,Bahrain Grand Prix,2017-04-16,Bahrain International Circuit,Bahrain,ricciardo,3,RIC,Daniel,Ricciardo,Australian,red_bull,Red Bull,Austrian,4,5,5,10,57,Finished,2,42,1:33.495,208.387
2017,3,Bahrain Grand Prix,2017-04-16,Bahrain International Circuit,Bahrain,massa,19,MAS,Felipe,Massa,Brazilian,williams,Williams,British,8,6,6,8,57,Finished,6,39,1:34.256,206.705
2017,3,Bahrain Grand Prix,2017-04-16,Bahrain International Circuit,Bahrain,perez,11,PER,Sergio,Pérez,Mexican,force_india,Force India,Indian,18,7,7,6,57,Finished,7,39,1:34.609,205.933
2017,3,Bahrain Grand Prix,2017-04-16,Bahrain International Circuit,Bahrain,grosjean,8,GRO,Romain,Grosjean,French,haas,Haas F1 Team,American,9,8,8,4,57,Finished,8,33,1:34.948,205.198
2017,3,Bahrain Grand Prix,2017-04-16,Bahrain International Circuit,Bahrain,hulkenberg,27,HUL,Nico,Hülkenberg,German,renault,Renault,French,7,9,9,2,57,Finished,12,40,1:35.372,204.286
2017,3,Bahrain Grand Prix,2017-04-16,Bahrain International Circuit,Bahrain,ocon,31,OCO,Esteban,Ocon,French,force_india,Force India,Indian,14,10,10,1,57,Finished,11,39,1:35.179,204.700
2017,3,Bahrain Grand Prix,2017-04-16,Bahrain International Circuit,Bahrain,wehrlein,94,WEH,Pascal,Wehrlein,German,sauber,Sauber,Swiss,13,11,11,0,56,+1 Lap,17,43,1:36.786,201.301
2017,3,Bahrain Grand Prix,2017-04-16,Bahrain International Circuit,Bahrain,kvyat,26,KVY,Daniil,Kvyat,Russian,toro_rosso,Toro Rosso,Italian,11,12,12,0,56,+1 Lap,9,45,1:34.985,205.118
2017,3,Bahrain Grand Prix,2017-04-16,Bahrain International Circuit,Bahrain,jolyon_palmer,30,PAL,Jolyon,Palmer,British,renault,Renault,French,10,13,13,0,56,+1 Lap,13,43,1:35.552,203.901
2017,3,Bahrain Grand Prix,2017-04-16,Bahrain International Circuit,Bahrain,alonso,14,ALO,Fernando,Alonso,Spanish,mclaren,McLaren,British,15,14,14,0,54,Power Unit,14,47,1:35.595,203.809
2017,3,Bahrain Grand Prix,2017-04-16,Bahrain International Circuit,Bahrain,ericsson,9,ERI,Marcus,Ericsson,Swedish,sauber,Sauber,Swiss,19,15,R,0,50,Gearbox,10,35,1:35.086,204.900
2017,3,Bahrain Grand Prix,2017-04-16,Bahrain International Circuit,Bahrain,sainz,55,SAI,Carlos,Sainz,Spanish,toro_rosso,Toro Rosso,Italian,16,16,R,0,12,Collision,18,8,1:38.026,198.755
2017,3,Bahrain Grand Prix,2017-04-16,Bahrain International Circuit,Bahrain,stroll,18,STR,Lance,Stroll,Canadian,williams,Williams,British,12,17,R,0,12,Collision,15,10,1:36.303,202.311
2017,3,Bahrain Grand Prix,2017-04-16,Bahrain International Circuit,Bahrain,max_verstappen,33,VER,Max,Verstappen,Dutch,red_bull,Red Bull,Austrian,6,18,R,0,11,Brakes,16,4,1:36.681,201.520
2017,3,Bahrain Grand Prix,2017-04-16,Bahrain International Circuit,Bahrain,kevin_magnussen,20,MAG,Kevin,Magnussen,Danish,haas,Haas F1 Team,American,20,19,R,0,8,Electrical,19,6,1:38.718,197.362
2017,3,Bahrain Grand Prix,2017-04-16,Bahrain International Circuit,Bahrain,vandoorne,2,VAN,Stoffel,Vandoorne,Belgian,mclaren,McLaren,British,17,20,R,0,0,Power Unit,,,,
2017,4,Russian Grand Prix,2017-04-30,Sochi Autodrom,Russia,bottas,77,BOT,Valtteri,Bottas,Finnish,mercedes,Mercedes,German,3,1,1,25,52,Finished,3,49,1:37.367,216.221
2017,4,Russian Grand Prix,2017-04-30,Sochi Autodrom,Russia,vettel,5,VET,Sebastian,Vettel,German,ferrari,Ferrari,Italian,1,2,2,18,52,Finished,2,49,1:37.312,216.343
2017,4,Russian Grand Prix,2017-04-30,Sochi Autodrom,Russia,raikkonen,7,RAI,Kimi,Räikkönen,Finnish,ferrari,Ferrari,Italian,2,3,3,15,52,Finished,1,49,1:36.844,217.388
2017,4,Russian Grand Prix,2017-04-30,Sochi Autodrom,Russia,hamilton,44,HAM,Lewis,Hamilton,British,mercedes,Mercedes,German,4,4,4,12,52,Finished,6,18,1:38.398,213.955
2017,4,Russian Grand Prix,2017-04-30,Sochi Autodrom,Russia,max_verstappen,33,VER,Max,Verstappen,Dutch,red_bull,Red Bull,Austrian,7,5,5,10,52,Finished,8,47,1:38.429,213.888
2017,4,Russian Grand Prix,2017-04-30,Sochi Autodrom,Russia,perez,11,PER,Sergio,Pérez,Mexican,force_india,Force India,Indian,9,6,6,8,52,Finished,9,51,1:38.661,213.385
2017,4,Russian Grand Prix,2017-04-30,Sochi Autodrom,Russia,ocon,31,OCO,Esteban,Ocon,French,force_india,Force India,Indian,10,7,7,6,52,Finished,10,50,1:38.745,213.203
2017,4,Russian Grand Prix,2017-04-30,Sochi Autodrom,Russia,hulkenberg,27,HUL,Nico,Hülkenberg,German,renault,Renault,French,8,8,8,4,52,Finished,7,52,1:38.418,213.912
2017,4,Russian Grand Prix,2017-04-30,Sochi Autodrom,Russia,massa,19,MAS,Felipe,Massa,Brazilian,williams,Williams,British,6,9,9,2,51,+1 Lap,4,45,1:38.232,214.317
2017,4,Russian Grand Prix,2017-04-30,Sochi Autodrom,Russia,sainz,55,SAI,Carlos,Sainz,Spanish,toro_rosso,Toro Rosso,Italian,14,10,10,1,51,+1 Lap,11,51,1:38.858,212.960
2017,4,Russian Grand Prix,2017-04-30,Sochi Autodrom,Russia,stroll,18,STR,Lance,Stroll,Canadian,williams,Williams,British,11,11,11,0,51,+1 Lap,12,50,1:38.870,212.934
2017,4,Russian Grand Prix,2017-04-30,Sochi Autodrom,Russia,kvyat,26,KVY,Daniil,Kvyat,Russian,toro_rosso,Toro Rosso,Italian,12,12,12,0,51,+1 Lap,5,50,1:38.300,214.168
2017,4,Russian Grand Prix,2017-04-30,Sochi Autodrom,Russia,kevin_magnussen,20,MAG,Kevin,Magnussen,Danish,haas,Haas F1 Team,American,13,13,13,0,51,+1 Lap,13,40,1:39.566,211.445
2017,4,Russian Grand Prix,2017-04-30,Sochi Autodrom,Russia,vandoorne,2,VAN,Stoffel,Vandoorne,Belgian,mclaren,McLaren,British,20,14,14,0,51,+1 Lap,14,47,1:39.790,210.971
2017,4,Russian Grand Prix,2017-04-30,Sochi Autodrom,Russia,ericsson,9,ERI,Marcus,Ericsson,Swedish,sauber,Sauber,Swiss,18,15,15,0,51,+1 Lap,15,48,1:39.835,210.875
2017,4,Russian Grand Prix,2017-04-30,Sochi Autodrom,Russia,wehrlein,94,WEH,Pascal,Wehrlein,German,sauber,Sauber,Swiss,17,16,16,0,50,+2 Laps,16,37,1:40.922,208.604
2017,4,Russian Grand Prix,2017-04-30,Sochi Autodrom,Russia,ricciardo,3,RIC,Daniel,Ricciardo,Australian,red_bull,Red Bull,Austrian,5,17,R,0,5,Brakes,17,4,1:42.285,205.824
2017,4,Russian Grand Prix,2017-04-30,Sochi Autodrom,Russia,jolyon_palmer,30,PAL,Jolyon,Palmer,British,renault,Renault,French,16,18,R,0,0,Collision,,,,
2017,4,Russian Grand Prix,2017-04-30,Sochi Autodrom,Russia,grosjean,8,GRO,Romain,Grosjean,French,haas,Haas F1 Team,American,19,19,R,0,0,Collision,,,,
2017,4,Russian Grand Prix,2017-04-30,Sochi Autodrom,Russia,alonso,14,ALO,Fernando,Alonso,Spanish,mclaren,McLaren,British,15,20,W,0,0,Power Unit,,,,
2017,5,Spanish Grand Prix,2017-05-14,Circuit de Barcelona-Catalunya,Spain,hamilton,44,HAM,Lewis,Hamilton,British,mercedes,Mercedes,German,1,1,1,25,66,Finished,1,64,1:23.593,200.471
2017,5,Spanish Grand Prix,2017-05-14,Circuit de Barcelona-Catalunya,Spain,vettel,5,VET,Sebastian,Vettel,German,ferrari,Ferrari,Italian,2,2,2,18,66,Finished,2,43,1:23.674,200.277
2017,5,Spanish Grand Prix,2017-05-14,Circuit de Barcelona-Catalunya,Spain,ricciardo,3,RIC,Daniel,Ricciardo,Australian,red_bull,Red Bull,Austrian,6,3,3,15,66,Finished,3,40,1:23.686,200.248
2017,5,Spanish Grand Prix,2017-05-14,Circuit de Barcelona-Catalunya,Spain,perez,11,PER,Sergio,Pérez,Mexican,force_india,Force India,Indian,8,4,4,12,65,+1 Lap,7,51,1:25.755,195.417
2017,5,Spanish Grand Prix,2017-05-14,Circuit de Barcelona-Catalunya,Spain,ocon,31,OCO,Esteban,Ocon,French,force_india,Force India,Indian,10,5,5,10,65,+1 Lap,11,40,1:26.276,194.237
2017,5,Spanish Grand Prix,2017-05-14,Circuit de Barcelona-Catalunya,Spain,hulkenberg,27,HUL,Nico,Hülkenberg,German,renault,Renault,French,13,6,6,8,65,+1 Lap,15,56,1:26.703,193.280
2017,5,Spanish Grand Prix,2017-05-14,Circuit de Barcelona-Catalunya,Spain,sainz,55,SAI,Carlos,Sainz,Spanish,toro_rosso,Toro Rosso,Italian,12,7,7,6,65,+1 Lap,9,61,1:26.186,194.439
2017,5,Spanish Grand Prix,2017-05-14,Circuit de Barcelona-Catalunya,Spain,wehrlein,94,WEH,Pascal,Wehrlein,German,sauber,Sauber,Swiss,15,8,8,4,65,+1 Lap,14,58,1:26.476,193.787
2017,5,Spanish Grand Prix,2017-05-14,Circuit de Barcelona-Catalunya,Spain,kvyat,26,KVY,Daniil,Kvyat,Russian,toro_rosso,Toro Rosso,Italian,19,9,9,2,65,+1 Lap,8,37,1:25.976,194.914
2017,5,Spanish Grand Prix,2017-05-14,Circuit de Barcelona-Catalunya,Spain,grosjean,8,GRO,Romain,Grosjean,French,haas,Haas F1 Team,American,14,10,10,1,65,+1 Lap,17,50,1:26.871,192.906
2017,5,Spanish Grand Prix,2017-05-14,Circuit de Barcelona-Catalunya,Spain,ericsson,9,ERI,Marcus,Ericsson,Swedish,sauber,Sauber,Swiss,16,11,11,0,64,+2 Laps,10,60,1:26.213,194.379
2017,5,Spanish Grand Prix,2017-05-14,Circuit de Barcelona-Catalunya,Spain,alonso,14,ALO,Fernando,Alonso,Spanish,mclaren,McLaren,British,7,12,12,0,64,+2 Laps,4,64,1:23.894,199.752
2017,5,Spanish Grand Prix,2017-05-14,Circuit de Barcelona-Catalunya,Spain,massa,19,MAS,Felipe,Massa,Brazilian,williams,Williams,British,9,13,13,0,64,+2 Laps,13,64,1:26.472,193.796
2017,5,Spanish Grand Prix,2017-05-14,Circuit de Barcelona-Catalunya,Spain,kevin_magnussen,20,MAG,Kevin,Magnussen,Danish,haas,Haas F1 Team,American,11,14,14,0,64,+2 Laps,12,15,1:26.371,194.023
2017,5,Spanish Grand Prix,2017-05-14,Circuit de Barcelona-Catalunya,Spain,jolyon_palmer,30,PAL,Jolyon,Palmer,British,renault,Renault,French,17,15,15,0,64,+2 Laps,6,44,1:24.843,197.517
2017,5,Spanish Grand Prix,2017-05-14,Circuit de Barcelona-Catalunya,Spain,stroll,18,STR,Lance,Stroll,Canadian,williams,Williams,British,18,16,16,0,64,+2 Laps,16,50,1:26.838,192.980
2017,5,Spanish Grand Prix,2017-05-14,Circuit de Barcelona-Catalunya,Spain,bottas,77,BOT,Valtteri,Bottas,Finnish,mercedes,Mercedes,German,3,17,R,0,38,Power Unit,5,28,1:24.696,197.860
2017,5,Spanish Grand Prix,2017-05-14,Circuit de Barcelona-Catalunya,Spain,vandoorne,2,VAN,Stoffel,Vandoorne,Belgian,mclaren,McLaren,British,20,18,R,0,32,Collision,18,14,1:27.554,191.401
2017,5,Spanish Grand Prix,2017-05-14,Circuit de Barcelona-Catalunya,Spain,max_verstappen,33,VER,Max,Verstappen,Dutch,red_bull,Red Bull,Austrian,5,19,R,0,1,Collision damage,,,,
2017,5,Spanish Grand Prix,2017-05-14,Circuit de Barcelona-Catalunya,Spain,raikkonen,7,RAI,Kimi,Räikkönen,Finnish,ferrari,Ferrari,Italian,4,20,R,0,0,Collision damage,,,,
2017,6,Monaco Grand Prix,2017-05-28,Circuit de Monaco,Monaco,vettel,5,VET,Sebastian,Vettel,German,ferrari,Ferrari,Italian,2,1,1,25,78,Finished,2,38,1:15.238,159.669
2017,6,Monaco Grand Prix,2017-05-28,Circuit de Monaco,Monaco,raikkonen,7,RAI,Kimi,Räikkönen,Finnish,ferrari,Ferrari,Italian,1,2,2,18,78,Finished,3,39,1:15.527,159.058
2017,6,Monaco Grand Prix,2017-05-28,Circuit de Monaco,Monaco,ricciardo,3,RIC,Daniel,Ricciardo,Australian,red_bull,Red Bull,Austrian,5,3,3,15,78,Finished,4,51,1:15.756,158.577
2017,6,Monaco Grand Prix,2017-05-28,Circuit de Monaco,Monaco,bottas,77,BOT,Valtteri,Bottas,Finnish,mercedes,Mercedes,German,3,4,4,12,78,Finished,9,22,1:16.439,157.160
2017,6,Monaco Grand Prix,2017-05-28,Circuit de Monaco,Monaco,max_verstappen,33,VER,Max,Verstappen,Dutch,red_bull,Red Bull,Austrian,4,5,5,10,78,Finished,8,56,1:16.329,157.387
2017,6,Monaco Grand Prix,2017-05-28,Circuit de Monaco,Monaco,sainz,55,SAI,Carlos,Sainz,Spanish,toro_rosso,Toro Rosso,Italian,6,6,6,8,78,Finished,14,39,1:16.649,156.730
2017,6,Monaco Grand Prix,2017-05-28,Circuit de Monaco,Monaco,hamilton,44,HAM,Lewis,Hamilton,British,mercedes,Mercedes,German,13,7,7,6,78,Finished,5,54,1:15.825,158.433
2017,6,Monaco Grand Prix,2017-05-28,Circuit de Monaco,Monaco,grosjean,8,GRO,Romain,Grosjean,French,haas,Haas F1 Team,American,8,8,8,4,78,Finished,18,45,1:17.095,155.823
2017,6,Monaco Grand Prix,2017-05-28,Circuit de Monaco,Monaco,massa,19,MAS,Felipe,Massa,Brazilian,williams,Williams,British,14,9,9,2,78,Finished,12,50,1:16.543,156.947
2017,6,Monaco Grand Prix,2017-05-28,Circuit de Monaco,Monaco,kevin_magnussen,20,MAG,Kevin,Magnussen,Danish,haas,Haas F1 Team,American,11,10,10,1,78,Finished,7,44,1:16.313,157.420
2017,6,Monaco Grand Prix,2017-05-28,Circuit de Monaco,Monaco,jolyon_palmer,30,PAL,Jolyon,Palmer,British,renault,Renault,French,16,11,11,0,78,Finished,13,55,1:16.614,156.801
2017,6,Monaco Grand Prix,2017-05-28,Circuit de Monaco,Monaco,ocon,31,OCO,Esteban,Ocon,French,force_india,Force India,Indian,15,12,12,0,78,Finished,10,52,1:16.482,157.072
2017,6,Monaco Grand Prix,2017-05-28,Circuit de Monaco,Monaco,perez,11,PER,Sergio,Pérez,Mexican,force_india,Force India,Indian,7,13,13,0,78,Finished,1,76,1:14.820,160.561
2017,6,Monaco Grand Prix,2017-05-28,Circuit de Monaco,Monaco,kvyat,26,KVY,Daniil,Kvyat,Russian,toro_rosso,Toro Rosso,Italian,9,14,14,0,71,Collision damage,11,43,1:16.539,156.955
2017,6,Monaco Grand Prix,2017-05-28,Circuit de Monaco,Monaco,stroll,18,STR,Lance,Stroll,Canadian,williams,Williams,British,17,15,15,0,71,Brakes,6,71,1:16.075,157.912
2017,6,Monaco Grand Prix,2017-05-28,Circuit de Monaco,Monaco,vandoorne,2,VAN,Stoffel,Vandoorne,Belgian,mclaren,McLaren,British,12,16,R,0,66,Accident,15,45,1:16.665,156.697
2017,6,Monaco Grand Prix,2017-05-28,Circuit de Monaco,Monaco,ericsson,9,ERI,Marcus,Ericsson,Swedish,sauber,Sauber,Swiss,19,17,R,0,63,Accident,16,39,1:16.829,156.362
2017,6,Monaco Grand Prix,2017-05-28,Circuit de Monaco,Monaco,button,22,BUT,Jenson,Button,British,mclaren,McLaren,British,20,18,R,0,57,Collision damage,17,47,1:16.912,156.194
2017,6,Monaco Grand Prix,2017-05-28,Circuit de Monaco,Monaco,wehrlein,94,WEH,Pascal,Wehrlein,German,sauber,Sauber,Swiss,18,19,R,0,57,Collision,20,25,1:18.034,153.948
2017,6,Monaco Grand Prix,2017-05-28,Circuit de Monaco,Monaco,hulkenberg,27,HUL,Nico,Hülkenberg,German,renault,Renault,French,10,20,R,0,15,Gearbox,19,13,1:17.885,154.242
2017,7,Canadian Grand Prix,2017-06-11,Circuit Gilles Villeneuve,Canada,hamilton,44,HAM,Lewis,Hamilton,British,mercedes,Mercedes,German,1,1,1,25,70,Finished,1,64,1:14.551,210.588
2017,7,Canadian Grand Prix,2017-06-11,Circuit Gilles Villeneuve,Canada,bottas,77,BOT,Valtteri,Bottas,Finnish,mercedes,Mercedes,German,3,2,2,18,70,Finished,5,65,1:15.894,206.862
2017,7,Canadian Grand Prix,2017-06-11,Circuit Gilles Villeneuve,Canada,ricciardo,3,RIC,Daniel,Ricciardo,Australian,red_bull,Red Bull,Austrian,6,3,3,15,70,Finished,8,67,1:16.165,206.126
2017,7,Canadian Grand Prix,2017-06-11,Circuit Gilles Villeneuve,Canada,vettel,5,VET,Sebastian,Vettel,German,ferrari,Ferrari,Italian,2,4,4,12,70,Finished,2,70,1:14.719,210.115
2017,7,Canadian Grand Prix,2017-06-11,Circuit Gilles Villeneuve,Canada,perez,11,PER,Sergio,Pérez,Mexican,force_india,Force India,Indian,8,5,5,10,70,Finished,11,62,1:16.367,205.580
2017,7,Canadian Grand Prix,2017-06-11,Circuit Gilles Villeneuve,Canada,ocon,31,OCO,Esteban,Ocon,French,force_india,Force India,Indian,9,6,6,8,70,Finished,9,68,1:16.247,205.904
2017,7,Canadian Grand Prix,2017-06-11,Circuit Gilles Villeneuve,Canada,raikkonen,7,RAI,Kimi,Räikkönen,Finnish,ferrari,Ferrari,Italian,4,7,7,6,70,Finished,3,59,1:15.388,208.250
2017,7,Canadian Grand Prix,2017-06-11,Circuit Gilles Villeneuve,Canada,hulkenberg,27,HUL,Nico,Hülkenberg,German,renault,Renault,French,10,8,8,4,70,Finished,7,64,1:16.136,206.204
2017,7,Canadian Grand Prix,2017-06-11,Circuit Gilles Villeneuve,Canada,stroll,18,STR,Lance,Stroll,Canadian,williams,Williams,British,17,9,9,2,69,+1 Lap,6,64,1:15.979,206.630
2017,7,Canadian Grand Prix,2017-06-11,Circuit Gilles Villeneuve,Canada,grosjean,8,GRO,Romain,Grosjean,French,haas,Haas F1 Team,American,14,10,10,1,69,+1 Lap,15,58,1:16.949,204.026
2017,7,Canadian Grand Prix,2017-06-11,Circuit Gilles Villeneuve,Canada,jolyon_palmer,30,PAL,Jolyon,Palmer,British,renault,Renault,French,15,11,11,0,69,+1 Lap,12,64,1:16.704,204.677
2017,7,Canadian Grand Prix,2017-06-11,Circuit Gilles Villeneuve,Canada,kevin_magnussen,20,MAG,Kevin,Magnussen,Danish,haas,Haas F1 Team,American,18,12,12,0,69,+1 Lap,10,65,1:16.341,205.650
2017,7,Canadian Grand Prix,2017-06-11,Circuit Gilles Villeneuve,Canada,ericsson,9,ERI,Marcus,Ericsson,Swedish,sauber,Sauber,Swiss,19,13,13,0,69,+1 Lap,16,50,1:16.995,203.904
2017,7,Canadian Grand Prix,2017-06-11,Circuit Gilles Villeneuve,Canada,vandoorne,2,VAN,Stoffel,Vandoorne,Belgian,mclaren,McLaren,British,16,14,14,0,69,+1 Lap,14,69,1:16.774,204.491
2017,7,Canadian Grand Prix,2017-06-11,Circuit Gilles Villeneuve,Canada,wehrlein,94,WEH,Pascal,Wehrlein,German,sauber,Sauber,Swiss,20,15,15,0,68,+2 Laps,17,66,1:17.091,203.650
2017,7,Canadian Grand Prix,2017-06-11,Circuit Gilles Villeneuve,Canada,alonso,14,ALO,Fernando,Alonso,Spanish,mclaren,McLaren,British,12,16,16,0,66,Power Unit,4,63,1:15.853,206.974
2017,7,Canadian Grand Prix,2017-06-11,Circuit Gilles Villeneuve,Canada,kvyat,26,KVY,Daniil,Kvyat,Russian,toro_rosso,Toro Rosso,Italian,11,17,R,0,54,Power Unit,13,33,1:16.713,204.653
2017,7,Canadian Grand Prix,2017-06-11,Circuit Gilles Villeneuve,Canada,max_verstappen,33,VER,Max,Verstappen,Dutch,red_bull,Red Bull,Austrian,5,18,R,0,10,Electrical,18,9,1:17.187,203.396
2017,7,Canadian Grand Prix,2017-06-11,Circuit Gilles Villeneuve,Canada,massa,19,MAS,Felipe,Massa,Brazilian,williams,Williams,British,7,19,R,0,0,Collision,,,,
2017,7,Canadian Grand Prix,2017-06-11,Circuit Gilles Villeneuve,Canada,sainz,55,SAI,Carlos,Sainz,Spanish,toro_rosso,Toro Rosso,Italian,13,20,R,0,0,Collision,,,,
2017,8,Azerbaijan Grand Prix,2017-06-25,Baku City Circuit,Azerbaijan,ricciardo,3,RIC,Daniel,Ricciardo,Australian,red_bull,Red Bull,Austrian,10,1,1,25,51,Finished,4,46,1:44.882,206.048
2017,8,Azerbaijan Grand Prix,2017-06-25,Baku City Circuit,Azerbaijan,bottas,77,BOT,Valtteri,Bottas,Finnish,mercedes,Mercedes,German,2,2,2,18,51,Finished,3,51,1:43.925,207.946
2017,8,Azerbaijan Grand Prix,2017-06-25,Baku City Circuit,Azerbaijan,stroll,18,STR,Lance,Stroll,Canadian,williams,Williams,British,8,3,3,15,51,Finished,5,44,1:45.108,205.605
2017,8,Azerbaijan Grand Prix,2017-06-25,Baku City Circuit,Azerbaijan,vettel,5,VET,Sebastian,Vettel,German,ferrari,Ferrari,Italian,4,4,4,12,51,Finished,1,47,1:43.441,208.919
2017,8,Azerbaijan Grand Prix,2017-06-25,Baku City Circuit,Azerbaijan,hamilton,44,HAM,Lewis,Hamilton,British,mercedes,Mercedes,German,1,5,5,10,51,Finished,2,46,1:43.469,208.862
2017,8,Azerbaijan Grand Prix,2017-06-25,Baku City Circuit,Azerbaijan,ocon,31,OCO,Esteban,Ocon,French,force_india,Force India,Indian,7,6,6,8,51,Finished,9,39,1:45.634,204.581
2017,8,Azerbaijan Grand Prix,2017-06-25,Baku City Circuit,Azerbaijan,kevin_magnussen,20,MAG,Kevin,Magnussen,Danish,haas,Haas F1 Team,American,12,7,7,6,51,Finished,11,45,1:46.312,203.277
2017,8,Azerbaijan Grand Prix,2017-06-25,Baku City Circuit,Azerbaijan,sainz,55,SAI,Carlos,Sainz,Spanish,toro_rosso,Toro Rosso,Italian,15,8,8,4,51,Finished,10,46,1:45.866,204.133
2017,8,Azerbaijan Grand Prix,2017-06-25,Baku City Circuit,Azerbaijan,alonso,14,ALO,Fernando,Alonso,Spanish,mclaren,McLaren,British,19,9,9,2,51,Finished,6,49,1:45.168,205.488
2017,8,Azerbaijan Grand Prix,2017-06-25,Baku City Circuit,Azerbaijan,wehrlein,94,WEH,Pascal,Wehrlein,German,sauber,Sauber,Swiss,14,10,10,1,51,Finished,15,46,1:47.120,201.743
2017,8,Azerbaijan Grand Prix,2017-06-25,Baku City Circuit,Azerbaijan,ericsson,9,ERI,Marcus,Ericsson,Swedish,sauber,Sauber,Swiss,17,11,11,0,51,Finished,16,45,1:47.186,201.619
2017,8,Azerbaijan Grand Prix,2017-06-25,Baku City Circuit,Azerbaijan,vandoorne,2,VAN,Stoffel,Vandoorne,Belgian,mclaren,McLaren,British,18,12,12,0,51,Finished,13,45,1:46.648,202.636
2017,8,Azerbaijan Grand Prix,2017-06-25,Baku City Circuit,Azerbaijan,grosjean,8,GRO,Romain,Grosjean,French,haas,Haas F1 Team,American,16,13,13,0,50,+1 Lap,14,45,1:46.831,202.289
2017,8,Azerbaijan Grand Prix,2017-06-25,Baku City Circuit,Azerbaijan,raikkonen,7,RAI,Kimi,Räikkönen,Finnish,ferrari,Ferrari,Italian,3,14,14,0,46,Water pressure,7,44,1:45.542,204.760
2017,8,Azerbaijan Grand Prix,2017-06-25,Baku City Circuit,Azerbaijan,perez,11,PER,Sergio,Pérez,Mexican,force_india,Force India,Indian,6,15,R,0,39,Seat,8,37,1:45.588,204.670
2017,8,Azerbaijan Grand Prix,2017-06-25,Baku City Circuit,Azerbaijan,massa,19,MAS,Felipe,Massa,Brazilian,williams,Williams,British,9,16,R,0,25,Suspension,17,10,1:47.340,201.330
2017,8,Azerbaijan Grand Prix,2017-06-25,Baku City Circuit,Azerbaijan,hulkenberg,27,HUL,Nico,Hülkenberg,German,renault,Renault,French,13,17,R,0,24,Accident,19,9,1:48.536,199.111
2017,8,Azerbaijan Grand Prix,2017-06-25,Baku City Circuit,Azerbaijan,max_verstappen,33,VER,Max,Verstappen,Dutch,red_bull,Red Bull,Austrian,5,18,R,0,12,Oil pressure,12,10,1:46.398,203.112
2017,8,Azerbaijan Grand Prix,2017-06-25,Baku City Circuit,Azerbaijan,kvyat,26,KVY,Daniil,Kvyat,Russian,toro_rosso,Toro Rosso,Italian,11,19,R,0,9,Battery,18,9,1:48.394,199.372
2017,8,Azerbaijan Grand Prix,2017-06-25,Baku City Circuit,Azerbaijan,jolyon_palmer,30,PAL,Jolyon,Palmer,British,renault,Renault,French,20,20,R,0,7,Power Unit,20,5,1:51.673,193.518
2017,9,Austrian Grand Prix,2017-07-09,Red Bull Ring,Austria,bottas,77,BOT,Valtteri,Bottas,Finnish,mercedes,Mercedes,German,1,1,1,25,71,Finished,5,51,1:07.847,229.115
2017,9,Austrian Grand Prix,2017-07-09,Red Bull Ring,Austria,vettel,5,VET,Sebastian,Vettel,German,ferrari,Ferrari,Italian,2,2,2,18,71,Finished,4,69,1:07.496,230.306
2017,9,Austrian Grand Prix,2017-07-09,Red Bull Ring,Austria,ricciardo,3,RIC,Daniel,Ricciardo,Australian,red_bull,Red Bull,Austrian,4,3,3,15,71,Finished,2,69,1:07.442,230.491
2017,9,Austrian Grand Prix,2017-07-09,Red Bull Ring,Austria,hamilton,44,HAM,Lewis,Hamilton,British,mercedes,Mercedes,German,8,4,4,12,71,Finished,1,69,1:07.411,230.597
2017,9,Austrian Grand Prix,2017-07-09,Red Bull Ring,Austria,raikkonen,7,RAI,Kimi,Räikkönen,Finnish,ferrari,Ferrari,Italian,3,5,5,10,71,Finished,3,68,1:07.486,230.341
2017,9,Austrian Grand Prix,2017-07-09,Red Bull Ring,Austria,grosjean,8,GRO,Romain,Grosjean,French,haas,Haas F1 Team,American,6,6,6,8,71,Finished,10,65,1:08.590,226.633
2017,9,Austrian Grand Prix,2017-07-09,Red Bull Ring,Austria,perez,11,PER,Sergio,Pérez,Mexican,force_india,Force India,Indian,7,7,7,6,70,+1 Lap,9,58,1:08.470,227.030
2017,9,Austrian Grand Prix,2017-07-09,Red Bull Ring,Austria,ocon,31,OCO,Esteban,Ocon,French,force_india,Force India,Indian,9,8,8,4,70,+1 Lap,12,68,1:08.659,226.405
2017,9,Austrian Grand Prix,2017-07-09,Red Bull Ring,Austria,massa,19,MAS,Felipe,Massa,Brazilian,williams,Williams,British,17,9,9,2,70,+1 Lap,7,49,1:08.419,227.200
2017,9,Austrian Grand Prix,2017-07-09,Red Bull Ring,Austria,stroll,18,STR,Lance,Stroll,Canadian,williams,Williams,British,18,10,10,1,70,+1 Lap,13,67,1:08.777,226.017
2017,9,Austrian Grand Prix,2017-07-09,Red Bull Ring,Austria,jolyon_palmer,30,PAL,Jolyon,Palmer,British,renault,Renault,French,16,11,11,0,70,+1 Lap,11,64,1:08.652,226.428
2017,9,Austrian Grand Prix,2017-07-09,Red Bull Ring,Austria,vandoorne,2,VAN,Stoffel,Vandoorne,Belgian,mclaren,McLaren,British,13,12,12,0,70,+1 Lap,8,67,1:08.422,227.190
2017,9,Austrian Grand Prix,2017-07-09,Red Bull Ring,Austria,hulkenberg,27,HUL,Nico,Hülkenberg,German,renault,Renault,French,11,13,13,0,70,+1 Lap,14,64,1:09.043,225.146
2017,9,Austrian Grand Prix,2017-07-09,Red Bull Ring,Austria,wehrlein,94,WEH,Pascal,Wehrlein,German,sauber,Sauber,Swiss,20,14,14,0,70,+1 Lap,16,60,1:09.241,224.502
2017,9,Austrian Grand Prix,2017-07-09,Red Bull Ring,Austria,ericsson,9,ERI,Marcus,Ericsson,Swedish,sauber,Sauber,Swiss,19,15,15,0,69,+2 Laps,17,56,1:09.284,224.363
2017,9,Austrian Grand Prix,2017-07-09,Red Bull Ring,Austria,kvyat,26,KVY,Daniil,Kvyat,Russian,toro_rosso,Toro Rosso,Italian,14,16,16,0,68,+3 Laps,6,57,1:08.061,228.395
2017,9,Austrian Grand Prix,2017-07-09,Red Bull Ring,Austria,sainz,55,SAI,Carlos,Sainz,Spanish,toro_rosso,Toro Rosso,Italian,10,17,R,0,44,Engine,15,42,1:09.150,224.798
2017,9,Austrian Grand Prix,2017-07-09,Red Bull Ring,Austria,kevin_magnussen,20,MAG,Kevin,Magnussen,Danish,haas,Haas F1 Team,American,15,18,R,0,29,Hydraulics,18,23,1:10.402,220.800
2017,9,Austrian Grand Prix,2017-07-09,Red Bull Ring,Austria,alonso,14,ALO,Fernando,Alonso,Spanish,mclaren,McLaren,British,12,19,R,0,1,Collision damage,,,,
2017,9,Austrian Grand Prix,2017-07-09,Red Bull Ring,Austria,max_verstappen,33,VER,Max,Verstappen,Dutch,red_bull,Red Bull,Austrian,5,20,R,0,0,Collision damage,,,,
2017,10,British Grand Prix,2017-07-16,Silverstone Circuit,UK,hamilton,44,HAM,Lewis,Hamilton,British,mercedes,Mercedes,German,1,1,1,25,51,Finished,1,48,1:30.621,234.025
2017,10,British Grand Prix,2017-07-16,Silverstone Circuit,UK,bottas,77,BOT,Valtteri,Bottas,Finnish,mercedes,Mercedes,German,9,2,2,18,51,Finished,3,46,1:30.905,233.294
2017,10,British Grand Prix,2017-07-16,Silverstone Circuit,UK,raikkonen,7,RAI,Kimi,Räikkönen,Finnish,ferrari,Ferrari,Italian,2,3,3,15,51,Finished,4,44,1:31.517,231.733
2017,10,British Grand Prix,2017-07-16,Silverstone Circuit,UK,max_verstappen,33,VER,Max,Verstappen,Dutch,red_bull,Red Bull,Austrian,4,4,4,12,51,Finished,2,51,1:30.678,233.878
2017,10,British Grand Prix,2017-07-16,Silverstone Circuit,UK,ricciardo,3,RIC,Daniel,Ricciardo,Australian,red_bull,Red Bull,Austrian,19,5,5,10,51,Finished,6,47,1:31.874,230.833
2017,10,British Grand Prix,2017-07-16,Silverstone Circuit,UK,hulkenberg,27,HUL,Nico,Hülkenberg,German,renault,Renault,French,5,6,6,8,51,Finished,8,43,1:32.577,229.080
2017,10,British Grand Prix,2017-07-16,Silverstone Circuit,UK,vettel,5,VET,Sebastian,Vettel,German,ferrari,Ferrari,Italian,3,7,7,6,51,Finished,5,38,1:31.872,230.838
2017,10,British Grand Prix,2017-07-16,Silverstone Circuit,UK,ocon,31,OCO,Esteban,Ocon,French,force_india,Force India,Indian,7,8,8,4,50,+1 Lap,15,39,1:33.521,226.768
2017,10,British Grand Prix,2017-07-16,Silverstone Circuit,UK,perez,11,PER,Sergio,Pérez,Mexican,force_india,Force India,Indian,6,9,9,2,50,+1 Lap,14,42,1:33.504,226.809
2017,10,British Grand Prix,2017-07-16,Silverstone Circuit,UK,massa,19,MAS,Felipe,Massa,Brazilian,williams,Williams,British,14,10,10,1,50,+1 Lap,16,39,1:33.562,226.668
2017,10,British Grand Prix,2017-07-16,Silverstone Circuit,UK,vandoorne,2,VAN,Stoffel,Vandoorne,Belgian,mclaren,McLaren,British,8,11,11,0,50,+1 Lap,13,43,1:33.464,226.906
2017,10,British Grand Prix,2017-07-16,Silverstone Circuit,UK,kevin_magnussen,20,MAG,Kevin,Magnussen,Danish,haas,Haas F1 Team,American,16,12,12,0,50,+1 Lap,9,41,1:32.683,228.818
2017,10,British Grand Prix,2017-07-16,Silverstone Circuit,UK,grosjean,8,GRO,Romain,Grosjean,French,haas,Haas F1 Team,American,10,13,13,0,50,+1 Lap,7,45,1:32.290,229.793
2017,10,British Grand Prix,2017-07-16,Silverstone Circuit,UK,ericsson,9,ERI,Marcus,Ericsson,Swedish,sauber,Sauber,Swiss,18,14,14,0,50,+1 Lap,10,30,1:33.119,227.747
2017,10,British Grand Prix,2017-07-16,Silverstone Circuit,UK,kvyat,26,KVY,Daniil,Kvyat,Russian,toro_rosso,Toro Rosso,Italian,12,15,15,0,50,+1 Lap,17,29,1:33.594,226.591
2017,10,British Grand Prix,2017-07-16,Silverstone Circuit,UK,stroll,18,STR,Lance,Stroll,Canadian,williams,Williams,British,15,16,16,0,50,+1 Lap,12,44,1:33.400,227.062
2017,10,British Grand Prix,2017-07-16,Silverstone Circuit,UK,wehrlein,94,WEH,Pascal,Wehrlein,German,sauber,Sauber,Swiss,17,17,17,0,50,+1 Lap,11,34,1:33.342,227.203
2017,10,British Grand Prix,2017-07-16,Silverstone Circuit,UK,alonso,14,ALO,Fernando,Alonso,Spanish,mclaren,McLaren,British,20,18,R,0,32,Power Unit,18,22,1:34.263,224.983
2017,10,British Grand Prix,2017-07-16,Silverstone Circuit,UK,sainz,55,SAI,Carlos,Sainz,Spanish,toro_rosso,Toro Rosso,Italian,13,19,R,0,0,Collision damage,,,,
2017,10,British Grand Prix,2017-07-16,Silverstone Circuit,UK,jolyon_palmer,30,PAL,Jolyon,Palmer,British,renault,Renault,French,11,20,R,0,0,Hydraulics,,,,
2017,11,Hungarian Grand Prix,2017-07-30,Hungaroring,Hungary,vettel,5,VET,Sebastian,Vettel,German,ferrari,Ferrari,Italian,1,1,1,25,70,Finished,4,69,1:20.807,195.176
2017,11,Hungarian Grand Prix,2017-07-30,Hungaroring,Hungary,raikkonen,7,RAI,Kimi,Räikkönen,Finnish,ferrari,Ferrari,Italian,2,2,2,18,70,Finished,2,70,1:20.461,196.015
2017,11,Hungarian Grand Prix,2017-07-30,Hungaroring,Hungary,bottas,77,BOT,Valtteri,Bottas,Finnish,mercedes,Mercedes,German,3,3,3,15,70,Finished,6,68,1:21.214,194.198
2017,11,Hungarian Grand Prix,2017-07-30,Hungaroring,Hungary,hamilton,44,HAM,Lewis,Hamilton,British,mercedes,Mercedes,German,4,4,4,12,70,Finished,5,66,1:20.818,195.149
2017,11,Hungarian Grand Prix,2017-07-30,Hungaroring,Hungary,max_verstappen,33,VER,Max,Verstappen,Dutch,red_bull,Red Bull,Austrian,5,5,5,10,70,Finished,3,44,1:20.490,195.944
2017,11,Hungarian Grand Prix,2017-07-30,Hungaroring,Hungary,alonso,14,ALO,Fernando,Alonso,Spanish,mclaren,McLaren,British,7,6,6,8,70,Finished,1,69,1:20.182,196.697
2017,11,Hungarian Grand Prix,2017-07-30,Hungaroring,Hungary,sainz,55,SAI,Carlos,Sainz,Spanish,toro_rosso,Toro Rosso,Italian,9,7,7,6,69,+1 Lap,11,67,1:21.871,192.639
2017,11,Hungarian Grand Prix,2017-07-30,Hungaroring,Hungary,perez,11,PER,Sergio,Pérez,Mexican,force_india,Force India,Indian,13,8,8,4,69,+1 Lap,14,68,1:22.105,192.090
2017,11,Hungarian Grand Prix,2017-07-30,Hungaroring,Hungary,ocon,31,OCO,Esteban,Ocon,French,force_india,Force India,Indian,11,9,9,2,69,+1 Lap,15,60,1:22.431,191.330
2017,11,Hungarian Grand Prix,2017-07-30,Hungaroring,Hungary,vandoorne,2,VAN,Stoffel,Vandoorne,Belgian,mclaren,McLaren,British,8,10,10,1,69,+1 Lap,12,44,1:21.960,192.430
2017,11,Hungarian Grand Prix,2017-07-30,Hungaroring,Hungary,kvyat,26,KVY,Daniil,Kvyat,Russian,toro_rosso,Toro Rosso,Italian,16,11,11,0,69,+1 Lap,9,42,1:21.631,193.206
2017,11,Hungarian Grand Prix,2017-07-30,Hungaroring,Hungary,jolyon_palmer,30,PAL,Jolyon,Palmer,British,renault,Renault,French,10,12,12,0,69,+1 Lap,7,68,1:21.589,193.305
2017,11,Hungarian Grand Prix,2017-07-30,Hungaroring,Hungary,kevin_magnussen,20,MAG,Kevin,Magnussen,Danish,haas,Haas F1 Team,American,15,13,13,0,69,+1 Lap,13,67,1:22.100,192.102
2017,11,Hungarian Grand Prix,2017-07-30,Hungaroring,Hungary,stroll,18,STR,Lance,Stroll,Canadian,williams,Williams,British,17,14,14,0,69,+1 Lap,16,53,1:22.830,190.409
2017,11,Hungarian Grand Prix,2017-07-30,Hungaroring,Hungary,wehrlein,94,WEH,Pascal,Wehrlein,German,sauber,Sauber,Swiss,18,15,15,0,68,+2 Laps,18,50,1:23.573,188.716
2017,11,Hungarian Grand Prix,2017-07-30,Hungaroring,Hungary,ericsson,9,ERI,Marcus,Ericsson,Swedish,sauber,Sauber,Swiss,20,16,16,0,68,+2 Laps,10,66,1:21.752,192.920
2017,11,Hungarian Grand Prix,2017-07-30,Hungaroring,Hungary,hulkenberg,27,HUL,Nico,Hülkenberg,German,renault,Renault,French,12,17,17,0,67,Brakes,8,61,1:21.611,193.253
2017,11,Hungarian Grand Prix,2017-07-30,Hungaroring,Hungary,resta,40,DIR,Paul,di Resta,British,williams,Williams,British,19,18,R,0,60,Oil leak,17,49,1:23.242,189.466
2017,11,Hungarian Grand Prix,2017-07-30,Hungaroring,Hungary,grosjean,8,GRO,Romain,Grosjean,French,haas,Haas F1 Team,American,14,19,R,0,20,Wheel nut,19,19,1:24.702,186.201
2017,11,Hungarian Grand Prix,2017-07-30,Hungaroring,Hungary,ricciardo,3,RIC,Daniel,Ricciardo,Australian,red_bull,Red Bull,Austrian,6,20,R,0,0,Collision,,,,
2017,12,Belgian Grand Prix,2017-08-27,Circuit de Spa-Francorchamps,Belgium,hamilton,44,HAM,Lewis,Hamilton,British,mercedes,Mercedes,German,1,1,1,25,44,Finished,2,35,1:46.603,236.526
2017,12,Belgian Grand Prix,2017-08-27,Circuit de Spa-Francorchamps,Belgium,vettel,5,VET,Sebastian,Vettel,German,ferrari,Ferrari,Italian,2,2,2,18,44,Finished,1,41,1:46.577,236.583
2017,12,Belgian Grand Prix,2017-08-27,Circuit de Spa-Francorchamps,Belgium,ricciardo,3,RIC,Daniel,Ricciardo,Australian,red_bull,Red Bull,Austrian,6,3,3,15,44,Finished,3,44,1:47.549,234.445
2017,12,Belgian Grand Prix,2017-08-27,Circuit de Spa-Francorchamps,Belgium,raikkonen,7,RAI,Kimi,Räikkönen,Finnish,ferrari,Ferrari,Italian,4,4,4,12,44,Finished,5,36,1:47.730,234.051
2017,12,Belgian Grand Prix,2017-08-27,Circuit de Spa-Francorchamps,Belgium,bottas,77,BOT,Valtteri,Bottas,Finnish,mercedes,Mercedes,German,3,5,5,10,44,Finished,4,37,1:47.721,234.071
2017,12,Belgian Grand Prix,2017-08-27,Circuit de Spa-Francorchamps,Belgium,hulkenberg,27,HUL,Nico,Hülkenberg,German,renault,Renault,French,7,6,6,8,44,Finished,7,39,1:48.922,231.490
2017,12,Belgian Grand Prix,2017-08-27,Circuit de Spa-Francorchamps,Belgium,grosjean,8,GRO,Romain,Grosjean,French,haas,Haas F1 Team,American,11,7,7,6,44,Finished,8,37,1:49.087,231.140
2017,12,Belgian Grand Prix,2017-08-27,Circuit de Spa-Francorchamps,Belgium,massa,19,MAS,Felipe,Massa,Brazilian,williams,Williams,British,16,8,8,4,44,Finished,11,37,1:49.637,229.980
2017,12,Belgian Grand Prix,2017-08-27,Circuit de Spa-Francorchamps,Belgium,ocon,31,OCO,Esteban,Ocon,French,force_india,Force India,Indian,9,9,9,2,44,Finished,14,37,1:49.721,229.804
2017,12,Belgian Grand Prix,2017-08-27,Circuit de Spa-Francorchamps,Belgium,sainz,55,SAI,Carlos,Sainz,Spanish,toro_rosso,Toro Rosso,Italian,13,10,10,1,44,Finished,13,39,1:49.709,229.829
2017,12,Belgian Grand Prix,2017-08-27,Circuit de Spa-Francorchamps,Belgium,stroll,18,STR,Lance,Stroll,Canadian,williams,Williams,British,15,11,11,0,44,Finished,16,41,1:50.543,228.095
2017,12,Belgian Grand Prix,2017-08-27,Circuit de Spa-Francorchamps,Belgium,kvyat,26,KVY,Daniil,Kvyat,Russian,toro_rosso,Toro Rosso,Italian,19,12,12,0,44,Finished,12,39,1:49.708,229.831
2017,12,Belgian Grand Prix,2017-08-27,Circuit de Spa-Francorchamps,Belgium,jolyon_palmer,30,PAL,Jolyon,Palmer,British,renault,Renault,French,14,13,13,0,44,Finished,10,44,1:49.283,230.725
2017,12,Belgian Grand Prix,2017-08-27,Circuit de Spa-Francorchamps,Belgium,vandoorne,2,VAN,Stoffel,Vandoorne,Belgian,mclaren,McLaren,British,20,14,14,0,44,Finished,15,44,1:49.907,229.415
2017,12,Belgian Grand Prix,2017-08-27,Circuit de Spa-Francorchamps,Belgium,kevin_magnussen,20,MAG,Kevin,Magnussen,Danish,haas,Haas F1 Team,American,12,15,15,0,44,Finished,9,36,1:49.126,231.057
2017,12,Belgian Grand Prix,2017-08-27,Circuit de Spa-Francorchamps,Belgium,ericsson,9,ERI,Marcus,Ericsson,Swedish,sauber,Sauber,Swiss,17,16,16,0,44,Finished,17,25,1:50.775,227.618
2017,12,Belgian Grand Prix,2017-08-27,Circuit de Spa-Francorchamps,Belgium,perez,11,PER,Sergio,Pérez,Mexican,force_india,Force India,Indian,8,17,17,0,42,Gearbox,6,27,1:48.300,232.819
2017,12,Belgian Grand Prix,2017-08-27,Circuit de Spa-Francorchamps,Belgium,alonso,14,ALO,Fernando,Alonso,Spanish,mclaren,McLaren,British,10,18,R,0,25,Engine,19,12,1:51.720,225.692
2017,12,Belgian Grand Prix,2017-08-27,Circuit de Spa-Francorchamps,Belgium,max_verstappen,33,VER,Max,Verstappen,Dutch,red_bull,Red Bull,Austrian,5,19,R,0,7,Engine,18,5,1:51.022,227.111
2017,12,Belgian Grand Prix,2017-08-27,Circuit de Spa-Francorchamps,Belgium,wehrlein,94,WEH,Pascal,Wehrlein,German,sauber,Sauber,Swiss,18,20,R,0,2,Collision,,,,
2017,13,Italian Grand Prix,2017-09-03,Autodromo Nazionale di Monza,Italy,hamilton,44,HAM,Lewis,Hamilton,British,mercedes,Mercedes,German,1,1,1,25,53,Finished,2,50,1:23.488,249.793
2017,13,Italian Grand Prix,2017-09-03,Autodromo Nazionale di Monza,Italy,bottas,77,BOT,Valtteri,Bottas,Finnish,mercedes,Mercedes,German,4,2,2,18,53,Finished,3,53,1:23.488,249.095
2017,13,Italian Grand Prix,2017-09-03,Autodromo Nazionale di Monza,Italy,vettel,5,VET,Sebastian,Vettel,German,ferrari,Ferrari,Italian,6,3,3,15,53,Finished,4,51,1:23.897,248.576
2017,13,Italian Grand Prix,2017-09-03,Autodromo Nazionale di Monza,Italy,ricciardo,3,RIC,Daniel,Ricciardo,Australian,red_bull,Red Bull,Austrian,16,4,4,12,53,Finished,1,49,1:23.361,250.174
2017,13,Italian Grand Prix,2017-09-03,Autodromo Nazionale di Monza,Italy,raikkonen,7,RAI,Kimi,Räikkönen,Finnish,ferrari,Ferrari,Italian,5,5,5,10,53,Finished,8,43,1:25.054,245.194
2017,13,Italian Grand Prix,2017-09-03,Autodromo Nazionale di Monza,Italy,ocon,31,OCO,Esteban,Ocon,French,force_india,Force India,Indian,3,6,6,8,53,Finished,11,53,1:25.054,243.482
2017,13,Italian Grand Prix,2017-09-03,Autodromo Nazionale di Monza,Italy,stroll,18,STR,Lance,Stroll,Canadian,williams,Williams,British,2,7,7,6,53,Finished,10,51,1:25.625,243.559
2017,13,Italian Grand Prix,2017-09-03,Autodromo Nazionale di Monza,Italy,massa,19,MAS,Felipe,Massa,Brazilian,williams,Williams,British,7,8,8,4,53,Finished,9,30,1:25.477,243.981
2017,13,Italian Grand Prix,2017-09-03,Autodromo Nazionale di Monza,Italy,perez,11,PER,Sergio,Pérez,Mexican,force_india,Force India,Indian,10,9,9,2,53,Finished,6,48,1:24.968,245.442
2017,13,Italian Grand Prix,2017-09-03,Autodromo Nazionale di Monza,Italy,max_verstappen,33,VER,Max,Verstappen,Dutch,red_bull,Red Bull,Austrian,13,10,10,1,52,+1 Lap,5,48,1:24.351,247.238
2017,13,Italian Grand Prix,2017-09-03,Autodromo Nazionale di Monza,Italy,kevin_magnussen,20,MAG,Kevin,Magnussen,Danish,haas,Haas F1 Team,American,9,11,11,0,52,+1 Lap,15,48,1:26.037,242.393
2017,13,Italian Grand Prix,2017-09-03,Autodromo Nazionale di Monza,Italy,kvyat,26,KVY,Daniil,Kvyat,Russian,toro_rosso,Toro Rosso,Italian,8,12,12,0,52,+1 Lap,14,43,1:25.894,242.796
2017,13,Italian Grand Prix,2017-09-03,Autodromo Nazionale di Monza,Italy,hulkenberg,27,HUL,Nico,Hülkenberg,German,renault,Renault,French,14,13,13,0,52,+1 Lap,16,46,1:26.131,242.128
2017,13,Italian Grand Prix,2017-09-03,Autodromo Nazionale di Monza,Italy,sainz,55,SAI,Carlos,Sainz,Spanish,toro_rosso,Toro Rosso,Italian,15,14,14,0,52,+1 Lap,17,46,1:26.210,241.906
2017,13,Italian Grand Prix,2017-09-03,Autodromo Nazionale di Monza,Italy,grosjean,8,GRO,Romain,Grosjean,French,haas,Haas F1 Team,American,20,15,15,0,52,+1 Lap,7,48,1:25.020,245.292
2017,13,Italian Grand Prix,2017-09-03,Autodromo Nazionale di Monza,Italy,wehrlein,94,WEH,Pascal,Wehrlein,German,sauber,Sauber,Swiss,12,16,16,0,51,+2 Laps,18,47,1:26.547,240.965
2017,13,Italian Grand Prix,2017-09-03,Autodromo Nazionale di Monza,Italy,alonso,14,ALO,Fernando,Alonso,Spanish,mclaren,McLaren,British,19,17,17,0,50,Gearbox,13,44,1:25.871,242.861
2017,13,Italian Grand Prix,2017-09-03,Autodromo Nazionale di Monza,Italy,ericsson,9,ERI,Marcus,Ericsson,Swedish,sauber,Sauber,Swiss,11,18,18,0,49,Gearbox,20,20,1:27.663,237.897
2017,13,Italian Grand Prix,2017-09-03,Autodromo Nazionale di Monza,Italy,vandoorne,2,VAN,Stoffel,Vandoorne,Belgian,mclaren,McLaren,British,18,19,R,0,33,Engine,19,30,1:26.912,239.953
2017,13,Italian Grand Prix,2017-09-03,Autodromo Nazionale di Monza,Italy,jolyon_palmer,30,PAL,Jolyon,Palmer,British,renault,Renault,French,17,20,R,0,29,Engine,12,27,1:25.752,243.198
2017,14,Singapore Grand Prix,2017-09-17,Marina Bay Street Circuit,Singapore,hamilton,44,HAM,Lewis,Hamilton,British,mercedes,Mercedes,German,5,1,1,25,58,Finished,1,55,1:45.008,173.643
2017,14,Singapore Grand Prix,2017-09-17,Marina Bay Street Circuit,Singapore,ricciardo,3,RIC,Daniel,Ricciardo,Australian,red_bull,Red Bull,Austrian,3,2,2,18,58,Finished,2,57,1:45.301,173.160
2017,14,Singapore Grand Prix,2017-09-17,Marina Bay Street Circuit,Singapore,bottas,77,BOT,Valtteri,Bottas,Finnish,mercedes,Mercedes,German,6,3,3,15,58,Finished,3,54,1:45.405,172.989
2017,14,Singapore Grand Prix,2017-09-17,Marina Bay Street Circuit,Singapore,sainz,55,SAI,Carlos,Sainz,Spanish,toro_rosso,Toro Rosso,Italian,10,4,4,12,58,Finished,4,52,1:46.537,171.151
2017,14,Singapore Grand Prix,2017-09-17,Marina Bay Street Circuit,Singapore,perez,11,PER,Sergio,Pérez,Mexican,force_india,Force India,Indian,12,5,5,10,58,Finished,7,52,1:46.731,170.840
2017,14,Singapore Grand Prix,2017-09-17,Marina Bay Street Circuit,Singapore,jolyon_palmer,30,PAL,Jolyon,Palmer,British,renault,Renault,French,11,6,6,8,58,Finished,5,52,1:46.722,170.855
2017,14,Singapore Grand Prix,2017-09-17,Marina Bay Street Circuit,Singapore,vandoorne,2,VAN,Stoffel,Vandoorne,Belgian,mclaren,McLaren,British,9,7,7,6,58,Finished,6,57,1:46.722,170.855
2017,14,Singapore Grand Prix,2017-09-17,Marina Bay Street Circuit,Singapore,stroll,18,STR,Lance,Stroll,Canadian,williams,Williams,British,18,8,8,4,58,Finished,9,55,1:47.512,169.599
2017,14,Singapore Grand Prix,2017-09-17,Marina Bay Street Circuit,Singapore,grosjean,8,GRO,Romain,Grosjean,French,haas,Haas F1 Team,American,15,9,9,2,58,Finished,11,54,1:47.637,169.402
2017,14,Singapore Grand Prix,2017-09-17,Marina Bay Street Circuit,Singapore,ocon,31,OCO,Esteban,Ocon,French,force_india,Force India,Indian,14,10,10,1,58,Finished,12,52,1:47.677,169.339
2017,14,Singapore Grand Prix,2017-09-17,Marina Bay Street Circuit,Singapore,massa,19,MAS,Felipe,Massa,Brazilian,williams,Williams,British,17,11,11,0,58,Finished,8,58,1:47.055,170.323
2017,14,Singapore Grand Prix,2017-09-17,Marina Bay Street Circuit,Singapore,wehrlein,94,WEH,Pascal,Wehrlein,German,sauber,Sauber,Swiss,19,12,12,0,56,+2 Laps,14,56,1:49.061,167.190
2017,14,Singapore Grand Prix,2017-09-17,Marina Bay Street Circuit,Singapore,kevin_magnussen,20,MAG,Kevin,Magnussen,Danish,haas,Haas F1 Team,American,16,13,R,0,50,Engine,10,44,1:47.585,169.484
2017,14,Singapore Grand Prix,2017-09-17,Marina Bay Street Circuit,Singapore,hulkenberg,27,HUL,Nico,Hülkenberg,German,renault,Renault,French,7,14,R,0,48,Engine,13,37,1:48.011,168.816
2017,14,Singapore Grand Prix,2017-09-17,Marina Bay Street Circuit,Singapore,ericsson,9,ERI,Marcus,Ericsson,Swedish,sauber,Sauber,Swiss,20,15,R,0,35,Accident,15,35,1:52.496,162.085
2017,14,Singapore Grand Prix,2017-09-17,Marina Bay Street Circuit,Singapore,kvyat,26,KVY,Daniil,Kvyat,Russian,toro_rosso,Toro Rosso,Italian,13,16,R,0,10,Accident,16,10,2:10.512,139.711
2017,14,Singapore Grand Prix,2017-09-17,Marina Bay Street Circuit,Singapore,alonso,14,ALO,Fernando,Alonso,Spanish,mclaren,McLaren,British,8,17,R,0,8,Collision damage,17,6,2:13.579,136.503
2017,14,Singapore Grand Prix,2017-09-17,Marina Bay Street Circuit,Singapore,vettel,5,VET,Sebastian,Vettel,German,ferrari,Ferrari,Italian,1,18,R,0,0,Accident,,,,
2017,14,Singapore Grand Prix,2017-09-17,Marina Bay Street Circuit,Singapore,max_verstappen,33,VER,Max,Verstappen,Dutch,red_bull,Red Bull,Austrian,2,19,R,0,0,Accident,,,,
2017,14,Singapore Grand Prix,2017-09-17,Marina Bay Street Circuit,Singapore,raikkonen,7,RAI,Kimi,Räikkönen,Finnish,ferrari,Ferrari,Italian,4,20,R,0,0,Accident,,,,
2017,15,Malaysian Grand Prix,2017-10-01,Sepang International Circuit,Malaysia,max_verstappen,33,VER,Max,Verstappen,Dutch,red_bull,Red Bull,Austrian,3,1,1,25,56,Finished,4,50,1:34.467,211.235
2017,15,Malaysian Grand Prix,2017-10-01,Sepang International Circuit,Malaysia,hamilton,44,HAM,Lewis,Hamilton,British,mercedes,Mercedes,German,1,2,2,18,56,Finished,3,48,1:34.452,211.269
2017,15,Malaysian Grand Prix,2017-10-01,Sepang International Circuit,Malaysia,ricciardo,3,RIC,Daniel,Ricciardo,Australian,red_bull,Red Bull,Austrian,4,3,3,15,56,Finished,5,55,1:34.770,210.560
2017,15,Malaysian Grand Prix,2017-10-01,Sepang International Circuit,Malaysia,vettel,5,VET,Sebastian,Vettel,German,ferrari,Ferrari,Italian,20,4,4,12,56,Finished,1,41,1:34.080,212.104
2017,15,Malaysian Grand Prix,2017-10-01,Sepang International Circuit,Malaysia,bottas,77,BOT,Valtteri,Bottas,Finnish,mercedes,Mercedes,German,5,5,5,10,56,Finished,6,44,1:35.284,209.424
2017,15,Malaysian Grand Prix,2017-10-01,Sepang International Circuit,Malaysia,perez,11,PER,Sergio,Pérez,Mexican,force_india,Force India,Indian,9,6,6,8,56,Finished,7,32,1:35.591,208.751
2017,15,Malaysian Grand Prix,2017-10-01,Sepang International Circuit,Malaysia,vandoorne,2,VAN,Stoffel,Vandoorne,Belgian,mclaren,McLaren,British,7,7,7,6,55,+1 Lap,9,49,1:35.931,208.012
2017,15,Malaysian Grand Prix,2017-10-01,Sepang International Circuit,Malaysia,stroll,18,STR,Lance,Stroll,Canadian,williams,Williams,British,13,8,8,4,55,+1 Lap,12,46,1:36.627,206.513
2017,15,Malaysian Grand Prix,2017-10-01,Sepang International Circuit,Malaysia,massa,19,MAS,Felipe,Massa,Brazilian,williams,Williams,British,11,9,9,2,55,+1 Lap,14,44,1:36.944,205.838
2017,15,Malaysian Grand Prix,2017-10-01,Sepang International Circuit,Malaysia,ocon,31,OCO,Esteban,Ocon,French,force_india,Force India,Indian,6,10,10,1,55,+1 Lap,15,36,1:37.075,205.560
2017,15,Malaysian Grand Prix,2017-10-01,Sepang International Circuit,Malaysia,alonso,14,ALO,Fernando,Alonso,Spanish,mclaren,McLaren,British,10,11,11,0,55,+1 Lap,11,11,1:36.501,206.783
2017,15,Malaysian Grand Prix,2017-10-01,Sepang International Circuit,Malaysia,kevin_magnussen,20,MAG,Kevin,Magnussen,Danish,haas,Haas F1 Team,American,17,12,12,0,55,+1 Lap,18,46,1:37.192,205.313
2017,15,Malaysian Grand Prix,2017-10-01,Sepang International Circuit,Malaysia,grosjean,8,GRO,Romain,Grosjean,French,haas,Haas F1 Team,American,16,13,13,0,55,+1 Lap,8,49,1:35.796,208.305
2017,15,Malaysian Grand Prix,2017-10-01,Sepang International Circuit,Malaysia,gasly,10,GAS,Pierre,Gasly,French,toro_rosso,Toro Rosso,Italian,15,14,14,0,55,+1 Lap,16,45,1:37.170,205.359
2017,15,Malaysian Grand Prix,2017-10-01,Sepang International Circuit,Malaysia,jolyon_palmer,30,PAL,Jolyon,Palmer,British,renault,Renault,French,12,15,15,0,55,+1 Lap,17,45,1:37.186,205.325
2017,15,Malaysian Grand Prix,2017-10-01,Sepang International Circuit,Malaysia,hulkenberg,27,HUL,Nico,Hülkenberg,German,renault,Renault,French,8,16,16,0,55,+1 Lap,2,52,1:34.266,211.686
2017,15,Malaysian Grand Prix,2017-10-01,Sepang International Circuit,Malaysia,wehrlein,94,WEH,Pascal,Wehrlein,German,sauber,Sauber,Swiss,18,17,17,0,55,+1 Lap,10,53,1:36.395,207.010
2017,15,Malaysian Grand Prix,2017-10-01,Sepang International Circuit,Malaysia,ericsson,9,ERI,Marcus,Ericsson,Swedish,sauber,Sauber,Swiss,19,18,18,0,54,+2 Laps,13,54,1:36.630,206.507
2017,15,Malaysian Grand Prix,2017-10-01,Sepang International Circuit,Malaysia,sainz,55,SAI,Carlos,Sainz,Spanish,toro_rosso,Toro Rosso,Italian,14,19,R,0,29,Engine,19,27,1:38.123,203.365
2017,15,Malaysian Grand Prix,2017-10-01,Sepang International Circuit,Malaysia,raikkonen,7,RAI,Kimi,Räikkönen,Finnish,ferrari,Ferrari,Italian,0,20,R,0,0,Battery,,,,
2017,16,Japanese Grand Prix,2017-10-08,Suzuka Circuit,Japan,hamilton,44,HAM,Lewis,Hamilton,British,mercedes,Mercedes,German,1,1,1,25,53,Finished,6,43,1:33.780,222.917
2017,16,Japanese Grand Prix,2017-10-08,Suzuka Circuit,Japan,max_verstappen,33,VER,Max,Verstappen,Dutch,red_bull,Red Bull,Austrian,4,2,2,18,53,Finished,5,51,1:33.730,223.036
2017,16,Japanese Grand Prix,2017-10-08,Suzuka Circuit,Japan,ricciardo,3,RIC,Daniel,Ricciardo,Australian,red_bull,Red Bull,Austrian,3,3,3,15,53,Finished,3,52,1:33.694,223.122
2017,16,Japanese Grand Prix,2017-10-08,Suzuka Circuit,Japan,bottas,77,BOT,Valtteri,Bottas,Finnish,mercedes,Mercedes,German,6,4,4,12,53,Finished,1,50,1:33.144,224.439
2017,16,Japanese Grand Prix,2017-10-08,Suzuka Circuit,Japan,raikkonen,7,RAI,Kimi,Räikkönen,Finnish,ferrari,Ferrari,Italian,10,5,5,10,53,Finished,2,50,1:33.175,224.364
2017,16,Japanese Grand Prix,2017-10-08,Suzuka Circuit,Japan,ocon,31,OCO,Esteban,Ocon,French,force_india,Force India,Indian,5,6,6,8,53,Finished,11,50,1:34.843,220.419
2017,16,Japanese Grand Prix,2017-10-08,Suzuka Circuit,Japan,perez,11,PER,Sergio,Pérez,Mexican,force_india,Force India,Indian,7,7,7,6,53,Finished,10,23,1:34.744,220.649
2017,16,Japanese Grand Prix,2017-10-08,Suzuka Circuit,Japan,kevin_magnussen,20,MAG,Kevin,Magnussen,Danish,haas,Haas F1 Team,American,12,8,8,4,53,Finished,13,50,1:35.338,219.274
2017,16,Japanese Grand Prix,2017-10-08,Suzuka Circuit,Japan,grosjean,8,GRO,Romain,Grosjean,French,haas,Haas F1 Team,American,13,9,9,2,53,Finished,14,50,1:35.347,219.253
2017,16,Japanese Grand Prix,2017-10-08,Suzuka Circuit,Japan,massa,19,MAS,Felipe,Massa,Brazilian,williams,Williams,British,8,10,10,1,52,+1 Lap,16,50,1:35.943,217.891
2017,16,Japanese Grand Prix,2017-10-08,Suzuka Circuit,Japan,alonso,14,ALO,Fernando,Alonso,Spanish,mclaren,McLaren,British,20,11,11,0,52,+1 Lap,12,45,1:35.111,219.797
2017,16,Japanese Grand Prix,2017-10-08,Suzuka Circuit,Japan,jolyon_palmer,30,PAL,Jolyon,Palmer,British,renault,Renault,French,18,12,12,0,52,+1 Lap,7,50,1:34.095,222.171
2017,16,Japanese Grand Prix,2017-10-08,Suzuka Circuit,Japan,gasly,10,GAS,Pierre,Gasly,French,toro_rosso,Toro Rosso,Italian,14,13,13,0,52,+1 Lap,8,45,1:34.533,221.141
2017,16,Japanese Grand Prix,2017-10-08,Suzuka Circuit,Japan,vandoorne,2,VAN,Stoffel,Vandoorne,Belgian,mclaren,McLaren,British,9,14,14,0,52,+1 Lap,4,49,1:33.724,223.050
2017,16,Japanese Grand Prix,2017-10-08,Suzuka Circuit,Japan,wehrlein,94,WEH,Pascal,Wehrlein,German,sauber,Sauber,Swiss,17,15,15,0,51,+2 Laps,17,27,1:36.430,216.791
2017,16,Japanese Grand Prix,2017-10-08,Suzuka Circuit,Japan,stroll,18,STR,Lance,Stroll,Canadian,williams,Williams,British,15,16,R,0,45,Wheel,9,37,1:34.548,221.106
2017,16,Japanese Grand Prix,2017-10-08,Suzuka Circuit,Japan,hulkenberg,27,HUL,Nico,Hülkenberg,German,renault,Renault,French,11,17,R,0,40,Front wing,15,28,1:35.883,218.028
2017,16,Japanese Grand Prix,2017-10-08,Suzuka Circuit,Japan,ericsson,9,ERI,Marcus,Ericsson,Swedish,sauber,Sauber,Swiss,16,18,R,0,7,Accident,18,7,1:38.596,212.028
2017,16,Japanese Grand Prix,2017-10-08,Suzuka Circuit,Japan,vettel,5,VET,Sebastian,Vettel,German,ferrari,Ferrari,Italian,2,19,R,0,4,Spark plugs,19,2,2:06.457,165.314
2017,16,Japanese Grand Prix,2017-10-08,Suzuka Circuit,Japan,sainz,55,SAI,Carlos,Sainz,Spanish,toro_rosso,Toro Rosso,Italian,19,20,R,0,0,Accident,,,,
2017,17,United States Grand Prix,2017-10-22,Circuit of the Americas,USA,hamilton,44,HAM,Lewis,Hamilton,British,mercedes,Mercedes,German,1,1,1,25,56,Finished,5,48,1:38.776,200.927
2017,17,United States Grand Prix,2017-10-22,Circuit of the Americas,USA,vettel,5,VET,Sebastian,Vettel,German,ferrari,Ferrari,Italian,2,2,2,18,56,Finished,1,51,1:37.766,203.003
2017,17,United States Grand Prix,2017-10-22,Circuit of the Americas,USA,raikkonen,7,RAI,Kimi,Räikkönen,Finnish,ferrari,Ferrari,Italian,5,3,3,15,56,Finished,6,42,1:38.809,200.860
2017,17,United States Grand Prix,2017-10-22,Circuit of the Americas,USA,max_verstappen,33,VER,Max,Verstappen,Dutch,red_bull,Red Bull,Austrian,16,4,4,12,56,Finished,4,39,1:38.060,202.394
2017,17,United States Grand Prix,2017-10-22,Circuit of the Americas,USA,bottas,77,BOT,Valtteri,Bottas,Finnish,mercedes,Mercedes,German,3,5,5,10,56,Finished,2,54,1:37.767,203.001
2017,17,United States Grand Prix,2017-10-22,Circuit of the Americas,USA,ocon,31,OCO,Esteban,Ocon,French,force_india,Force India,Indian,6,6,6,8,56,Finished,13,53,1:40.499,197.482
2017,17,United States Grand Prix,2017-10-22,Circuit of the Americas,USA,sainz,55,SAI,Carlos,Sainz,Spanish,renault,Renault,French,7,7,7,6,56,Finished,12,43,1:40.462,197.555
2017,17,United States Grand Prix,2017-10-22,Circuit of the Americas,USA,perez,11,PER,Sergio,Pérez,Mexican,force_india,Force India,Indian,9,8,8,4,55,+1 Lap,14,14,1:40.851,196.793
2017,17,United States Grand Prix,2017-10-22,Circuit of the Americas,USA,massa,19,MAS,Felipe,Massa,Brazilian,williams,Williams,British,10,9,9,2,55,+1 Lap,10,36,1:40.131,198.208
2017,17,United States Grand Prix,2017-10-22,Circuit of the Americas,USA,kvyat,26,KVY,Daniil,Kvyat,Russian,toro_rosso,Toro Rosso,Italian,11,10,10,1,55,+1 Lap,15,19,1:40.971,196.559
2017,17,United States Grand Prix,2017-10-22,Circuit of the Americas,USA,stroll,18,STR,Lance,Stroll,Canadian,williams,Williams,British,15,11,11,0,55,+1 Lap,7,38,1:39.666,199.133
2017,17,United States Grand Prix,2017-10-22,Circuit of the Americas,USA,vandoorne,2,VAN,Stoffel,Vandoorne,Belgian,mclaren,McLaren,British,20,12,12,0,55,+1 Lap,11,27,1:40.349,197.777
2017,17,United States Grand Prix,2017-10-22,Circuit of the Americas,USA,brendon_hartley,39,HAR,Brendon,Hartley,New Zealander,toro_rosso,Toro Rosso,Italian,19,13,13,0,55,+1 Lap,8,47,1:39.979,198.509
2017,17,United States Grand Prix,2017-10-22,Circuit of the Americas,USA,grosjean,8,GRO,Romain,Grosjean,French,haas,Haas F1 Team,American,12,14,14,0,55,+1 Lap,17,36,1:41.259,196.000
2017,17,United States Grand Prix,2017-10-22,Circuit of the Americas,USA,ericsson,9,ERI,Marcus,Ericsson,Swedish,sauber,Sauber,Swiss,13,15,15,0,55,+1 Lap,16,42,1:41.041,196.423
2017,17,United States Grand Prix,2017-10-22,Circuit of the Americas,USA,kevin_magnussen,20,MAG,Kevin,Magnussen,Danish,haas,Haas F1 Team,American,17,16,16,0,55,+1 Lap,3,51,1:37.893,202.739
2017,17,United States Grand Prix,2017-10-22,Circuit of the Americas,USA,alonso,14,ALO,Fernando,Alonso,Spanish,mclaren,McLaren,British,8,17,R,0,24,Engine,18,21,1:41.537,195.463
2017,17,United States Grand Prix,2017-10-22,Circuit of the Americas,USA,ricciardo,3,RIC,Daniel,Ricciardo,Australian,red_bull,Red Bull,Austrian,4,18,R,0,14,Engine,9,14,1:40.102,198.265
2017,17,United States Grand Prix,2017-10-22,Circuit of the Americas,USA,wehrlein,94,WEH,Pascal,Wehrlein,German,sauber,Sauber,Swiss,14,19,R,0,5,Collision,20,2,1:47.073,185.357
2017,17,United States Grand Prix,2017-10-22,Circuit of the Americas,USA,hulkenberg,27,HUL,Nico,Hülkenberg,German,renault,Renault,French,18,20,R,0,3,Engine,19,2,1:44.270,190.340
2017,18,Mexican Grand Prix,2017-10-29,Autódromo Hermanos Rodríguez,Mexico,max_verstappen,33,VER,Max,Verstappen,Dutch,red_bull,Red Bull,Austrian,2,1,1,25,71,Finished,2,65,1:18.892,196.400
2017,18,Mexican Grand Prix,2017-10-29,Autódromo Hermanos Rodríguez,Mexico,bottas,77,BOT,Valtteri,Bottas,Finnish,mercedes,Mercedes,German,4,2,2,18,71,Finished,3,70,1:19.374,195.207
2017,18,Mexican Grand Prix,2017-10-29,Autódromo Hermanos Rodríguez,Mexico,raikkonen,7,RAI,Kimi,Räikkönen,Finnish,ferrari,Ferrari,Italian,5,3,3,15,71,Finished,6,59,1:20.054,193.549
2017,18,Mexican Grand Prix,2017-10-29,Autódromo Hermanos Rodríguez,Mexico,vettel,5,VET,Sebastian,Vettel,German,ferrari,Ferrari,Italian,1,4,4,12,71,Finished,1,68,1:18.785,196.666
2017,18,Mexican Grand Prix,2017-10-29,Autódromo Hermanos Rodríguez,Mexico,ocon,31,OCO,Esteban,Ocon,French,force_india,Force India,Indian,6,5,5,10,70,+1 Lap,9,67,1:20.946,191.416
2017,18,Mexican Grand Prix,2017-10-29,Autódromo Hermanos Rodríguez,Mexico,stroll,18,STR,Lance,Stroll,Canadian,williams,Williams,British,11,6,6,8,70,+1 Lap,12,53,1:21.062,191.142
2017,18,Mexican Grand Prix,2017-10-29,Autódromo Hermanos Rodríguez,Mexico,perez,11,PER,Sergio,Pérez,Mexican,force_india,Force India,Indian,9,7,7,6,70,+1 Lap,4,54,1:19.929,193.852
2017,18,Mexican Grand Prix,2017-10-29,Autódromo Hermanos Rodríguez,Mexico,kevin_magnussen,20,MAG,Kevin,Magnussen,Danish,haas,Haas F1 Team,American,14,8,8,4,70,+1 Lap,14,68,1:21.214,190.784
2017,18,Mexican Grand Prix,2017-10-29,Autódromo Hermanos Rodríguez,Mexico,hamilton,44,HAM,Lewis,Hamilton,British,mercedes,Mercedes,German,3,9,9,2,70,+1 Lap,5,69,1:19.945,193.813
2017,18,Mexican Grand Prix,2017-10-29,Autódromo Hermanos Rodríguez,Mexico,alonso,14,ALO,Fernando,Alonso,Spanish,mclaren,McLaren,British,18,10,10,1,70,+1 Lap,11,50,1:21.014,191.255
2017,18,Mexican Grand Prix,2017-10-29,Autódromo Hermanos Rodríguez,Mexico,massa,19,MAS,Felipe,Massa,Brazilian,williams,Williams,British,10,11,11,0,70,+1 Lap,13,55,1:21.136,190.968
2017,18,Mexican Grand Prix,2017-10-29,Autódromo Hermanos Rodríguez,Mexico,vandoorne,2,VAN,Stoffel,Vandoorne,Belgian,mclaren,McLaren,British,19,12,12,0,70,+1 Lap,10,66,1:20.972,191.355
2017,18,Mexican Grand Prix,2017-10-29,Autódromo Hermanos Rodríguez,Mexico,gasly,10,GAS,Pierre,Gasly,French,toro_rosso,Toro Rosso,Italian,20,13,13,0,70,+1 Lap,8,70,1:20.859,191.622
2017,18,Mexican Grand Prix,2017-10-29,Autódromo Hermanos Rodríguez,Mexico,wehrlein,94,WEH,Pascal,Wehrlein,German,sauber,Sauber,Swiss,13,14,14,0,69,+2 Laps,16,56,1:21.638,189.793
2017,18,Mexican Grand Prix,2017-10-29,Autódromo Hermanos Rodríguez,Mexico,grosjean,8,GRO,Romain,Grosjean,French,haas,Haas F1 Team,American,15,15,15,0,69,+2 Laps,7,64,1:20.345,192.848
2017,18,Mexican Grand Prix,2017-10-29,Autódromo Hermanos Rodríguez,Mexico,sainz,55,SAI,Carlos,Sainz,Spanish,renault,Renault,French,8,16,R,0,59,Engine,15,34,1:21.360,190.442
2017,18,Mexican Grand Prix,2017-10-29,Autódromo Hermanos Rodríguez,Mexico,ericsson,9,ERI,Marcus,Ericsson,Swedish,sauber,Sauber,Swiss,12,17,R,0,55,Engine,17,54,1:21.686,189.682
2017,18,Mexican Grand Prix,2017-10-29,Autódromo Hermanos Rodríguez,Mexico,brendon_hartley,28,HAR,Brendon,Hartley,New Zealander,toro_rosso,Toro Rosso,Italian,17,18,R,0,30,Engine,19,28,1:22.572,187.647
2017,18,Mexican Grand Prix,2017-10-29,Autódromo Hermanos Rodríguez,Mexico,hulkenberg,27,HUL,Nico,Hülkenberg,German,renault,Renault,French,7,19,R,0,24,Electrical,18,18,1:21.691,189.670
2017,18,Mexican Grand Prix,2017-10-29,Autódromo Hermanos Rodríguez,Mexico,ricciardo,3,RIC,Daniel,Ricciardo,Australian,red_bull,Red Bull,Austrian,16,20,R,0,5,Engine,20,4,1:22.789,187.155
2017,19,Brazilian Grand Prix,2017-11-12,Autódromo José Carlos Pace,Brazil,vettel,5,VET,Sebastian,Vettel,German,ferrari,Ferrari,Italian,2,1,1,25,71,Finished,7,63,1:12.539,213.849
2017,19,Brazilian Grand Prix,2017-11-12,Autódromo José Carlos Pace,Brazil,bottas,77,BOT,Valtteri,Bottas,Finnish,mercedes,Mercedes,German,1,2,2,18,71,Finished,5,58,1:12.466,214.064
2017,19,Brazilian Grand Prix,2017-11-12,Autódromo José Carlos Pace,Brazil,raikkonen,7,RAI,Kimi,Räikkönen,Finnish,ferrari,Ferrari,Italian,3,3,3,15,71,Finished,6,61,1:12.492,213.987
2017,19,Brazilian Grand Prix,2017-11-12,Autódromo José Carlos Pace,Brazil,hamilton,44,HAM,Lewis,Hamilton,British,mercedes,Mercedes,German,20,4,4,12,71,Finished,2,63,1:11.845,215.914
2017,19,Brazilian Grand Prix,2017-11-12,Autódromo José Carlos Pace,Brazil,max_verstappen,33,VER,Max,Verstappen,Dutch,red_bull,Red Bull,Austrian,4,5,5,10,71,Finished,1,64,1:11.044,218.349
2017,19,Brazilian Grand Prix,2017-11-12,Autódromo José Carlos Pace,Brazil,ricciardo,3,RIC,Daniel,Ricciardo,Australian,red_bull,Red Bull,Austrian,14,6,6,8,71,Finished,4,71,1:12.029,215.363
2017,19,Brazilian Grand Prix,2017-11-12,Autódromo José Carlos Pace,Brazil,massa,19,MAS,Felipe,Massa,Brazilian,williams,Williams,British,9,7,7,6,71,Finished,11,60,1:13.452,211.190
2017,19,Brazilian Grand Prix,2017-11-12,Autódromo José Carlos Pace,Brazil,alonso,14,ALO,Fernando,Alonso,Spanish,mclaren,McLaren,British,6,8,8,4,71,Finished,10,57,1:13.451,211.193
2017,19,Brazilian Grand Prix,2017-11-12,Autódromo José Carlos Pace,Brazil,perez,11,PER,Sergio,Pérez,Mexican,force_india,Force India,Indian,5,9,9,2,71,Finished,8,61,1:13.052,212.347
2017,19,Brazilian Grand Prix,2017-11-12,Autódromo José Carlos Pace,Brazil,hulkenberg,27,HUL,Nico,Hülkenberg,German,renault,Renault,French,7,10,10,1,70,+1 Lap,15,57,1:13.758,210.314
2017,19,Brazilian Grand Prix,2017-11-12,Autódromo José Carlos Pace,Brazil,sainz,55,SAI,Carlos,Sainz,Spanish,renault,Renault,French,8,11,11,0,70,+1 Lap,13,67,1:13.625,210.694
2017,19,Brazilian Grand Prix,2017-11-12,Autódromo José Carlos Pace,Brazil,gasly,10,GAS,Pierre,Gasly,French,toro_rosso,Toro Rosso,Italian,19,12,12,0,70,+1 Lap,9,61,1:13.323,211.562
2017,19,Brazilian Grand Prix,2017-11-12,Autódromo José Carlos Pace,Brazil,ericsson,9,ERI,Marcus,Ericsson,Swedish,sauber,Sauber,Swiss,17,13,13,0,70,+1 Lap,14,70,1:13.666,210.577
2017,19,Brazilian Grand Prix,2017-11-12,Autódromo José Carlos Pace,Brazil,wehrlein,94,WEH,Pascal,Wehrlein,German,sauber,Sauber,Swiss,15,14,14,0,70,+1 Lap,17,60,1:14.812,207.351
2017,19,Brazilian Grand Prix,2017-11-12,Autódromo José Carlos Pace,Brazil,grosjean,8,GRO,Romain,Grosjean,French,haas,Haas F1 Team,American,11,15,15,0,69,+2 Laps,12,66,1:13.532,210.961
2017,19,Brazilian Grand Prix,2017-11-12,Autódromo José Carlos Pace,Brazil,stroll,18,STR,Lance,Stroll,Canadian,williams,Williams,British,16,16,16,0,69,+2 Laps,3,69,1:11.862,215.863
2017,19,Brazilian Grand Prix,2017-11-12,Autódromo José Carlos Pace,Brazil,brendon_hartley,28,HAR,Brendon,Hartley,New Zealander,toro_rosso,Toro Rosso,Italian,18,17,R,0,40,Engine,16,29,1:14.658,207.779
2017,19,Brazilian Grand Prix,2017-11-12,Autódromo José Carlos Pace,Brazil,ocon,31,OCO,Esteban,Ocon,French,force_india,Force India,Indian,10,18,R,0,0,Accident,,,,
2017,19,Brazilian Grand Prix,2017-11-12,Autódromo José Carlos Pace,Brazil,vandoorne,2,VAN,Stoffel,Vandoorne,Belgian,mclaren,McLaren,British,12,19,R,0,0,Accident,,,,
2017,19,Brazilian Grand Prix,2017-11-12,Autódromo José Carlos Pace,Brazil,kevin_magnussen,20,MAG,Kevin,Magnussen,Danish,haas,Haas F1 Team,American,13,20,R,0,0,Accident,,,,
2017,20,Abu Dhabi Grand Prix,2017-11-26,Yas Marina Circuit,UAE,bottas,77,BOT,Valtteri,Bottas,Finnish,mercedes,Mercedes,German,1,1,1,25,55,Finished,1,52,1:40.650,198.652
2017,20,Abu Dhabi Grand Prix,2017-11-26,Yas Marina Circuit,UAE,hamilton,44,HAM,Lewis,Hamilton,British,mercedes,Mercedes,German,2,2,2,18,55,Finished,3,51,1:41.473,197.041
2017,20,Abu Dhabi Grand Prix,2017-11-26,Yas Marina Circuit,UAE,vettel,5,VET,Sebastian,Vettel,German,ferrari,Ferrari,Italian,3,3,3,15,55,Finished,2,5,1:40.770,198.416
2017,20,Abu Dhabi Grand Prix,2017-11-26,Yas Marina Circuit,UAE,raikkonen,7,RAI,Kimi,Räikkönen,Finnish,ferrari,Ferrari,Italian,5,4,4,12,55,Finished,7,53,1:42.338,195.376
2017,20,Abu Dhabi Grand Prix,2017-11-26,Yas Marina Circuit,UAE,max_verstappen,33,VER,Max,Verstappen,Dutch,red_bull,Red Bull,Austrian,6,5,5,10,55,Finished,5,43,1:42.028,195.969
2017,20,Abu Dhabi Grand Prix,2017-11-26,Yas Marina Circuit,UAE,hulkenberg,27,HUL,Nico,Hülkenberg,German,renault,Renault,French,7,6,6,8,55,Finished,8,53,1:42.376,195.303
2017,20,Abu Dhabi Grand Prix,2017-11-26,Yas Marina Circuit,UAE,perez,11,PER,Sergio,Pérez,Mexican,force_india,Force India,Indian,8,7,7,6,55,Finished,11,52,1:42.689,194.708
2017,20,Abu Dhabi Grand Prix,2017-11-26,Yas Marina Circuit,UAE,ocon,31,OCO,Esteban,Ocon,French,force_india,Force India,Indian,9,8,8,4,55,Finished,10,47,1:42.609,194.860
2017,20,Abu Dhabi Grand Prix,2017-11-26,Yas Marina Circuit,UAE,alonso,14,ALO,Fernando,Alonso,Spanish,mclaren,McLaren,British,11,9,9,2,54,+1 Lap,4,26,1:43.378,193.410
2017,20,Abu Dhabi Grand Prix,2017-11-26,Yas Marina Circuit,UAE,massa,19,MAS,Felipe,Massa,Brazilian,williams,Williams,British,10,10,10,1,54,+1 Lap,13,45,1:43.026,194.071
2017,20,Abu Dhabi Grand Prix,2017-11-26,Yas Marina Circuit,UAE,grosjean,8,GRO,Romain,Grosjean,French,haas,Haas F1 Team,American,16,11,11,0,54,+1 Lap,9,51,1:42.437,195.187
2017,20,Abu Dhabi Grand Prix,2017-11-26,Yas Marina Circuit,UAE,vandoorne,2,VAN,Stoffel,Vandoorne,Belgian,mclaren,McLaren,British,13,12,12,0,54,+1 Lap,20,50,1:43.986,192.279
2017,20,Abu Dhabi Grand Prix,2017-11-26,Yas Marina Circuit,UAE,kevin_magnussen,20,MAG,Kevin,Magnussen,Danish,haas,Haas F1 Team,American,14,13,13,0,54,+1 Lap,19,50,1:43.928,192.387
2017,20,Abu Dhabi Grand Prix,2017-11-26,Yas Marina Circuit,UAE,wehrlein,94,WEH,Pascal,Wehrlein,German,sauber,Sauber,Swiss,18,14,14,0,54,+1 Lap,17,50,1:43.867,192.500
2017,20,Abu Dhabi Grand Prix,2017-11-26,Yas Marina Circuit,UAE,brendon_hartley,28,HAR,Brendon,Hartley,New Zealander,toro_rosso,Toro Rosso,Italian,20,15,15,0,54,+1 Lap,18,52,1:43.897,192.444
2017,20,Abu Dhabi Grand Prix,2017-11-26,Yas Marina Circuit,UAE,gasly,10,GAS,Pierre,Gasly,French,toro_rosso,Toro Rosso,Italian,17,16,16,0,54,+1 Lap,16,33,1:43.844,192.542
2017,20,Abu Dhabi Grand Prix,2017-11-26,Yas Marina Circuit,UAE,ericsson,9,ERI,Marcus,Ericsson,Swedish,sauber,Sauber,Swiss,19,17,17,0,54,+1 Lap,15,36,1:43.567,193.057
2017,20,Abu Dhabi Grand Prix,2017-11-26,Yas Marina Circuit,UAE,stroll,18,STR,Lance,Stroll,Canadian,williams,Williams,British,15,18,18,0,54,+1 Lap,6,52,1:42.324,195.402
2017,20,Abu Dhabi Grand Prix,2017-11-26,Yas Marina Circuit,UAE,sainz,55,SAI,Carlos,Sainz,Spanish,renault,Renault,French,12,19,R,0,31,Wheel,14,26,1:43.378,193.410
2017,20,Abu Dhabi Grand Prix,2017-11-26,Yas Marina Circuit,UAE,ricciardo,3,RIC,Daniel,Ricciardo,Australian,red_bull,Red Bull,Austrian,4,20,R,0,20,Hydraulics,12,13,1:42.757,194.579
2018,1,Australian Grand Prix,2018-03-25,Albert Park Grand Prix Circuit,Australia,vettel,5,VET,Sebastian,Vettel,German,ferrari,Ferrari,Italian,3,1,1,25,58,Finished,4,53,1:26.469,220.782
2018,1,Australian Grand Prix,2018-03-25,Albert Park Grand Prix Circuit,Australia,hamilton,44,HAM,Lewis,Hamilton,British,mercedes,Mercedes,German,1,2,2,18,58,Finished,3,50,1:26.444,220.845
2018,1,Australian Grand Prix,2018-03-25,Albert Park Grand Prix Circuit,Australia,raikkonen,7,RAI,Kimi,Räikkönen,Finnish,ferrari,Ferrari,Italian,2,3,3,15,58,Finished,2,57,1:26.373,221.027
2018,1,Australian Grand Prix,2018-03-25,Albert Park Grand Prix Circuit,Australia,ricciardo,3,RIC,Daniel,Ricciardo,Australian,red_bull,Red Bull,Austrian,8,4,4,12,58,Finished,1,54,1:25.945,222.128
2018,1,Australian Grand Prix,2018-03-25,Albert Park Grand Prix Circuit,Australia,alonso,14,ALO,Fernando,Alonso,Spanish,mclaren,McLaren,British,10,5,5,10,58,Finished,7,57,1:26.978,219.489
2018,1,Australian Grand Prix,2018-03-25,Albert Park Grand Prix Circuit,Australia,max_verstappen,33,VER,Max,Verstappen,Dutch,red_bull,Red Bull,Austrian,4,6,6,8,58,Finished,5,54,1:26.880,219.737
2018,1,Australian Grand Prix,2018-03-25,Albert Park Grand Prix Circuit,Australia,hulkenberg,27,HUL,Nico,Hülkenberg,German,renault,Renault,French,7,7,7,6,58,Finished,9,57,1:27.081,219.230
2018,1,Australian Grand Prix,2018-03-25,Albert Park Grand Prix Circuit,Australia,bottas,77,BOT,Valtteri,Bottas,Finnish,mercedes,Mercedes,German,15,8,8,4,58,Finished,8,54,1:27.019,219.386
2018,1,Australian Grand Prix,2018-03-25,Albert Park Grand Prix Circuit,Australia,vandoorne,2,VAN,Stoffel,Vandoorne,Belgian,mclaren,McLaren,British,11,9,9,2,58,Finished,6,57,1:26.958,219.540
2018,1,Australian Grand Prix,2018-03-25,Albert Park Grand Prix Circuit,Australia,sainz,55,SAI,Carlos,Sainz,Spanish,renault,Renault,French,9,10,10,1,58,Finished,12,51,1:27.944,217.079
2018,1,Australian Grand Prix,2018-03-25,Albert Park Grand Prix Circuit,Australia,perez,11,PER,Sergio,Pérez,Mexican,force_india,Force India,Indian,12,11,11,0,58,Finished,11,51,1:27.633,217.849
2018,1,Australian Grand Prix,2018-03-25,Albert Park Grand Prix Circuit,Australia,ocon,31,OCO,Esteban,Ocon,French,force_india,Force India,Indian,14,12,12,0,58,Finished,10,57,1:27.600,217.931
2018,1,Australian Grand Prix,2018-03-25,Albert Park Grand Prix Circuit,Australia,leclerc,16,LEC,Charles,Leclerc,Monegasque,sauber,Sauber,Swiss,18,13,13,0,58,Finished,15,56,1:28.759,215.085
2018,1,Australian Grand Prix,2018-03-25,Albert Park Grand Prix Circuit,Australia,stroll,18,STR,Lance,Stroll,Canadian,williams,Williams,British,13,14,14,0,58,Finished,14,55,1:28.511,215.688
2018,1,Australian Grand Prix,2018-03-25,Albert Park Grand Prix Circuit,Australia,brendon_hartley,28,HAR,Brendon,Hartley,New Zealander,toro_rosso,Toro Rosso,Italian,16,15,15,0,57,+1 Lap,13,57,1:28.176,216.507
2018,1,Australian Grand Prix,2018-03-25,Albert Park Grand Prix Circuit,Australia,grosjean,8,GRO,Romain,Grosjean,French,haas,Haas F1 Team,American,6,16,R,0,24,Wheel,16,23,1:28.805,214.974
2018,1,Australian Grand Prix,2018-03-25,Albert Park Grand Prix Circuit,Australia,kevin_magnussen,20,MAG,Kevin,Magnussen,Danish,haas,Haas F1 Team,American,5,17,R,0,22,Wheel,17,21,1:29.534,213.224
2018,1,Australian Grand Prix,2018-03-25,Albert Park Grand Prix Circuit,Australia,gasly,10,GAS,Pierre,Gasly,French,toro_rosso,Toro Rosso,Italian,20,18,R,0,13,Engine,18,13,1:30.649,210.601
2018,1,Australian Grand Prix,2018-03-25,Albert Park Grand Prix Circuit,Australia,ericsson,9,ERI,Marcus,Ericsson,Swedish,sauber,Sauber,Swiss,17,19,R,0,5,Steering,19,4,1:32.210,207.036
2018,1,Australian Grand Prix,2018-03-25,Albert Park Grand Prix Circuit,Australia,sirotkin,35,SIR,Sergey,Sirotkin,Russian,williams,Williams,British,19,20,R,0,4,Brakes,20,3,1:32.573,206.224
2018,2,Bahrain Grand Prix,2018-04-08,Bahrain International Circuit,Bahrain,vettel,5,VET,Sebastian,Vettel,German,ferrari,Ferrari,Italian,1,1,1,25,57,Finished,7,21,1:34.453,206.274
2018,2,Bahrain Grand Prix,2018-04-08,Bahrain International Circuit,Bahrain,bottas,77,BOT,Valtteri,Bottas,Finnish,mercedes,Mercedes,German,3,2,2,18,57,Finished,1,22,1:33.740,207.842
2018,2,Bahrain Grand Prix,2018-04-08,Bahrain International Circuit,Bahrain,hamilton,44,HAM,Lewis,Hamilton,British,mercedes,Mercedes,German,9,3,3,15,57,Finished,2,51,1:33.953,207.371
2018,2,Bahrain Grand Prix,2018-04-08,Bahrain International Circuit,Bahrain,gasly,10,GAS,Pierre,Gasly,French,toro_rosso,Toro Rosso,Italian,5,4,4,12,57,Finished,11,46,1:34.863,205.382
2018,2,Bahrain Grand Prix,2018-04-08,Bahrain International Circuit,Bahrain,kevin_magnussen,20,MAG,Kevin,Magnussen,Danish,haas,Haas F1 Team,American,6,5,5,10,57,Finished,5,29,1:34.327,206.549
2018,2,Bahrain Grand Prix,2018-04-08,Bahrain International Circuit,Bahrain,hulkenberg,27,HUL,Nico,Hülkenberg,German,renault,Renault,French,7,6,6,8,57,Finished,9,50,1:34.667,205.807
2018,2,Bahrain Grand Prix,2018-04-08,Bahrain International Circuit,Bahrain,alonso,14,ALO,Fernando,Alonso,Spanish,mclaren,McLaren,British,13,7,7,6,56,+1 Lap,4,47,1:34.168,206.898
2018,2,Bahrain Grand Prix,2018-04-08,Bahrain International Circuit,Bahrain,vandoorne,2,VAN,Stoffel,Vandoorne,Belgian,mclaren,McLaren,British,14,8,8,4,56,+1 Lap,16,30,1:35.131,204.803
2018,2,Bahrain Grand Prix,2018-04-08,Bahrain International Circuit,Bahrain,ericsson,9,ERI,Marcus,Ericsson,Swedish,sauber,Sauber,Swiss,17,9,9,2,56,+1 Lap,15,26,1:35.093,204.885
2018,2,Bahrain Grand Prix,2018-04-08,Bahrain International Circuit,Bahrain,ocon,31,OCO,Esteban,Ocon,French,force_india,Force India,Indian,8,10,10,1,56,+1 Lap,12,38,1:35.043,204.993
2018,2,Bahrain Grand Prix,2018-04-08,Bahrain International Circuit,Bahrain,sainz,55,SAI,Carlos,Sainz,Spanish,renault,Renault,French,10,11,11,0,56,+1 Lap,18,35,1:35.535,203.937
2018,2,Bahrain Grand Prix,2018-04-08,Bahrain International Circuit,Bahrain,leclerc,16,LEC,Charles,Leclerc,Monegasque,sauber,Sauber,Swiss,19,12,12,0,56,+1 Lap,14,35,1:35.075,204.924
2018,2,Bahrain Grand Prix,2018-04-08,Bahrain International Circuit,Bahrain,grosjean,8,GRO,Romain,Grosjean,French,haas,Haas F1 Team,American,16,13,13,0,56,+1 Lap,10,44,1:34.689,205.759
2018,2,Bahrain Grand Prix,2018-04-08,Bahrain International Circuit,Bahrain,stroll,18,STR,Lance,Stroll,Canadian,williams,Williams,British,20,14,14,0,56,+1 Lap,13,40,1:35.058,204.961
2018,2,Bahrain Grand Prix,2018-04-08,Bahrain International Circuit,Bahrain,sirotkin,35,SIR,Sergey,Sirotkin,Russian,williams,Williams,British,18,15,15,0,56,+1 Lap,3,47,1:34.053,207.151
2018,2,Bahrain Grand Prix,2018-04-08,Bahrain International Circuit,Bahrain,perez,11,PER,Sergio,Pérez,Mexican,force_india,Force India,Indian,12,16,16,0,56,+1 Lap,17,32,1:35.266,204.513
2018,2,Bahrain Grand Prix,2018-04-08,Bahrain International Circuit,Bahrain,brendon_hartley,28,HAR,Brendon,Hartley,New Zealander,toro_rosso,Toro Rosso,Italian,11,17,17,0,56,+1 Lap,8,42,1:34.563,206.034
2018,2,Bahrain Grand Prix,2018-04-08,Bahrain International Circuit,Bahrain,raikkonen,7,RAI,Kimi,Räikkönen,Finnish,ferrari,Ferrari,Italian,2,18,R,0,35,Wheel,6,22,1:34.337,206.527
2018,2,Bahrain Grand Prix,2018-04-08,Bahrain International Circuit,Bahrain,max_verstappen,33,VER,Max,Verstappen,Dutch,red_bull,Red Bull,Austrian,15,19,R,0,3,Puncture,,,,
2018,2,Bahrain Grand Prix,2018-04-08,Bahrain International Circuit,Bahrain,ricciardo,3,RIC,Daniel,Ricciardo,Australian,red_bull,Red Bull,Austrian,4,20,R,0,1,Electrical,,,,
2018,3,Chinese Grand Prix,2018-04-15,Shanghai International Circuit,China,ricciardo,3,RIC,Daniel,Ricciardo,Australian,red_bull,Red Bull,Austrian,6,1,1,25,56,Finished,1,55,1:35.785,204.871
2018,3,Chinese Grand Prix,2018-04-15,Shanghai International Circuit,China,bottas,77,BOT,Valtteri,Bottas,Finnish,mercedes,Mercedes,German,3,2,2,18,56,Finished,6,50,1:36.987,202.332
2018,3,Chinese Grand Prix,2018-04-15,Shanghai International Circuit,China,raikkonen,7,RAI,Kimi,Räikkönen,Finnish,ferrari,Ferrari,Italian,2,3,3,15,56,Finished,3,48,1:36.456,203.446
2018,3,Chinese Grand Prix,2018-04-15,Shanghai International Circuit,China,hamilton,44,HAM,Lewis,Hamilton,British,mercedes,Mercedes,German,4,4,4,12,56,Finished,4,20,1:36.878,202.559
2018,3,Chinese Grand Prix,2018-04-15,Shanghai International Circuit,China,max_verstappen,33,VER,Max,Verstappen,Dutch,red_bull,Red Bull,Austrian,5,5,5,10,56,Finished,2,50,1:36.206,203.974
2018,3,Chinese Grand Prix,2018-04-15,Shanghai International Circuit,China,hulkenberg,27,HUL,Nico,Hülkenberg,German,renault,Renault,French,7,6,6,8,56,Finished,5,56,1:36.881,202.553
2018,3,Chinese Grand Prix,2018-04-15,Shanghai International Circuit,China,alonso,14,ALO,Fernando,Alonso,Spanish,mclaren,McLaren,British,13,7,7,6,56,Finished,7,56,1:37.234,201.818
2018,3,Chinese Grand Prix,2018-04-15,Shanghai International Circuit,China,vettel,5,VET,Sebastian,Vettel,German,ferrari,Ferrari,Italian,1,8,8,4,56,Finished,9,24,1:37.479,201.311
2018,3,Chinese Grand Prix,2018-04-15,Shanghai International Circuit,China,sainz,55,SAI,Carlos,Sainz,Spanish,renault,Renault,French,9,9,9,2,56,Finished,11,54,1:37.754,200.744
2018,3,Chinese Grand Prix,2018-04-15,Shanghai International Circuit,China,kevin_magnussen,20,MAG,Kevin,Magnussen,Danish,haas,Haas F1 Team,American,11,10,10,1,56,Finished,14,54,1:38.152,199.930
2018,3,Chinese Grand Prix,2018-04-15,Shanghai International Circuit,China,ocon,31,OCO,Esteban,Ocon,French,force_india,Force India,Indian,12,11,11,0,56,Finished,12,47,1:37.985,200.271
2018,3,Chinese Grand Prix,2018-04-15,Shanghai International Circuit,China,perez,11,PER,Sergio,Pérez,Mexican,force_india,Force India,Indian,8,12,12,0,56,Finished,10,54,1:37.673,200.911
2018,3,Chinese Grand Prix,2018-04-15,Shanghai International Circuit,China,vandoorne,2,VAN,Stoffel,Vandoorne,Belgian,mclaren,McLaren,British,14,13,13,0,56,Finished,13,54,1:38.137,199.961
2018,3,Chinese Grand Prix,2018-04-15,Shanghai International Circuit,China,stroll,18,STR,Lance,Stroll,Canadian,williams,Williams,British,18,14,14,0,56,Finished,17,54,1:38.500,199.224
2018,3,Chinese Grand Prix,2018-04-15,Shanghai International Circuit,China,sirotkin,35,SIR,Sergey,Sirotkin,Russian,williams,Williams,British,16,15,15,0,56,Finished,18,47,1:38.624,198.973
2018,3,Chinese Grand Prix,2018-04-15,Shanghai International Circuit,China,ericsson,9,ERI,Marcus,Ericsson,Swedish,sauber,Sauber,Swiss,20,16,16,0,56,Finished,16,52,1:38.386,199.455
2018,3,Chinese Grand Prix,2018-04-15,Shanghai International Circuit,China,grosjean,8,GRO,Romain,Grosjean,French,haas,Haas F1 Team,American,10,17,17,0,56,Finished,8,51,1:37.410,201.453
2018,3,Chinese Grand Prix,2018-04-15,Shanghai International Circuit,China,gasly,10,GAS,Pierre,Gasly,French,toro_rosso,Toro Rosso,Italian,17,18,18,0,56,Finished,15,54,1:38.367,199.493
2018,3,Chinese Grand Prix,2018-04-15,Shanghai International Circuit,China,leclerc,16,LEC,Charles,Leclerc,Monegasque,sauber,Sauber,Swiss,19,19,19,0,56,Finished,19,23,1:38.808,198.603
2018,3,Chinese Grand Prix,2018-04-15,Shanghai International Circuit,China,brendon_hartley,28,HAR,Brendon,Hartley,New Zealander,toro_rosso,Toro Rosso,Italian,15,20,20,0,51,Collision damage,20,50,1:39.376,197.468
2018,4,Azerbaijan Grand Prix,2018-04-29,Baku City Circuit,Azerbaijan,hamilton,44,HAM,Lewis,Hamilton,British,mercedes,Mercedes,German,2,1,1,25,51,Finished,2,35,1:45.412,205.012
2018,4,Azerbaijan Grand Prix,2018-04-29,Baku City Circuit,Azerbaijan,raikkonen,7,RAI,Kimi,Räikkönen,Finnish,ferrari,Ferrari,Italian,6,2,2,18,51,Finished,7,50,1:46.523,202.874
2018,4,Azerbaijan Grand Prix,2018-04-29,Baku City Circuit,Azerbaijan,perez,11,PER,Sergio,Pérez,Mexican,force_india,Force India,Indian,8,3,3,15,51,Finished,6,51,1:46.206,203.480
2018,4,Azerbaijan Grand Prix,2018-04-29,Baku City Circuit,Azerbaijan,vettel,5,VET,Sebastian,Vettel,German,ferrari,Ferrari,Italian,1,4,4,12,51,Finished,4,38,1:45.530,204.783
2018,4,Azerbaijan Grand Prix,2018-04-29,Baku City Circuit,Azerbaijan,sainz,55,SAI,Carlos,Sainz,Spanish,renault,Renault,French,9,5,5,10,51,Finished,9,50,1:46.856,202.242
2018,4,Azerbaijan Grand Prix,2018-04-29,Baku City Circuit,Azerbaijan,leclerc,16,LEC,Charles,Leclerc,Monegasque,sauber,Sauber,Swiss,13,6,6,8,51,Finished,11,31,1:47.403,201.212
2018,4,Azerbaijan Grand Prix,2018-04-29,Baku City Circuit,Azerbaijan,alonso,14,ALO,Fernando,Alonso,Spanish,mclaren,McLaren,British,12,7,7,6,51,Finished,12,32,1:47.449,201.126
2018,4,Azerbaijan Grand Prix,2018-04-29,Baku City Circuit,Azerbaijan,stroll,18,STR,Lance,Stroll,Canadian,williams,Williams,British,10,8,8,4,51,Finished,8,50,1:46.815,202.319
2018,4,Azerbaijan Grand Prix,2018-04-29,Baku City Circuit,Azerbaijan,vandoorne,2,VAN,Stoffel,Vandoorne,Belgian,mclaren,McLaren,British,16,9,9,2,51,Finished,13,50,1:47.666,200.720
2018,4,Azerbaijan Grand Prix,2018-04-29,Baku City Circuit,Azerbaijan,brendon_hartley,28,HAR,Brendon,Hartley,New Zealander,toro_rosso,Toro Rosso,Italian,19,10,10,1,51,Finished,17,51,1:48.288,199.567
2018,4,Azerbaijan Grand Prix,2018-04-29,Baku City Circuit,Azerbaijan,ericsson,9,ERI,Marcus,Ericsson,Swedish,sauber,Sauber,Swiss,18,11,11,0,51,Finished,14,51,1:47.925,200.239
2018,4,Azerbaijan Grand Prix,2018-04-29,Baku City Circuit,Azerbaijan,gasly,10,GAS,Pierre,Gasly,French,toro_rosso,Toro Rosso,Italian,17,12,12,0,51,Finished,15,38,1:48.035,200.035
2018,4,Azerbaijan Grand Prix,2018-04-29,Baku City Circuit,Azerbaijan,kevin_magnussen,20,MAG,Kevin,Magnussen,Danish,haas,Haas F1 Team,American,15,13,13,0,51,Finished,16,35,1:48.155,199.813
2018,4,Azerbaijan Grand Prix,2018-04-29,Baku City Circuit,Azerbaijan,bottas,77,BOT,Valtteri,Bottas,Finnish,mercedes,Mercedes,German,3,14,R,0,48,Puncture,1,37,1:45.149,205.525
2018,4,Azerbaijan Grand Prix,2018-04-29,Baku City Circuit,Azerbaijan,grosjean,8,GRO,Romain,Grosjean,French,haas,Haas F1 Team,American,20,15,R,0,42,Accident,10,34,1:46.880,202.196
2018,4,Azerbaijan Grand Prix,2018-04-29,Baku City Circuit,Azerbaijan,max_verstappen,33,VER,Max,Verstappen,Dutch,red_bull,Red Bull,Austrian,5,16,R,0,39,Collision,5,31,1:45.771,204.316
2018,4,Azerbaijan Grand Prix,2018-04-29,Baku City Circuit,Azerbaijan,ricciardo,3,RIC,Daniel,Ricciardo,Australian,red_bull,Red Bull,Austrian,4,17,R,0,39,Collision,3,34,1:45.419,204.999
2018,4,Azerbaijan Grand Prix,2018-04-29,Baku City Circuit,Azerbaijan,hulkenberg,27,HUL,Nico,Hülkenberg,German,renault,Renault,French,14,18,R,0,10,Accident,18,10,1:48.867,198.506
2018,4,Azerbaijan Grand Prix,2018-04-29,Baku City Circuit,Azerbaijan,ocon,31,OCO,Esteban,Ocon,French,force_india,Force India,Indian,7,19,R,0,0,Collision,,,,
2018,4,Azerbaijan Grand Prix,2018-04-29,Baku City Circuit,Azerbaijan,sirotkin,35,SIR,Sergey,Sirotkin,Russian,williams,Williams,British,11,20,R,0,0,Collision,,,,
2018,5,Spanish Grand Prix,2018-05-13,Circuit de Barcelona-Catalunya,Spain,hamilton,44,HAM,Lewis,Hamilton,British,mercedes,Mercedes,German,1,1,1,25,66,Finished,3,64,1:19.133,211.770
2018,5,Spanish Grand Prix,2018-05-13,Circuit de Barcelona-Catalunya,Spain,bottas,77,BOT,Valtteri,Bottas,Finnish,mercedes,Mercedes,German,2,2,2,18,66,Finished,5,56,1:19.478,210.850
2018,5,Spanish Grand Prix,2018-05-13,Circuit de Barcelona-Catalunya,Spain,max_verstappen,33,VER,Max,Verstappen,Dutch,red_bull,Red Bull,Austrian,5,3,3,15,66,Finished,4,62,1:19.422,210.999
2018,5,Spanish Grand Prix,2018-05-13,Circuit de Barcelona-Catalunya,Spain,vettel,5,VET,Sebastian,Vettel,German,ferrari,Ferrari,Italian,3,4,4,12,66,Finished,2,61,1:19.128,211.783
2018,5,Spanish Grand Prix,2018-05-13,Circuit de Barcelona-Catalunya,Spain,ricciardo,3,RIC,Daniel,Ricciardo,Australian,red_bull,Red Bull,Austrian,6,5,5,10,66,Finished,1,61,1:18.441,213.638
2018,5,Spanish Grand Prix,2018-05-13,Circuit de Barcelona-Catalunya,Spain,kevin_magnussen,20,MAG,Kevin,Magnussen,Danish,haas,Haas F1 Team,American,7,6,6,8,65,+1 Lap,6,64,1:20.246,208.832
2018,5,Spanish Grand Prix,2018-05-13,Circuit de Barcelona-Catalunya,Spain,sainz,55,SAI,Carlos,Sainz,Spanish,renault,Renault,French,9,7,7,6,65,+1 Lap,9,61,1:21.324,206.064
2018,5,Spanish Grand Prix,2018-05-13,Circuit de Barcelona-Catalunya,Spain,alonso,14,ALO,Fernando,Alonso,Spanish,mclaren,McLaren,British,8,8,8,4,65,+1 Lap,7,64,1:20.727,207.588
2018,5,Spanish Grand Prix,2018-05-13,Circuit de Barcelona-Catalunya,Spain,perez,11,PER,Sergio,Pérez,Mexican,force_india,Force India,Indian,15,9,9,2,64,+2 Laps,8,43,1:21.128,206.562
2018,5,Spanish Grand Prix,2018-05-13,Circuit de Barcelona-Catalunya,Spain,leclerc,16,LEC,Charles,Leclerc,Monegasque,sauber,Sauber,Swiss,14,10,10,1,64,+2 Laps,14,51,1:22.122,204.062
2018,5,Spanish Grand Prix,2018-05-13,Circuit de Barcelona-Catalunya,Spain,stroll,18,STR,Lance,Stroll,Canadian,williams,Williams,British,18,11,11,0,64,+2 Laps,12,60,1:22.095,204.129
2018,5,Spanish Grand Prix,2018-05-13,Circuit de Barcelona-Catalunya,Spain,brendon_hartley,28,HAR,Brendon,Hartley,New Zealander,toro_rosso,Toro Rosso,Italian,20,12,12,0,64,+2 Laps,10,63,1:21.439,205.773
2018,5,Spanish Grand Prix,2018-05-13,Circuit de Barcelona-Catalunya,Spain,ericsson,9,ERI,Marcus,Ericsson,Swedish,sauber,Sauber,Swiss,17,13,13,0,64,+2 Laps,15,50,1:22.487,203.159
2018,5,Spanish Grand Prix,2018-05-13,Circuit de Barcelona-Catalunya,Spain,sirotkin,35,SIR,Sergey,Sirotkin,Russian,williams,Williams,British,19,14,14,0,63,+3 Laps,17,57,1:22.680,202.685
2018,5,Spanish Grand Prix,2018-05-13,Circuit de Barcelona-Catalunya,Spain,vandoorne,2,VAN,Stoffel,Vandoorne,Belgian,mclaren,McLaren,British,11,15,R,0,45,Gearbox,16,38,1:22.594,202.896
2018,5,Spanish Grand Prix,2018-05-13,Circuit de Barcelona-Catalunya,Spain,ocon,31,OCO,Esteban,Ocon,French,force_india,Force India,Indian,13,16,R,0,38,Oil leak,13,36,1:22.117,204.074
2018,5,Spanish Grand Prix,2018-05-13,Circuit de Barcelona-Catalunya,Spain,raikkonen,7,RAI,Kimi,Räikkönen,Finnish,ferrari,Ferrari,Italian,4,17,R,0,25,Turbo,11,23,1:21.531,205.541
2018,5,Spanish Grand Prix,2018-05-13,Circuit de Barcelona-Catalunya,Spain,grosjean,8,GRO,Romain,Grosjean,French,haas,Haas F1 Team,American,10,18,R,0,0,Collision,,,,
2018,5,Spanish Grand Prix,2018-05-13,Circuit de Barcelona-Catalunya,Spain,gasly,10,GAS,Pierre,Gasly,French,toro_rosso,Toro Rosso,Italian,12,19,R,0,0,Collision,,,,
2018,5,Spanish Grand Prix,2018-05-13,Circuit de Barcelona-Catalunya,Spain,hulkenberg,27,HUL,Nico,Hülkenberg,German,renault,Renault,French,16,20,R,0,0,Collision,,,,
2018,6,Monaco Grand Prix,2018-05-27,Circuit de Monaco,Monaco,ricciardo,3,RIC,Daniel,Ricciardo,Australian,red_bull,Red Bull,Austrian,1,1,1,25,78,Finished,5,13,1:15.562,158.984
2018,6,Monaco Grand Prix,2018-05-27,Circuit de Monaco,Monaco,vettel,5,VET,Sebastian,Vettel,German,ferrari,Ferrari,Italian,2,2,2,18,78,Finished,7,14,1:16.065,157.933
2018,6,Monaco Grand Prix,2018-05-27,Circuit de Monaco,Monaco,hamilton,44,HAM,Lewis,Hamilton,British,mercedes,Mercedes,German,3,3,3,15,78,Finished,8,15,1:16.270,157.508
2018,6,Monaco Grand Prix,2018-05-27,Circuit de Monaco,Monaco,raikkonen,7,RAI,Kimi,Räikkönen,Finnish,ferrari,Ferrari,Italian,4,4,4,12,78,Finished,10,13,1:16.392,157.257
2018,6,Monaco Grand Prix,2018-05-27,Circuit de Monaco,Monaco,bottas,77,BOT,Valtteri,Bottas,Finnish,mercedes,Mercedes,German,5,5,5,10,78,Finished,9,21,1:16.312,157.422
2018,6,Monaco Grand Prix,2018-05-27,Circuit de Monaco,Monaco,ocon,31,OCO,Esteban,Ocon,French,force_india,Force India,Indian,6,6,6,8,78,Finished,14,63,1:17.027,155.960
2018,6,Monaco Grand Prix,2018-05-27,Circuit de Monaco,Monaco,gasly,10,GAS,Pierre,Gasly,French,toro_rosso,Toro Rosso,Italian,10,7,7,6,78,Finished,15,68,1:17.099,155.815
2018,6,Monaco Grand Prix,2018-05-27,Circuit de Monaco,Monaco,hulkenberg,27,HUL,Nico,Hülkenberg,German,renault,Renault,French,11,8,8,4,78,Finished,6,57,1:16.061,157.941
2018,6,Monaco Grand Prix,2018-05-27,Circuit de Monaco,Monaco,max_verstappen,33,VER,Max,Verstappen,Dutch,red_bull,Red Bull,Austrian,20,9,9,2,78,Finished,1,60,1:14.260,161.772
2018,6,Monaco Grand Prix,2018-05-27,Circuit de Monaco,Monaco,sainz,55,SAI,Carlos,Sainz,Spanish,renault,Renault,French,8,10,10,1,78,Finished,18,19,1:17.491,155.027
2018,6,Monaco Grand Prix,2018-05-27,Circuit de Monaco,Monaco,ericsson,9,ERI,Marcus,Ericsson,Swedish,sauber,Sauber,Swiss,16,11,11,0,78,Finished,12,19,1:16.936,156.145
2018,6,Monaco Grand Prix,2018-05-27,Circuit de Monaco,Monaco,perez,11,PER,Sergio,Pérez,Mexican,force_india,Force India,Indian,9,12,12,0,78,Finished,19,24,1:17.546,154.917
2018,6,Monaco Grand Prix,2018-05-27,Circuit de Monaco,Monaco,kevin_magnussen,20,MAG,Kevin,Magnussen,Danish,haas,Haas F1 Team,American,19,13,13,0,78,Finished,17,20,1:17.476,155.057
2018,6,Monaco Grand Prix,2018-05-27,Circuit de Monaco,Monaco,vandoorne,2,VAN,Stoffel,Vandoorne,Belgian,mclaren,McLaren,British,12,14,14,0,77,+1 Lap,11,76,1:16.864,156.291
2018,6,Monaco Grand Prix,2018-05-27,Circuit de Monaco,Monaco,grosjean,8,GRO,Romain,Grosjean,French,haas,Haas F1 Team,American,18,15,15,0,77,+1 Lap,2,74,1:14.822,160.557
2018,6,Monaco Grand Prix,2018-05-27,Circuit de Monaco,Monaco,sirotkin,35,SIR,Sergey,Sirotkin,Russian,williams,Williams,British,13,16,16,0,77,+1 Lap,4,75,1:15.325,159.484
2018,6,Monaco Grand Prix,2018-05-27,Circuit de Monaco,Monaco,stroll,18,STR,Lance,Stroll,Canadian,williams,Williams,British,17,17,17,0,76,+2 Laps,3,61,1:14.944,160.295
2018,6,Monaco Grand Prix,2018-05-27,Circuit de Monaco,Monaco,leclerc,16,LEC,Charles,Leclerc,Monegasque,sauber,Sauber,Swiss,14,18,R,0,70,Collision,20,17,1:17.710,154.590
2018,6,Monaco Grand Prix,2018-05-27,Circuit de Monaco,Monaco,brendon_hartley,28,HAR,Brendon,Hartley,New Zealander,toro_rosso,Toro Rosso,Italian,15,19,R,0,70,Collision,16,15,1:17.172,155.667
2018,6,Monaco Grand Prix,2018-05-27,Circuit de Monaco,Monaco,alonso,14,ALO,Fernando,Alonso,Spanish,mclaren,McLaren,British,7,20,R,0,52,Gearbox,13,23,1:17.018,155.979
2018,7,Canadian Grand Prix,2018-06-10,Circuit Gilles Villeneuve,Canada,vettel,5,VET,Sebastian,Vettel,German,ferrari,Ferrari,Italian,1,1,1,25,68,Finished,2,57,1:13.964,212.260
2018,7,Canadian Grand Prix,2018-06-10,Circuit Gilles Villeneuve,Canada,bottas,77,BOT,Valtteri,Bottas,Finnish,mercedes,Mercedes,German,2,2,2,18,68,Finished,3,51,1:13.992,212.179
2018,7,Canadian Grand Prix,2018-06-10,Circuit Gilles Villeneuve,Canada,max_verstappen,33,VER,Max,Verstappen,Dutch,red_bull,Red Bull,Austrian,3,3,3,15,68,Finished,1,65,1:13.864,212.547
2018,7,Canadian Grand Prix,2018-06-10,Circuit Gilles Villeneuve,Canada,ricciardo,3,RIC,Daniel,Ricciardo,Australian,red_bull,Red Bull,Austrian,6,4,4,12,68,Finished,5,59,1:14.159,211.701
2018,7,Canadian Grand Prix,2018-06-10,Circuit Gilles Villeneuve,Canada,hamilton,44,HAM,Lewis,Hamilton,British,mercedes,Mercedes,German,4,5,5,10,68,Finished,6,66,1:14.183,211.633
2018,7,Canadian Grand Prix,2018-06-10,Circuit Gilles Villeneuve,Canada,raikkonen,7,RAI,Kimi,Räikkönen,Finnish,ferrari,Ferrari,Italian,5,6,6,8,68,Finished,4,59,1:14.075,211.941
2018,7,Canadian Grand Prix,2018-06-10,Circuit Gilles Villeneuve,Canada,hulkenberg,27,HUL,Nico,Hülkenberg,German,renault,Renault,French,7,7,7,6,67,+1 Lap,11,64,1:15.588,207.699
2018,7,Canadian Grand Prix,2018-06-10,Circuit Gilles Villeneuve,Canada,sainz,55,SAI,Carlos,Sainz,Spanish,renault,Renault,French,9,8,8,4,67,+1 Lap,13,61,1:15.666,207.485
2018,7,Canadian Grand Prix,2018-06-10,Circuit Gilles Villeneuve,Canada,ocon,31,OCO,Esteban,Ocon,French,force_india,Force India,Indian,8,9,9,2,67,+1 Lap,12,61,1:15.610,207.639
2018,7,Canadian Grand Prix,2018-06-10,Circuit Gilles Villeneuve,Canada,leclerc,16,LEC,Charles,Leclerc,Monegasque,sauber,Sauber,Swiss,13,10,10,1,67,+1 Lap,10,65,1:15.480,207.996
2018,7,Canadian Grand Prix,2018-06-10,Circuit Gilles Villeneuve,Canada,gasly,10,GAS,Pierre,Gasly,French,toro_rosso,Toro Rosso,Italian,16,11,11,0,67,+1 Lap,14,67,1:15.699,207.395
2018,7,Canadian Grand Prix,2018-06-10,Circuit Gilles Villeneuve,Canada,grosjean,8,GRO,Romain,Grosjean,French,haas,Haas F1 Team,American,20,12,12,0,67,+1 Lap,9,56,1:15.470,208.024
2018,7,Canadian Grand Prix,2018-06-10,Circuit Gilles Villeneuve,Canada,kevin_magnussen,20,MAG,Kevin,Magnussen,Danish,haas,Haas F1 Team,American,11,13,13,0,67,+1 Lap,8,65,1:15.401,208.214
2018,7,Canadian Grand Prix,2018-06-10,Circuit Gilles Villeneuve,Canada,perez,11,PER,Sergio,Pérez,Mexican,force_india,Force India,Indian,10,14,14,0,67,+1 Lap,7,64,1:15.100,209.049
2018,7,Canadian Grand Prix,2018-06-10,Circuit Gilles Villeneuve,Canada,ericsson,9,ERI,Marcus,Ericsson,Swedish,sauber,Sauber,Swiss,19,15,15,0,66,+2 Laps,18,62,1:16.403,205.484
2018,7,Canadian Grand Prix,2018-06-10,Circuit Gilles Villeneuve,Canada,vandoorne,2,VAN,Stoffel,Vandoorne,Belgian,mclaren,McLaren,British,15,16,16,0,66,+2 Laps,15,55,1:15.765,207.214
2018,7,Canadian Grand Prix,2018-06-10,Circuit Gilles Villeneuve,Canada,sirotkin,35,SIR,Sergey,Sirotkin,Russian,williams,Williams,British,18,17,17,0,66,+2 Laps,16,53,1:15.924,206.780
2018,7,Canadian Grand Prix,2018-06-10,Circuit Gilles Villeneuve,Canada,alonso,14,ALO,Fernando,Alonso,Spanish,mclaren,McLaren,British,14,18,R,0,40,Exhaust,17,33,1:16.180,206.085
2018,7,Canadian Grand Prix,2018-06-10,Circuit Gilles Villeneuve,Canada,brendon_hartley,28,HAR,Brendon,Hartley,New Zealander,toro_rosso,Toro Rosso,Italian,12,19,R,0,0,Collision,,,,
2018,7,Canadian Grand Prix,2018-06-10,Circuit Gilles Villeneuve,Canada,stroll,18,STR,Lance,Stroll,Canadian,williams,Williams,British,17,20,R,0,0,Collision,,,,
2018,8,French Grand Prix,2018-06-24,Circuit Paul Ricard,France,hamilton,44,HAM,Lewis,Hamilton,British,mercedes,Mercedes,German,1,1,1,25,53,Finished,5,49,1:34.509,222.531
2018,8,French Grand Prix,2018-06-24,Circuit Paul Ricard,France,max_verstappen,33,VER,Max,Verstappen,Dutch,red_bull,Red Bull,Austrian,4,2,2,18,53,Finished,2,47,1:34.275,223.083
2018,8,French Grand Prix,2018-06-24,Circuit Paul Ricard,France,raikkonen,7,RAI,Kimi,Räikkönen,Finnish,ferrari,Ferrari,Italian,6,3,3,15,53,Finished,3,48,1:34.398,222.792
2018,8,French Grand Prix,2018-06-24,Circuit Paul Ricard,France,ricciardo,3,RIC,Daniel,Ricciardo,Australian,red_bull,Red Bull,Austrian,5,4,4,12,53,Finished,7,37,1:35.382,220.494
2018,8,French Grand Prix,2018-06-24,Circuit Paul Ricard,France,vettel,5,VET,Sebastian,Vettel,German,ferrari,Ferrari,Italian,3,5,5,10,53,Finished,4,42,1:34.485,222.587
2018,8,French Grand Prix,2018-06-24,Circuit Paul Ricard,France,kevin_magnussen,20,MAG,Kevin,Magnussen,Danish,haas,Haas F1 Team,American,9,6,6,8,53,Finished,8,50,1:35.425,220.395
2018,8,French Grand Prix,2018-06-24,Circuit Paul Ricard,France,bottas,77,BOT,Valtteri,Bottas,Finnish,mercedes,Mercedes,German,2,7,7,6,53,Finished,1,41,1:34.225,223.201
2018,8,French Grand Prix,2018-06-24,Circuit Paul Ricard,France,sainz,55,SAI,Carlos,Sainz,Spanish,renault,Renault,French,7,8,8,4,53,Finished,9,46,1:35.638,219.904
2018,8,French Grand Prix,2018-06-24,Circuit Paul Ricard,France,hulkenberg,27,HUL,Nico,Hülkenberg,German,renault,Renault,French,12,9,9,2,53,Finished,11,46,1:35.873,219.365
2018,8,French Grand Prix,2018-06-24,Circuit Paul Ricard,France,leclerc,16,LEC,Charles,Leclerc,Monegasque,sauber,Sauber,Swiss,8,10,10,1,53,Finished,12,45,1:35.977,219.127
2018,8,French Grand Prix,2018-06-24,Circuit Paul Ricard,France,grosjean,8,GRO,Romain,Grosjean,French,haas,Haas F1 Team,American,10,11,11,0,52,+1 Lap,10,47,1:35.695,219.773
2018,8,French Grand Prix,2018-06-24,Circuit Paul Ricard,France,vandoorne,2,VAN,Stoffel,Vandoorne,Belgian,mclaren,McLaren,British,17,12,12,0,52,+1 Lap,14,48,1:36.675,217.545
2018,8,French Grand Prix,2018-06-24,Circuit Paul Ricard,France,ericsson,9,ERI,Marcus,Ericsson,Swedish,sauber,Sauber,Swiss,15,13,13,0,52,+1 Lap,13,37,1:36.494,217.953
2018,8,French Grand Prix,2018-06-24,Circuit Paul Ricard,France,brendon_hartley,28,HAR,Brendon,Hartley,New Zealander,toro_rosso,Toro Rosso,Italian,20,14,14,0,52,+1 Lap,15,40,1:36.839,217.176
2018,8,French Grand Prix,2018-06-24,Circuit Paul Ricard,France,sirotkin,35,SIR,Sergey,Sirotkin,Russian,williams,Williams,British,18,15,15,0,52,+1 Lap,16,35,1:38.300,213.949
2018,8,French Grand Prix,2018-06-24,Circuit Paul Ricard,France,alonso,14,ALO,Fernando,Alonso,Spanish,mclaren,McLaren,British,16,16,16,0,50,Wheel,6,48,1:35.133,221.071
2018,8,French Grand Prix,2018-06-24,Circuit Paul Ricard,France,stroll,18,STR,Lance,Stroll,Canadian,williams,Williams,British,19,17,17,0,48,Puncture,18,35,1:38.319,213.907
2018,8,French Grand Prix,2018-06-24,Circuit Paul Ricard,France,perez,11,PER,Sergio,Pérez,Mexican,force_india,Force India,Indian,13,18,R,0,27,Engine,17,25,1:38.319,213.907
2018,8,French Grand Prix,2018-06-24,Circuit Paul Ricard,France,ocon,31,OCO,Esteban,Ocon,French,force_india,Force India,Indian,11,19,R,0,0,Collision,,,,
2018,8,French Grand Prix,2018-06-24,Circuit Paul Ricard,France,gasly,10,GAS,Pierre,Gasly,French,toro_rosso,Toro Rosso,Italian,14,20,R,0,0,Collision,,,,
2018,9,Austrian Grand Prix,2018-07-01,Red Bull Ring,Austria,max_verstappen,33,VER,Max,Verstappen,Dutch,red_bull,Red Bull,Austrian,4,1,1,25,71,Finished,4,70,1:07.442,230.491
2018,9,Austrian Grand Prix,2018-07-01,Red Bull Ring,Austria,raikkonen,7,RAI,Kimi,Räikkönen,Finnish,ferrari,Ferrari,Italian,3,2,2,18,71,Finished,1,71,1:06.957,232.160
2018,9,Austrian Grand Prix,2018-07-01,Red Bull Ring,Austria,vettel,5,VET,Sebastian,Vettel,German,ferrari,Ferrari,Italian,6,3,3,15,71,Finished,2,67,1:07.082,231.728
2018,9,Austrian Grand Prix,2018-07-01,Red Bull Ring,Austria,grosjean,8,GRO,Romain,Grosjean,French,haas,Haas F1 Team,American,5,4,4,12,70,+1 Lap,16,17,1:09.071,225.055
2018,9,Austrian Grand Prix,2018-07-01,Red Bull Ring,Austria,kevin_magnussen,20,MAG,Kevin,Magnussen,Danish,haas,Haas F1 Team,American,8,5,5,10,70,+1 Lap,7,70,1:08.476,227.010
2018,9,Austrian Grand Prix,2018-07-01,Red Bull Ring,Austria,ocon,31,OCO,Esteban,Ocon,French,force_india,Force India,Indian,11,6,6,8,70,+1 Lap,11,64,1:08.850,225.777
2018,9,Austrian Grand Prix,2018-07-01,Red Bull Ring,Austria,perez,11,PER,Sergio,Pérez,Mexican,force_india,Force India,Indian,16,7,7,6,70,+1 Lap,8,66,1:08.504,226.918
2018,9,Austrian Grand Prix,2018-07-01,Red Bull Ring,Austria,alonso,14,ALO,Fernando,Alonso,Spanish,mclaren,McLaren,British,13,8,8,4,70,+1 Lap,9,69,1:08.661,226.399
2018,9,Austrian Grand Prix,2018-07-01,Red Bull Ring,Austria,leclerc,16,LEC,Charles,Leclerc,Monegasque,sauber,Sauber,Swiss,18,9,9,2,70,+1 Lap,14,68,1:09.006,225.267
2018,9,Austrian Grand Prix,2018-07-01,Red Bull Ring,Austria,ericsson,9,ERI,Marcus,Ericsson,Swedish,sauber,Sauber,Swiss,20,10,10,1,70,+1 Lap,6,67,1:08.216,227.876
2018,9,Austrian Grand Prix,2018-07-01,Red Bull Ring,Austria,gasly,10,GAS,Pierre,Gasly,French,toro_rosso,Toro Rosso,Italian,12,11,11,0,70,+1 Lap,19,38,1:09.295,224.327
2018,9,Austrian Grand Prix,2018-07-01,Red Bull Ring,Austria,sainz,55,SAI,Carlos,Sainz,Spanish,renault,Renault,French,9,12,12,0,70,+1 Lap,10,37,1:08.766,226.053
2018,9,Austrian Grand Prix,2018-07-01,Red Bull Ring,Austria,sirotkin,35,SIR,Sergey,Sirotkin,Russian,williams,Williams,British,17,13,13,0,69,+2 Laps,13,64,1:08.971,225.381
2018,9,Austrian Grand Prix,2018-07-01,Red Bull Ring,Austria,stroll,18,STR,Lance,Stroll,Canadian,williams,Williams,British,14,14,14,0,69,+2 Laps,18,68,1:09.203,224.626
2018,9,Austrian Grand Prix,2018-07-01,Red Bull Ring,Austria,vandoorne,2,VAN,Stoffel,Vandoorne,Belgian,mclaren,McLaren,British,15,15,15,0,65,Collision damage,12,63,1:08.894,225.633
2018,9,Austrian Grand Prix,2018-07-01,Red Bull Ring,Austria,hamilton,44,HAM,Lewis,Hamilton,British,mercedes,Mercedes,German,2,16,R,0,62,Fuel pressure,3,58,1:07.241,231.180
2018,9,Austrian Grand Prix,2018-07-01,Red Bull Ring,Austria,brendon_hartley,28,HAR,Brendon,Hartley,New Zealander,toro_rosso,Toro Rosso,Italian,19,17,R,0,54,Hydraulics,17,42,1:09.171,224.730
2018,9,Austrian Grand Prix,2018-07-01,Red Bull Ring,Austria,ricciardo,3,RIC,Daniel,Ricciardo,Australian,red_bull,Red Bull,Austrian,7,18,R,0,53,Exhaust,5,46,1:07.591,229.983
2018,9,Austrian Grand Prix,2018-07-01,Red Bull Ring,Austria,bottas,77,BOT,Valtteri,Bottas,Finnish,mercedes,Mercedes,German,1,19,R,0,13,Hydraulics,15,12,1:09.044,225.143
2018,9,Austrian Grand Prix,2018-07-01,Red Bull Ring,Austria,hulkenberg,27,HUL,Nico,Hülkenberg,German,renault,Renault,French,10,20,R,0,11,Engine,20,7,1:10.380,220.869
2018,10,British Grand Prix,2018-07-08,Silverstone Circuit,UK,vettel,5,VET,Sebastian,Vettel,German,ferrari,Ferrari,Italian,2,1,1,25,52,Finished,1,47,1:30.696,233.831
2018,10,British Grand Prix,2018-07-08,Silverstone Circuit,UK,hamilton,44,HAM,Lewis,Hamilton,British,mercedes,Mercedes,German,1,2,2,18,52,Finished,3,52,1:31.245,232.424
2018,10,British Grand Prix,2018-07-08,Silverstone Circuit,UK,raikkonen,7,RAI,Kimi,Räikkönen,Finnish,ferrari,Ferrari,Italian,3,3,3,15,52,Finished,2,51,1:30.795,233.576
2018,10,British Grand Prix,2018-07-08,Silverstone Circuit,UK,bottas,77,BOT,Valtteri,Bottas,Finnish,mercedes,Mercedes,German,4,4,4,12,52,Finished,4,43,1:31.377,232.089
2018,10,British Grand Prix,2018-07-08,Silverstone Circuit,UK,ricciardo,3,RIC,Daniel,Ricciardo,Australian,red_bull,Red Bull,Austrian,6,5,5,10,52,Finished,5,46,1:31.589,231.551
2018,10,British Grand Prix,2018-07-08,Silverstone Circuit,UK,hulkenberg,27,HUL,Nico,Hülkenberg,German,renault,Renault,French,11,6,6,8,52,Finished,7,48,1:33.405,227.049
2018,10,British Grand Prix,2018-07-08,Silverstone Circuit,UK,ocon,31,OCO,Esteban,Ocon,French,force_india,Force India,Indian,10,7,7,6,52,Finished,13,48,1:33.606,226.562
2018,10,British Grand Prix,2018-07-08,Silverstone Circuit,UK,alonso,14,ALO,Fernando,Alonso,Spanish,mclaren,McLaren,British,13,8,8,4,52,Finished,10,52,1:33.482,226.862
2018,10,British Grand Prix,2018-07-08,Silverstone Circuit,UK,kevin_magnussen,20,MAG,Kevin,Magnussen,Danish,haas,Haas F1 Team,American,7,9,9,2,52,Finished,12,48,1:33.604,226.567
2018,10,British Grand Prix,2018-07-08,Silverstone Circuit,UK,perez,11,PER,Sergio,Pérez,Mexican,force_india,Force India,Indian,12,10,10,1,52,Finished,9,48,1:33.472,226.887
2018,10,British Grand Prix,2018-07-08,Silverstone Circuit,UK,vandoorne,2,VAN,Stoffel,Vandoorne,Belgian,mclaren,McLaren,British,17,11,11,0,52,Finished,11,48,1:33.551,226.695
2018,10,British Grand Prix,2018-07-08,Silverstone Circuit,UK,stroll,18,STR,Lance,Stroll,Canadian,williams,Williams,British,19,12,12,0,52,Finished,15,48,1:33.869,225.927
2018,10,British Grand Prix,2018-07-08,Silverstone Circuit,UK,gasly,10,GAS,Pierre,Gasly,French,toro_rosso,Toro Rosso,Italian,14,13,13,0,52,Finished,8,48,1:33.465,226.904
2018,10,British Grand Prix,2018-07-08,Silverstone Circuit,UK,sirotkin,35,SIR,Sergey,Sirotkin,Russian,williams,Williams,British,18,14,14,0,52,Finished,18,52,1:34.620,224.134
2018,10,British Grand Prix,2018-07-08,Silverstone Circuit,UK,max_verstappen,33,VER,Max,Verstappen,Dutch,red_bull,Red Bull,Austrian,5,15,R,0,46,Brakes,6,42,1:32.007,230.499
2018,10,British Grand Prix,2018-07-08,Silverstone Circuit,UK,grosjean,8,GRO,Romain,Grosjean,French,haas,Haas F1 Team,American,8,16,R,0,37,Collision,16,28,1:34.391,224.678
2018,10,British Grand Prix,2018-07-08,Silverstone Circuit,UK,sainz,55,SAI,Carlos,Sainz,Spanish,renault,Renault,French,16,17,R,0,37,Collision,17,25,1:34.602,224.177
2018,10,British Grand Prix,2018-07-08,Silverstone Circuit,UK,ericsson,9,ERI,Marcus,Ericsson,Swedish,sauber,Sauber,Swiss,15,18,R,0,31,Accident,14,26,1:33.675,226.395
2018,10,British Grand Prix,2018-07-08,Silverstone Circuit,UK,leclerc,16,LEC,Charles,Leclerc,Monegasque,sauber,Sauber,Swiss,9,19,R,0,18,Tyre,19,3,1:35.209,222.747
2018,10,British Grand Prix,2018-07-08,Silverstone Circuit,UK,brendon_hartley,28,HAR,Brendon,Hartley,New Zealander,toro_rosso,Toro Rosso,Italian,0,20,R,0,1,Power Unit,,,,
2018,11,German Grand Prix,2018-07-22,Hockenheimring,Germany,hamilton,44,HAM,Lewis,Hamilton,British,mercedes,Mercedes,German,14,1,1,25,67,Finished,1,66,1:15.545,217.968
2018,11,German Grand Prix,2018-07-22,Hockenheimring,Germany,bottas,77,BOT,Valtteri,Bottas,Finnish,mercedes,Mercedes,German,2,2,2,18,67,Finished,2,65,1:15.721,217.461
2018,11,German Grand Prix,2018-07-22,Hockenheimring,Germany,raikkonen,7,RAI,Kimi,Räikkönen,Finnish,ferrari,Ferrari,Italian,3,3,3,15,67,Finished,4,64,1:15.990,216.691
2018,11,German Grand Prix,2018-07-22,Hockenheimring,Germany,max_verstappen,33,VER,Max,Verstappen,Dutch,red_bull,Red Bull,Austrian,4,4,4,12,67,Finished,3,66,1:15.852,217.085
2018,11,German Grand Prix,2018-07-22,Hockenheimring,Germany,hulkenberg,27,HUL,Nico,Hülkenberg,German,renault,Renault,French,7,5,5,10,67,Finished,16,66,1:17.910,211.351
2018,11,German Grand Prix,2018-07-22,Hockenheimring,Germany,grosjean,8,GRO,Romain,Grosjean,French,haas,Haas F1 Team,American,6,6,6,8,67,Finished,5,66,1:16.716,214.641
2018,11,German Grand Prix,2018-07-22,Hockenheimring,Germany,perez,11,PER,Sergio,Pérez,Mexican,force_india,Force India,Indian,10,7,7,6,67,Finished,15,66,1:17.867,211.468
2018,11,German Grand Prix,2018-07-22,Hockenheimring,Germany,ocon,31,OCO,Esteban,Ocon,French,force_india,Force India,Indian,15,8,8,4,67,Finished,17,64,1:17.941,211.267
2018,11,German Grand Prix,2018-07-22,Hockenheimring,Germany,ericsson,9,ERI,Marcus,Ericsson,Swedish,sauber,Sauber,Swiss,13,9,9,2,67,Finished,12,65,1:17.745,211.800
2018,11,German Grand Prix,2018-07-22,Hockenheimring,Germany,brendon_hartley,28,HAR,Brendon,Hartley,New Zealander,toro_rosso,Toro Rosso,Italian,17,10,10,1,67,Finished,9,66,1:17.681,211.974
2018,11,German Grand Prix,2018-07-22,Hockenheimring,Germany,kevin_magnussen,20,MAG,Kevin,Magnussen,Danish,haas,Haas F1 Team,American,5,11,11,0,67,Finished,10,66,1:17.697,211.930
2018,11,German Grand Prix,2018-07-22,Hockenheimring,Germany,sainz,55,SAI,Carlos,Sainz,Spanish,renault,Renault,French,8,12,12,0,67,Finished,7,63,1:17.430,212.661
2018,11,German Grand Prix,2018-07-22,Hockenheimring,Germany,vandoorne,2,VAN,Stoffel,Vandoorne,Belgian,mclaren,McLaren,British,19,13,13,0,67,Finished,8,67,1:17.537,212.368
2018,11,German Grand Prix,2018-07-22,Hockenheimring,Germany,gasly,10,GAS,Pierre,Gasly,French,toro_rosso,Toro Rosso,Italian,16,14,14,0,66,+1 Lap,13,66,1:17.762,211.753
2018,11,German Grand Prix,2018-07-22,Hockenheimring,Germany,leclerc,16,LEC,Charles,Leclerc,Monegasque,sauber,Sauber,Swiss,9,15,15,0,66,+1 Lap,14,64,1:17.852,211.509
2018,11,German Grand Prix,2018-07-22,Hockenheimring,Germany,alonso,14,ALO,Fernando,Alonso,Spanish,mclaren,McLaren,British,11,16,16,0,65,Retired,11,60,1:17.741,211.811
2018,11,German Grand Prix,2018-07-22,Hockenheimring,Germany,stroll,18,STR,Lance,Stroll,Canadian,williams,Williams,British,18,17,R,0,53,Engine,19,35,1:18.861,208.802
2018,11,German Grand Prix,2018-07-22,Hockenheimring,Germany,vettel,5,VET,Sebastian,Vettel,German,ferrari,Ferrari,Italian,1,18,R,0,51,Accident,6,39,1:17.290,213.046
2018,11,German Grand Prix,2018-07-22,Hockenheimring,Germany,sirotkin,35,SIR,Sergey,Sirotkin,Russian,williams,Williams,British,12,19,R,0,51,Engine,20,36,1:18.934,208.609
2018,11,German Grand Prix,2018-07-22,Hockenheimring,Germany,ricciardo,3,RIC,Daniel,Ricciardo,Australian,red_bull,Red Bull,Austrian,20,20,R,0,27,Engine,18,22,1:18.262,210.400
2018,12,Hungarian Grand Prix,2018-07-29,Hungaroring,Hungary,hamilton,44,HAM,Lewis,Hamilton,British,mercedes,Mercedes,German,1,1,1,25,70,Finished,4,63,1:21.107,194.454
2018,12,Hungarian Grand Prix,2018-07-29,Hungaroring,Hungary,vettel,5,VET,Sebastian,Vettel,German,ferrari,Ferrari,Italian,4,2,2,18,70,Finished,2,70,1:20.056,197.007
2018,12,Hungarian Grand Prix,2018-07-29,Hungaroring,Hungary,raikkonen,7,RAI,Kimi,Räikkönen,Finnish,ferrari,Ferrari,Italian,3,3,3,15,70,Finished,3,55,1:20.292,196.428
2018,12,Hungarian Grand Prix,2018-07-29,Hungaroring,Hungary,ricciardo,3,RIC,Daniel,Ricciardo,Australian,red_bull,Red Bull,Austrian,12,4,4,12,70,Finished,1,46,1:20.012,197.115
2018,12,Hungarian Grand Prix,2018-07-29,Hungaroring,Hungary,bottas,77,BOT,Valtteri,Bottas,Finnish,mercedes,Mercedes,German,2,5,5,10,70,Finished,8,39,1:21.736,192.957
2018,12,Hungarian Grand Prix,2018-07-29,Hungaroring,Hungary,gasly,10,GAS,Pierre,Gasly,French,toro_rosso,Toro Rosso,Italian,6,6,6,8,70,Finished,7,64,1:21.685,193.078
2018,12,Hungarian Grand Prix,2018-07-29,Hungaroring,Hungary,kevin_magnussen,20,MAG,Kevin,Magnussen,Danish,haas,Haas F1 Team,American,9,7,7,6,69,+1 Lap,6,60,1:21.302,193.987
2018,12,Hungarian Grand Prix,2018-07-29,Hungaroring,Hungary,alonso,14,ALO,Fernando,Alonso,Spanish,mclaren,McLaren,British,11,8,8,4,69,+1 Lap,9,68,1:22.090,192.125
2018,12,Hungarian Grand Prix,2018-07-29,Hungaroring,Hungary,sainz,55,SAI,Carlos,Sainz,Spanish,renault,Renault,French,5,9,9,2,69,+1 Lap,13,58,1:22.774,190.538
2018,12,Hungarian Grand Prix,2018-07-29,Hungaroring,Hungary,grosjean,8,GRO,Romain,Grosjean,French,haas,Haas F1 Team,American,10,10,10,1,69,+1 Lap,10,58,1:22.606,190.925
2018,12,Hungarian Grand Prix,2018-07-29,Hungaroring,Hungary,brendon_hartley,28,HAR,Brendon,Hartley,New Zealander,toro_rosso,Toro Rosso,Italian,8,11,11,0,69,+1 Lap,11,62,1:22.612,190.911
2018,12,Hungarian Grand Prix,2018-07-29,Hungaroring,Hungary,hulkenberg,27,HUL,Nico,Hülkenberg,German,renault,Renault,French,13,12,12,0,69,+1 Lap,5,69,1:21.261,194.085
2018,12,Hungarian Grand Prix,2018-07-29,Hungaroring,Hungary,ocon,31,OCO,Esteban,Ocon,French,force_india,Force India,Indian,18,13,13,0,69,+1 Lap,14,63,1:22.876,190.303
2018,12,Hungarian Grand Prix,2018-07-29,Hungaroring,Hungary,perez,11,PER,Sergio,Pérez,Mexican,force_india,Force India,Indian,19,14,14,0,69,+1 Lap,16,56,1:23.263,189.419
2018,12,Hungarian Grand Prix,2018-07-29,Hungaroring,Hungary,ericsson,9,ERI,Marcus,Ericsson,Swedish,sauber,Sauber,Swiss,14,15,15,0,68,+2 Laps,17,53,1:23.671,188.495
2018,12,Hungarian Grand Prix,2018-07-29,Hungaroring,Hungary,sirotkin,35,SIR,Sergey,Sirotkin,Russian,williams,Williams,British,20,16,16,0,68,+2 Laps,18,53,1:23.708,188.412
2018,12,Hungarian Grand Prix,2018-07-29,Hungaroring,Hungary,stroll,18,STR,Lance,Stroll,Canadian,williams,Williams,British,15,17,17,0,68,+2 Laps,12,51,1:22.660,190.800
2018,12,Hungarian Grand Prix,2018-07-29,Hungaroring,Hungary,vandoorne,2,VAN,Stoffel,Vandoorne,Belgian,mclaren,McLaren,British,16,18,R,0,49,Gearbox,15,46,1:23.077,189.843
2018,12,Hungarian Grand Prix,2018-07-29,Hungaroring,Hungary,max_verstappen,33,VER,Max,Verstappen,Dutch,red_bull,Red Bull,Austrian,7,19,R,0,5,Power loss,19,5,1:23.985,187.790
2018,12,Hungarian Grand Prix,2018-07-29,Hungaroring,Hungary,leclerc,16,LEC,Charles,Leclerc,Monegasque,sauber,Sauber,Swiss,17,20,R,0,0,Suspension,,,,
2018,13,Belgian Grand Prix,2018-08-26,Circuit de Spa-Francorchamps,Belgium,vettel,5,VET,Sebastian,Vettel,German,ferrari,Ferrari,Italian,2,1,1,25,44,Finished,2,25,1:46.644,236.435
2018,13,Belgian Grand Prix,2018-08-26,Circuit de Spa-Francorchamps,Belgium,hamilton,44,HAM,Lewis,Hamilton,British,mercedes,Mercedes,German,1,2,2,18,44,Finished,3,23,1:46.721,236.264
2018,13,Belgian Grand Prix,2018-08-26,Circuit de Spa-Francorchamps,Belgium,max_verstappen,33,VER,Max,Verstappen,Dutch,red_bull,Red Bull,Austrian,7,3,3,15,44,Finished,4,36,1:46.946,235.767
2018,13,Belgian Grand Prix,2018-08-26,Circuit de Spa-Francorchamps,Belgium,bottas,77,BOT,Valtteri,Bottas,Finnish,mercedes,Mercedes,German,19,4,4,12,44,Finished,1,32,1:46.286,237.231
2018,13,Belgian Grand Prix,2018-08-26,Circuit de Spa-Francorchamps,Belgium,perez,11,PER,Sergio,Pérez,Mexican,force_india,Force India,Indian,4,5,5,10,44,Finished,7,38,1:48.080,233.293
2018,13,Belgian Grand Prix,2018-08-26,Circuit de Spa-Francorchamps,Belgium,ocon,31,OCO,Esteban,Ocon,French,force_india,Force India,Indian,3,6,6,8,44,Finished,6,35,1:48.078,233.298
2018,13,Belgian Grand Prix,2018-08-26,Circuit de Spa-Francorchamps,Belgium,grosjean,8,GRO,Romain,Grosjean,French,haas,Haas F1 Team,American,5,7,7,6,44,Finished,8,35,1:48.283,232.856
2018,13,Belgian Grand Prix,2018-08-26,Circuit de Spa-Francorchamps,Belgium,kevin_magnussen,20,MAG,Kevin,Magnussen,Danish,haas,Haas F1 Team,American,9,8,8,4,44,Finished,5,36,1:47.937,233.602
2018,13,Belgian Grand Prix,2018-08-26,Circuit de Spa-Francorchamps,Belgium,gasly,10,GAS,Pierre,Gasly,French,toro_rosso,Toro Rosso,Italian,10,9,9,2,44,Finished,9,36,1:48.588,232.202
2018,13,Belgian Grand Prix,2018-08-26,Circuit de Spa-Francorchamps,Belgium,ericsson,9,ERI,Marcus,Ericsson,Swedish,sauber,Sauber,Swiss,13,10,10,1,43,+1 Lap,11,35,1:48.694,231.976
2018,13,Belgian Grand Prix,2018-08-26,Circuit de Spa-Francorchamps,Belgium,sainz,55,SAI,Carlos,Sainz,Spanish,renault,Renault,French,14,11,11,0,43,+1 Lap,10,32,1:48.670,232.027
2018,13,Belgian Grand Prix,2018-08-26,Circuit de Spa-Francorchamps,Belgium,sirotkin,35,SIR,Sergey,Sirotkin,Russian,williams,Williams,British,16,12,12,0,43,+1 Lap,14,42,1:49.113,231.085
2018,13,Belgian Grand Prix,2018-08-26,Circuit de Spa-Francorchamps,Belgium,stroll,18,STR,Lance,Stroll,Canadian,williams,Williams,British,17,13,13,0,43,+1 Lap,16,39,1:49.287,230.717
2018,13,Belgian Grand Prix,2018-08-26,Circuit de Spa-Francorchamps,Belgium,brendon_hartley,28,HAR,Brendon,Hartley,New Zealander,toro_rosso,Toro Rosso,Italian,11,14,14,0,43,+1 Lap,12,33,1:48.756,231.843
2018,13,Belgian Grand Prix,2018-08-26,Circuit de Spa-Francorchamps,Belgium,vandoorne,2,VAN,Stoffel,Vandoorne,Belgian,mclaren,McLaren,British,18,15,15,0,43,+1 Lap,13,38,1:48.956,231.418
2018,13,Belgian Grand Prix,2018-08-26,Circuit de Spa-Francorchamps,Belgium,ricciardo,3,RIC,Daniel,Ricciardo,Australian,red_bull,Red Bull,Austrian,8,16,R,0,28,Retired,15,27,1:49.242,230.812
2018,13,Belgian Grand Prix,2018-08-26,Circuit de Spa-Francorchamps,Belgium,raikkonen,7,RAI,Kimi,Räikkönen,Finnish,ferrari,Ferrari,Italian,6,17,R,0,8,Brakes,17,6,1:54.320,220.559
2018,13,Belgian Grand Prix,2018-08-26,Circuit de Spa-Francorchamps,Belgium,leclerc,16,LEC,Charles,Leclerc,Monegasque,sauber,Sauber,Swiss,12,18,R,0,0,Accident,,,,
2018,13,Belgian Grand Prix,2018-08-26,Circuit de Spa-Francorchamps,Belgium,alonso,14,ALO,Fernando,Alonso,Spanish,mclaren,McLaren,British,15,19,R,0,0,Accident,,,,
2018,13,Belgian Grand Prix,2018-08-26,Circuit de Spa-Francorchamps,Belgium,hulkenberg,27,HUL,Nico,Hülkenberg,German,renault,Renault,French,20,20,R,0,0,Accident,,,,
2018,14,Italian Grand Prix,2018-09-02,Autodromo Nazionale di Monza,Italy,hamilton,44,HAM,Lewis,Hamilton,British,mercedes,Mercedes,German,3,1,1,25,53,Finished,1,30,1:22.497,252.794
2018,14,Italian Grand Prix,2018-09-02,Autodromo Nazionale di Monza,Italy,raikkonen,7,RAI,Kimi,Räikkönen,Finnish,ferrari,Ferrari,Italian,1,2,2,18,53,Finished,4,28,1:23.515,249.713
2018,14,Italian Grand Prix,2018-09-02,Autodromo Nazionale di Monza,Italy,bottas,77,BOT,Valtteri,Bottas,Finnish,mercedes,Mercedes,German,4,3,3,15,53,Finished,3,39,1:22.907,251.544
2018,14,Italian Grand Prix,2018-09-02,Autodromo Nazionale di Monza,Italy,vettel,5,VET,Sebastian,Vettel,German,ferrari,Ferrari,Italian,2,4,4,12,53,Finished,2,51,1:22.505,252.770
2018,14,Italian Grand Prix,2018-09-02,Autodromo Nazionale di Monza,Italy,max_verstappen,33,VER,Max,Verstappen,Dutch,red_bull,Red Bull,Austrian,5,5,5,10,53,Finished,6,41,1:23.609,249.432
2018,14,Italian Grand Prix,2018-09-02,Autodromo Nazionale di Monza,Italy,ocon,31,OCO,Esteban,Ocon,French,force_india,Force India,Indian,8,6,6,8,53,Finished,12,48,1:24.243,247.555
2018,14,Italian Grand Prix,2018-09-02,Autodromo Nazionale di Monza,Italy,perez,11,PER,Sergio,Pérez,Mexican,force_india,Force India,Indian,14,7,7,6,53,Finished,11,44,1:24.179,247.743
2018,14,Italian Grand Prix,2018-09-02,Autodromo Nazionale di Monza,Italy,sainz,55,SAI,Carlos,Sainz,Spanish,renault,Renault,French,7,8,8,4,53,Finished,5,43,1:23.529,249.671
2018,14,Italian Grand Prix,2018-09-02,Autodromo Nazionale di Monza,Italy,stroll,18,STR,Lance,Stroll,Canadian,williams,Williams,British,10,9,9,2,52,+1 Lap,9,52,1:24.056,248.106
2018,14,Italian Grand Prix,2018-09-02,Autodromo Nazionale di Monza,Italy,sirotkin,35,SIR,Sergey,Sirotkin,Russian,williams,Williams,British,12,10,10,1,52,+1 Lap,14,39,1:24.580,246.568
2018,14,Italian Grand Prix,2018-09-02,Autodromo Nazionale di Monza,Italy,leclerc,16,LEC,Charles,Leclerc,Monegasque,sauber,Sauber,Swiss,15,11,11,0,52,+1 Lap,8,52,1:23.768,248.959
2018,14,Italian Grand Prix,2018-09-02,Autodromo Nazionale di Monza,Italy,vandoorne,2,VAN,Stoffel,Vandoorne,Belgian,mclaren,McLaren,British,17,12,12,0,52,+1 Lap,13,52,1:24.504,246.790
2018,14,Italian Grand Prix,2018-09-02,Autodromo Nazionale di Monza,Italy,hulkenberg,27,HUL,Nico,Hülkenberg,German,renault,Renault,French,20,13,13,0,52,+1 Lap,16,47,1:24.772,246.010
2018,14,Italian Grand Prix,2018-09-02,Autodromo Nazionale di Monza,Italy,gasly,10,GAS,Pierre,Gasly,French,toro_rosso,Toro Rosso,Italian,9,14,14,0,52,+1 Lap,10,47,1:24.059,248.097
2018,14,Italian Grand Prix,2018-09-02,Autodromo Nazionale di Monza,Italy,ericsson,9,ERI,Marcus,Ericsson,Swedish,sauber,Sauber,Swiss,18,15,15,0,52,+1 Lap,15,46,1:24.767,246.024
2018,14,Italian Grand Prix,2018-09-02,Autodromo Nazionale di Monza,Italy,kevin_magnussen,20,MAG,Kevin,Magnussen,Danish,haas,Haas F1 Team,American,11,16,16,0,52,+1 Lap,7,44,1:23.768,248.959
2018,14,Italian Grand Prix,2018-09-02,Autodromo Nazionale di Monza,Italy,ricciardo,3,RIC,Daniel,Ricciardo,Australian,red_bull,Red Bull,Austrian,19,17,R,0,23,Engine,18,46,1:25.692,243.369
2018,14,Italian Grand Prix,2018-09-02,Autodromo Nazionale di Monza,Italy,alonso,14,ALO,Fernando,Alonso,Spanish,mclaren,McLaren,British,13,18,R,0,9,Engine,17,18,1:25.229,244.691
2018,14,Italian Grand Prix,2018-09-02,Autodromo Nazionale di Monza,Italy,brendon_hartley,28,HAR,Brendon,Hartley,New Zealander,toro_rosso,Toro Rosso,Italian,16,19,R,0,0,Brakes,19,6,1:27.009,239.685
2018,14,Italian Grand Prix,2018-09-02,Autodromo Nazionale di Monza,Italy,grosjean,8,GRO,Romain,Grosjean,French,haas,Haas F1 Team,American,6,20,D,0,53,Disqualified,,,,
2018,15,Singapore Grand Prix,2018-09-16,Marina Bay Street Circuit,Singapore,hamilton,44,HAM,Lewis,Hamilton,British,mercedes,Mercedes,German,1,1,1,25,61,Finished,2,56,1:42.913,177.108
2018,15,Singapore Grand Prix,2018-09-16,Marina Bay Street Circuit,Singapore,max_verstappen,33,VER,Max,Verstappen,Dutch,red_bull,Red Bull,Austrian,2,2,2,18,61,Finished,5,54,1:43.345,176.368
2018,15,Singapore Grand Prix,2018-09-16,Marina Bay Street Circuit,Singapore,vettel,5,VET,Sebastian,Vettel,German,ferrari,Ferrari,Italian,3,3,3,15,61,Finished,6,48,1:44.669,174.137
2018,15,Singapore Grand Prix,2018-09-16,Marina Bay Street Circuit,Singapore,bottas,77,BOT,Valtteri,Bottas,Finnish,mercedes,Mercedes,German,4,4,4,12,61,Finished,8,42,1:44.720,174.052
2018,15,Singapore Grand Prix,2018-09-16,Marina Bay Street Circuit,Singapore,raikkonen,7,RAI,Kimi,Räikkönen,Finnish,ferrari,Ferrari,Italian,5,5,5,10,61,Finished,7,46,1:44.715,174.061
2018,15,Singapore Grand Prix,2018-09-16,Marina Bay Street Circuit,Singapore,ricciardo,3,RIC,Daniel,Ricciardo,Australian,red_bull,Red Bull,Austrian,6,6,6,8,61,Finished,3,59,1:43.120,176.753
2018,15,Singapore Grand Prix,2018-09-16,Marina Bay Street Circuit,Singapore,alonso,14,ALO,Fernando,Alonso,Spanish,mclaren,McLaren,British,11,7,7,6,61,Finished,4,57,1:43.164,176.677
2018,15,Singapore Grand Prix,2018-09-16,Marina Bay Street Circuit,Singapore,sainz,55,SAI,Carlos,Sainz,Spanish,renault,Renault,French,12,8,8,4,60,+1 Lap,12,50,1:45.211,173.240
2018,15,Singapore Grand Prix,2018-09-16,Marina Bay Street Circuit,Singapore,leclerc,16,LEC,Charles,Leclerc,Monegasque,sauber,Sauber,Swiss,13,9,9,2,60,+1 Lap,11,57,1:45.203,173.253
2018,15,Singapore Grand Prix,2018-09-16,Marina Bay Street Circuit,Singapore,hulkenberg,27,HUL,Nico,Hülkenberg,German,renault,Renault,French,10,10,10,1,60,+1 Lap,19,53,1:46.093,171.800
2018,15,Singapore Grand Prix,2018-09-16,Marina Bay Street Circuit,Singapore,ericsson,9,ERI,Marcus,Ericsson,Swedish,sauber,Sauber,Swiss,14,11,11,0,60,+1 Lap,10,50,1:45.169,173.309
2018,15,Singapore Grand Prix,2018-09-16,Marina Bay Street Circuit,Singapore,vandoorne,2,VAN,Stoffel,Vandoorne,Belgian,mclaren,McLaren,British,18,12,12,0,60,+1 Lap,14,50,1:45.555,172.675
2018,15,Singapore Grand Prix,2018-09-16,Marina Bay Street Circuit,Singapore,gasly,10,GAS,Pierre,Gasly,French,toro_rosso,Toro Rosso,Italian,15,13,13,0,60,+1 Lap,18,56,1:46.063,171.848
2018,15,Singapore Grand Prix,2018-09-16,Marina Bay Street Circuit,Singapore,stroll,18,STR,Lance,Stroll,Canadian,williams,Williams,British,20,14,14,0,60,+1 Lap,17,53,1:46.033,171.897
2018,15,Singapore Grand Prix,2018-09-16,Marina Bay Street Circuit,Singapore,grosjean,8,GRO,Romain,Grosjean,French,haas,Haas F1 Team,American,8,15,15,0,60,+1 Lap,16,57,1:45.904,172.106
2018,15,Singapore Grand Prix,2018-09-16,Marina Bay Street Circuit,Singapore,perez,11,PER,Sergio,Pérez,Mexican,force_india,Force India,Indian,7,16,16,0,60,+1 Lap,13,48,1:45.389,172.947
2018,15,Singapore Grand Prix,2018-09-16,Marina Bay Street Circuit,Singapore,brendon_hartley,28,HAR,Brendon,Hartley,New Zealander,toro_rosso,Toro Rosso,Italian,17,17,17,0,60,+1 Lap,9,38,1:44.889,173.772
2018,15,Singapore Grand Prix,2018-09-16,Marina Bay Street Circuit,Singapore,kevin_magnussen,20,MAG,Kevin,Magnussen,Danish,haas,Haas F1 Team,American,16,18,18,0,59,+2 Laps,1,50,1:41.905,178.860
2018,15,Singapore Grand Prix,2018-09-16,Marina Bay Street Circuit,Singapore,sirotkin,35,SIR,Sergey,Sirotkin,Russian,williams,Williams,British,19,19,19,0,59,+2 Laps,15,48,1:45.902,172.110
2018,15,Singapore Grand Prix,2018-09-16,Marina Bay Street Circuit,Singapore,ocon,31,OCO,Esteban,Ocon,French,force_india,Force India,Indian,9,20,R,0,0,Collision,,,,
2018,16,Russian Grand Prix,2018-09-30,Sochi Autodrom,Russia,hamilton,44,HAM,Lewis,Hamilton,British,mercedes,Mercedes,German,2,1,1,25,53,Finished,2,50,1:35.916,219.492
2018,16,Russian Grand Prix,2018-09-30,Sochi Autodrom,Russia,bottas,77,BOT,Valtteri,Bottas,Finnish,mercedes,Mercedes,German,1,2,2,18,53,Finished,1,50,1:35.861,219.617
2018,16,Russian Grand Prix,2018-09-30,Sochi Autodrom,Russia,vettel,5,VET,Sebastian,Vettel,German,ferrari,Ferrari,Italian,3,3,3,15,53,Finished,3,50,1:35.990,219.322
2018,16,Russian Grand Prix,2018-09-30,Sochi Autodrom,Russia,raikkonen,7,RAI,Kimi,Räikkönen,Finnish,ferrari,Ferrari,Italian,4,4,4,12,53,Finished,6,47,1:36.611,217.913
2018,16,Russian Grand Prix,2018-09-30,Sochi Autodrom,Russia,max_verstappen,33,VER,Max,Verstappen,Dutch,red_bull,Red Bull,Austrian,19,5,5,10,53,Finished,4,45,1:36.283,218.655
2018,16,Russian Grand Prix,2018-09-30,Sochi Autodrom,Russia,ricciardo,3,RIC,Daniel,Ricciardo,Australian,red_bull,Red Bull,Austrian,18,6,6,8,53,Finished,5,41,1:36.345,218.514
2018,16,Russian Grand Prix,2018-09-30,Sochi Autodrom,Russia,leclerc,16,LEC,Charles,Leclerc,Monegasque,sauber,Sauber,Swiss,7,7,7,6,53,Finished,9,52,1:38.107,214.590
2018,16,Russian Grand Prix,2018-09-30,Sochi Autodrom,Russia,kevin_magnussen,20,MAG,Kevin,Magnussen,Danish,haas,Haas F1 Team,American,5,8,8,4,52,+1 Lap,8,52,1:38.015,214.791
2018,16,Russian Grand Prix,2018-09-30,Sochi Autodrom,Russia,ocon,31,OCO,Esteban,Ocon,French,force_india,Force India,Indian,6,9,9,2,52,+1 Lap,12,52,1:38.366,214.025
2018,16,Russian Grand Prix,2018-09-30,Sochi Autodrom,Russia,perez,11,PER,Sergio,Pérez,Mexican,force_india,Force India,Indian,8,10,10,1,52,+1 Lap,11,47,1:38.300,214.168
2018,16,Russian Grand Prix,2018-09-30,Sochi Autodrom,Russia,grosjean,8,GRO,Romain,Grosjean,French,haas,Haas F1 Team,American,9,11,11,0,52,+1 Lap,10,46,1:38.244,214.290
2018,16,Russian Grand Prix,2018-09-30,Sochi Autodrom,Russia,hulkenberg,27,HUL,Nico,Hülkenberg,German,renault,Renault,French,12,12,12,0,52,+1 Lap,13,52,1:39.108,212.422
2018,16,Russian Grand Prix,2018-09-30,Sochi Autodrom,Russia,ericsson,9,ERI,Marcus,Ericsson,Swedish,sauber,Sauber,Swiss,10,13,13,0,52,+1 Lap,7,39,1:37.931,214.975
2018,16,Russian Grand Prix,2018-09-30,Sochi Autodrom,Russia,alonso,14,ALO,Fernando,Alonso,Spanish,mclaren,McLaren,British,16,14,14,0,52,+1 Lap,15,44,1:39.590,211.394
2018,16,Russian Grand Prix,2018-09-30,Sochi Autodrom,Russia,stroll,18,STR,Lance,Stroll,Canadian,williams,Williams,British,14,15,15,0,52,+1 Lap,14,44,1:39.435,211.724
2018,16,Russian Grand Prix,2018-09-30,Sochi Autodrom,Russia,vandoorne,2,VAN,Stoffel,Vandoorne,Belgian,mclaren,McLaren,British,15,16,16,0,51,+2 Laps,18,41,1:39.922,210.692
2018,16,Russian Grand Prix,2018-09-30,Sochi Autodrom,Russia,sainz,55,SAI,Carlos,Sainz,Spanish,renault,Renault,French,11,17,17,0,51,+2 Laps,16,35,1:39.731,211.095
2018,16,Russian Grand Prix,2018-09-30,Sochi Autodrom,Russia,sirotkin,35,SIR,Sergey,Sirotkin,Russian,williams,Williams,British,13,18,18,0,51,+2 Laps,17,43,1:39.838,210.869
2018,16,Russian Grand Prix,2018-09-30,Sochi Autodrom,Russia,gasly,10,GAS,Pierre,Gasly,French,toro_rosso,Toro Rosso,Italian,17,19,R,0,4,Brakes,19,3,1:44.071,202.292
2018,16,Russian Grand Prix,2018-09-30,Sochi Autodrom,Russia,brendon_hartley,28,HAR,Brendon,Hartley,New Zealander,toro_rosso,Toro Rosso,Italian,20,20,R,0,4,Brakes,20,2,1:45.852,198.889
2018,17,Japanese Grand Prix,2018-10-07,Suzuka Circuit,Japan,hamilton,44,HAM,Lewis,Hamilton,British,mercedes,Mercedes,German,1,1,1,25,53,Finished,2,51,1:32.785,225.307
2018,17,Japanese Grand Prix,2018-10-07,Suzuka Circuit,Japan,bottas,77,BOT,Valtteri,Bottas,Finnish,mercedes,Mercedes,German,2,2,2,18,53,Finished,3,46,1:33.110,224.521
2018,17,Japanese Grand Prix,2018-10-07,Suzuka Circuit,Japan,max_verstappen,33,VER,Max,Verstappen,Dutch,red_bull,Red Bull,Austrian,3,3,3,15,53,Finished,6,50,1:33.367,223.903
2018,17,Japanese Grand Prix,2018-10-07,Suzuka Circuit,Japan,ricciardo,3,RIC,Daniel,Ricciardo,Australian,red_bull,Red Bull,Austrian,15,4,4,12,53,Finished,4,50,1:33.187,224.336
2018,17,Japanese Grand Prix,2018-10-07,Suzuka Circuit,Japan,raikkonen,7,RAI,Kimi,Räikkönen,Finnish,ferrari,Ferrari,Italian,4,5,5,10,53,Finished,12,28,1:34.223,221.869
2018,17,Japanese Grand Prix,2018-10-07,Suzuka Circuit,Japan,vettel,5,VET,Sebastian,Vettel,German,ferrari,Ferrari,Italian,8,6,6,8,53,Finished,1,53,1:32.318,226.447
2018,17,Japanese Grand Prix,2018-10-07,Suzuka Circuit,Japan,perez,11,PER,Sergio,Pérez,Mexican,force_india,Force India,Indian,9,7,7,6,53,Finished,9,43,1:34.073,222.223
2018,17,Japanese Grand Prix,2018-10-07,Suzuka Circuit,Japan,grosjean,8,GRO,Romain,Grosjean,French,haas,Haas F1 Team,American,5,8,8,4,53,Finished,15,47,1:34.786,220.551
2018,17,Japanese Grand Prix,2018-10-07,Suzuka Circuit,Japan,ocon,31,OCO,Esteban,Ocon,French,force_india,Force India,Indian,11,9,9,2,53,Finished,14,50,1:34.670,220.821
2018,17,Japanese Grand Prix,2018-10-07,Suzuka Circuit,Japan,sainz,55,SAI,Carlos,Sainz,Spanish,renault,Renault,French,13,10,10,1,52,+1 Lap,11,50,1:34.197,221.930
2018,17,Japanese Grand Prix,2018-10-07,Suzuka Circuit,Japan,gasly,10,GAS,Pierre,Gasly,French,toro_rosso,Toro Rosso,Italian,7,11,11,0,52,+1 Lap,10,35,1:34.133,222.081
2018,17,Japanese Grand Prix,2018-10-07,Suzuka Circuit,Japan,ericsson,9,ERI,Marcus,Ericsson,Swedish,sauber,Sauber,Swiss,20,12,12,0,52,+1 Lap,19,8,1:36.294,217.097
2018,17,Japanese Grand Prix,2018-10-07,Suzuka Circuit,Japan,brendon_hartley,28,HAR,Brendon,Hartley,New Zealander,toro_rosso,Toro Rosso,Italian,6,13,13,0,52,+1 Lap,16,30,1:34.857,220.386
2018,17,Japanese Grand Prix,2018-10-07,Suzuka Circuit,Japan,alonso,14,ALO,Fernando,Alonso,Spanish,mclaren,McLaren,British,18,14,14,0,52,+1 Lap,7,28,1:33.943,222.530
2018,17,Japanese Grand Prix,2018-10-07,Suzuka Circuit,Japan,vandoorne,2,VAN,Stoffel,Vandoorne,Belgian,mclaren,McLaren,British,19,15,15,0,52,+1 Lap,18,25,1:35.023,220.001
2018,17,Japanese Grand Prix,2018-10-07,Suzuka Circuit,Japan,sirotkin,35,SIR,Sergey,Sirotkin,Russian,williams,Williams,British,17,16,16,0,52,+1 Lap,8,41,1:33.985,222.431
2018,17,Japanese Grand Prix,2018-10-07,Suzuka Circuit,Japan,stroll,18,STR,Lance,Stroll,Canadian,williams,Williams,British,14,17,17,0,52,+1 Lap,5,41,1:33.354,223.934
2018,17,Japanese Grand Prix,2018-10-07,Suzuka Circuit,Japan,leclerc,16,LEC,Charles,Leclerc,Monegasque,sauber,Sauber,Swiss,10,18,R,0,38,Mechanical,13,37,1:34.515,221.183
2018,17,Japanese Grand Prix,2018-10-07,Suzuka Circuit,Japan,hulkenberg,27,HUL,Nico,Hülkenberg,German,renault,Renault,French,16,19,R,0,37,Engine,17,32,1:34.934,220.207
2018,17,Japanese Grand Prix,2018-10-07,Suzuka Circuit,Japan,kevin_magnussen,20,MAG,Kevin,Magnussen,Danish,haas,Haas F1 Team,American,12,20,R,0,8,Collision damage,20,6,1:39.908,209.244
2018,18,United States Grand Prix,2018-10-21,Circuit of the Americas,USA,raikkonen,7,RAI,Kimi,Räikkönen,Finnish,ferrari,Ferrari,Italian,2,1,1,25,56,Finished,5,45,1:38.482,201.527
2018,18,United States Grand Prix,2018-10-21,Circuit of the Americas,USA,max_verstappen,33,VER,Max,Verstappen,Dutch,red_bull,Red Bull,Austrian,18,2,2,18,56,Finished,2,45,1:38.246,202.011
2018,18,United States Grand Prix,2018-10-21,Circuit of the Americas,USA,hamilton,44,HAM,Lewis,Hamilton,British,mercedes,Mercedes,German,1,3,3,15,56,Finished,1,40,1:37.392,203.782
2018,18,United States Grand Prix,2018-10-21,Circuit of the Americas,USA,vettel,5,VET,Sebastian,Vettel,German,ferrari,Ferrari,Italian,5,4,4,12,56,Finished,3,41,1:38.280,201.941
2018,18,United States Grand Prix,2018-10-21,Circuit of the Americas,USA,bottas,77,BOT,Valtteri,Bottas,Finnish,mercedes,Mercedes,German,3,5,5,10,56,Finished,4,46,1:38.470,201.551
2018,18,United States Grand Prix,2018-10-21,Circuit of the Americas,USA,hulkenberg,27,HUL,Nico,Hülkenberg,German,renault,Renault,French,7,6,6,8,56,Finished,8,51,1:39.548,199.369
2018,18,United States Grand Prix,2018-10-21,Circuit of the Americas,USA,sainz,55,SAI,Carlos,Sainz,Spanish,renault,Renault,French,11,7,7,6,56,Finished,11,45,1:39.858,198.750
2018,18,United States Grand Prix,2018-10-21,Circuit of the Americas,USA,perez,11,PER,Sergio,Pérez,Mexican,force_india,Force India,Indian,10,8,8,4,56,Finished,13,45,1:39.992,198.483
2018,18,United States Grand Prix,2018-10-21,Circuit of the Americas,USA,brendon_hartley,28,HAR,Brendon,Hartley,New Zealander,toro_rosso,Toro Rosso,Italian,20,9,9,2,55,+1 Lap,6,32,1:38.963,200.547
2018,18,United States Grand Prix,2018-10-21,Circuit of the Americas,USA,ericsson,9,ERI,Marcus,Ericsson,Swedish,sauber,Sauber,Swiss,16,10,10,1,55,+1 Lap,9,36,1:39.569,199.327
2018,18,United States Grand Prix,2018-10-21,Circuit of the Americas,USA,vandoorne,2,VAN,Stoffel,Vandoorne,Belgian,mclaren,McLaren,British,17,11,11,0,55,+1 Lap,12,52,1:39.915,198.636
2018,18,United States Grand Prix,2018-10-21,Circuit of the Americas,USA,gasly,10,GAS,Pierre,Gasly,French,toro_rosso,Toro Rosso,Italian,19,12,12,0,55,+1 Lap,14,33,1:40.098,198.273
2018,18,United States Grand Prix,2018-10-21,Circuit of the Americas,USA,sirotkin,35,SIR,Sergey,Sirotkin,Russian,williams,Williams,British,14,13,13,0,55,+1 Lap,7,42,1:39.240,199.987
2018,18,United States Grand Prix,2018-10-21,Circuit of the Americas,USA,stroll,18,STR,Lance,Stroll,Canadian,williams,Williams,British,15,14,14,0,54,+2 Laps,10,38,1:39.646,199.173
2018,18,United States Grand Prix,2018-10-21,Circuit of the Americas,USA,leclerc,16,LEC,Charles,Leclerc,Monegasque,sauber,Sauber,Swiss,9,15,R,0,31,Collision damage,16,12,1:40.522,197.437
2018,18,United States Grand Prix,2018-10-21,Circuit of the Americas,USA,ricciardo,3,RIC,Daniel,Ricciardo,Australian,red_bull,Red Bull,Austrian,4,16,R,0,8,Battery,15,49,1:40.433,197.612
2018,18,United States Grand Prix,2018-10-21,Circuit of the Americas,USA,grosjean,8,GRO,Romain,Grosjean,French,haas,Haas F1 Team,American,8,17,R,0,2,Collision damage,18,12,1:41.982,194.610
2018,18,United States Grand Prix,2018-10-21,Circuit of the Americas,USA,alonso,14,ALO,Fernando,Alonso,Spanish,mclaren,McLaren,British,13,18,R,0,1,Collision,17,5,1:40.933,196.633
2018,18,United States Grand Prix,2018-10-21,Circuit of the Americas,USA,ocon,31,OCO,Esteban,Ocon,French,force_india,Force India,Indian,6,19,D,0,56,Disqualified,,,,
2018,18,United States Grand Prix,2018-10-21,Circuit of the Americas,USA,kevin_magnussen,20,MAG,Kevin,Magnussen,Danish,haas,Haas F1 Team,American,12,20,D,0,56,Disqualified,,,,
2018,19,Mexican Grand Prix,2018-10-28,Autódromo Hermanos Rodríguez,Mexico,max_verstappen,33,VER,Max,Verstappen,Dutch,red_bull,Red Bull,Austrian,2,1,1,25,71,Finished,2,66,1:19.186,195.670
2018,19,Mexican Grand Prix,2018-10-28,Autódromo Hermanos Rodríguez,Mexico,vettel,5,VET,Sebastian,Vettel,German,ferrari,Ferrari,Italian,4,2,2,18,71,Finished,4,49,1:19.522,194.844
2018,19,Mexican Grand Prix,2018-10-28,Autódromo Hermanos Rodríguez,Mexico,raikkonen,7,RAI,Kimi,Räikkönen,Finnish,ferrari,Ferrari,Italian,6,3,3,15,71,Finished,5,19,1:20.334,192.874
2018,19,Mexican Grand Prix,2018-10-28,Autódromo Hermanos Rodríguez,Mexico,hamilton,44,HAM,Lewis,Hamilton,British,mercedes,Mercedes,German,3,4,4,12,71,Finished,8,49,1:20.728,191.933
2018,19,Mexican Grand Prix,2018-10-28,Autódromo Hermanos Rodríguez,Mexico,bottas,77,BOT,Valtteri,Bottas,Finnish,mercedes,Mercedes,German,5,5,5,10,70,+1 Lap,1,65,1:18.741,196.776
2018,19,Mexican Grand Prix,2018-10-28,Autódromo Hermanos Rodríguez,Mexico,hulkenberg,27,HUL,Nico,Hülkenberg,German,renault,Renault,French,7,6,6,8,69,+2 Laps,7,67,1:20.637,192.150
2018,19,Mexican Grand Prix,2018-10-28,Autódromo Hermanos Rodríguez,Mexico,leclerc,16,LEC,Charles,Leclerc,Monegasque,sauber,Sauber,Swiss,9,7,7,6,69,+2 Laps,6,67,1:20.537,192.388
2018,19,Mexican Grand Prix,2018-10-28,Autódromo Hermanos Rodríguez,Mexico,vandoorne,2,VAN,Stoffel,Vandoorne,Belgian,mclaren,McLaren,British,15,8,8,4,69,+2 Laps,11,14,1:21.921,189.138
2018,19,Mexican Grand Prix,2018-10-28,Autódromo Hermanos Rodríguez,Mexico,ericsson,9,ERI,Marcus,Ericsson,Swedish,sauber,Sauber,Swiss,10,9,9,2,69,+2 Laps,14,18,1:22.440,187.947
2018,19,Mexican Grand Prix,2018-10-28,Autódromo Hermanos Rodríguez,Mexico,gasly,10,GAS,Pierre,Gasly,French,toro_rosso,Toro Rosso,Italian,20,10,10,1,69,+2 Laps,17,69,1:22.755,187.232
2018,19,Mexican Grand Prix,2018-10-28,Autódromo Hermanos Rodríguez,Mexico,ocon,31,OCO,Esteban,Ocon,French,force_india,Force India,Indian,11,11,11,0,69,+2 Laps,15,6,1:22.629,187.517
2018,19,Mexican Grand Prix,2018-10-28,Autódromo Hermanos Rodríguez,Mexico,stroll,18,STR,Lance,Stroll,Canadian,williams,Williams,British,17,12,12,0,69,+2 Laps,18,27,1:22.983,186.717
2018,19,Mexican Grand Prix,2018-10-28,Autódromo Hermanos Rodríguez,Mexico,sirotkin,35,SIR,Sergey,Sirotkin,Russian,williams,Williams,British,19,13,13,0,69,+2 Laps,16,66,1:22.640,187.492
2018,19,Mexican Grand Prix,2018-10-28,Autódromo Hermanos Rodríguez,Mexico,brendon_hartley,28,HAR,Brendon,Hartley,New Zealander,toro_rosso,Toro Rosso,Italian,14,14,14,0,69,+2 Laps,13,26,1:22.438,187.952
2018,19,Mexican Grand Prix,2018-10-28,Autódromo Hermanos Rodríguez,Mexico,kevin_magnussen,20,MAG,Kevin,Magnussen,Danish,haas,Haas F1 Team,American,16,15,15,0,69,+2 Laps,10,45,1:21.874,189.246
2018,19,Mexican Grand Prix,2018-10-28,Autódromo Hermanos Rodríguez,Mexico,grosjean,8,GRO,Romain,Grosjean,French,haas,Haas F1 Team,American,18,16,16,0,68,+3 Laps,9,46,1:21.370,190.419
2018,19,Mexican Grand Prix,2018-10-28,Autódromo Hermanos Rodríguez,Mexico,ricciardo,3,RIC,Daniel,Ricciardo,Australian,red_bull,Red Bull,Austrian,1,17,R,0,61,Engine,3,57,1:19.462,194.991
2018,19,Mexican Grand Prix,2018-10-28,Autódromo Hermanos Rodríguez,Mexico,perez,11,PER,Sergio,Pérez,Mexican,force_india,Force India,Indian,13,18,R,0,38,Brakes,19,6,1:23.545,185.461
2018,19,Mexican Grand Prix,2018-10-28,Autódromo Hermanos Rodríguez,Mexico,sainz,55,SAI,Carlos,Sainz,Spanish,renault,Renault,French,8,19,R,0,28,Suspension,12,6,1:22.386,188.070
2018,19,Mexican Grand Prix,2018-10-28,Autódromo Hermanos Rodríguez,Mexico,alonso,14,ALO,Fernando,Alonso,Spanish,mclaren,McLaren,British,12,20,R,0,3,Engine,20,3,1:24.197,184.025
2018,20,Brazilian Grand Prix,2018-11-11,Autódromo José Carlos Pace,Brazil,hamilton,44,HAM,Lewis,Hamilton,British,mercedes,Mercedes,German,1,1,1,25,71,Finished,7,70,1:11.795,216.065
2018,20,Brazilian Grand Prix,2018-11-11,Autódromo José Carlos Pace,Brazil,max_verstappen,33,VER,Max,Verstappen,Dutch,red_bull,Red Bull,Austrian,5,2,2,18,71,Finished,4,61,1:11.578,216.720
2018,20,Brazilian Grand Prix,2018-11-11,Autódromo José Carlos Pace,Brazil,raikkonen,7,RAI,Kimi,Räikkönen,Finnish,ferrari,Ferrari,Italian,4,3,3,15,71,Finished,6,64,1:11.769,216.143
2018,20,Brazilian Grand Prix,2018-11-11,Autódromo José Carlos Pace,Brazil,ricciardo,3,RIC,Daniel,Ricciardo,Australian,red_bull,Red Bull,Austrian,11,4,4,12,71,Finished,3,62,1:11.343,217.434
2018,20,Brazilian Grand Prix,2018-11-11,Autódromo José Carlos Pace,Brazil,bottas,77,BOT,Valtteri,Bottas,Finnish,mercedes,Mercedes,German,3,5,5,10,71,Finished,1,65,1:10.540,219.909
2018,20,Brazilian Grand Prix,2018-11-11,Autódromo José Carlos Pace,Brazil,vettel,5,VET,Sebastian,Vettel,German,ferrari,Ferrari,Italian,2,6,6,8,71,Finished,2,71,1:10.831,219.005
2018,20,Brazilian Grand Prix,2018-11-11,Autódromo José Carlos Pace,Brazil,leclerc,16,LEC,Charles,Leclerc,Monegasque,sauber,Sauber,Swiss,7,7,7,6,71,Finished,8,70,1:12.082,215.204
2018,20,Brazilian Grand Prix,2018-11-11,Autódromo José Carlos Pace,Brazil,grosjean,8,GRO,Romain,Grosjean,French,haas,Haas F1 Team,American,8,8,8,4,71,Finished,12,71,1:12.362,214.372
2018,20,Brazilian Grand Prix,2018-11-11,Autódromo José Carlos Pace,Brazil,kevin_magnussen,20,MAG,Kevin,Magnussen,Danish,haas,Haas F1 Team,American,10,9,9,2,71,Finished,10,67,1:12.206,214.835
2018,20,Brazilian Grand Prix,2018-11-11,Autódromo José Carlos Pace,Brazil,perez,11,PER,Sergio,Pérez,Mexican,force_india,Force India,Indian,12,10,10,1,70,+1 Lap,13,58,1:12.472,214.046
2018,20,Brazilian Grand Prix,2018-11-11,Autódromo José Carlos Pace,Brazil,brendon_hartley,28,HAR,Brendon,Hartley,New Zealander,toro_rosso,Toro Rosso,Italian,16,11,11,0,70,+1 Lap,15,53,1:12.949,212.647
2018,20,Brazilian Grand Prix,2018-11-11,Autódromo José Carlos Pace,Brazil,sainz,55,SAI,Carlos,Sainz,Spanish,renault,Renault,French,15,12,12,0,70,+1 Lap,9,50,1:12.169,214.945
2018,20,Brazilian Grand Prix,2018-11-11,Autódromo José Carlos Pace,Brazil,gasly,10,GAS,Pierre,Gasly,French,toro_rosso,Toro Rosso,Italian,9,13,13,0,70,+1 Lap,17,55,1:13.822,210.132
2018,20,Brazilian Grand Prix,2018-11-11,Autódromo José Carlos Pace,Brazil,vandoorne,2,VAN,Stoffel,Vandoorne,Belgian,mclaren,McLaren,British,20,14,14,0,70,+1 Lap,16,68,1:12.968,212.591
2018,20,Brazilian Grand Prix,2018-11-11,Autódromo José Carlos Pace,Brazil,ocon,31,OCO,Esteban,Ocon,French,force_india,Force India,Indian,18,15,15,0,70,+1 Lap,11,70,1:12.352,214.401
2018,20,Brazilian Grand Prix,2018-11-11,Autódromo José Carlos Pace,Brazil,sirotkin,35,SIR,Sergey,Sirotkin,Russian,williams,Williams,British,14,16,16,0,69,+2 Laps,19,52,1:14.262,208.887
2018,20,Brazilian Grand Prix,2018-11-11,Autódromo José Carlos Pace,Brazil,alonso,14,ALO,Fernando,Alonso,Spanish,mclaren,McLaren,British,17,17,17,0,69,+2 Laps,14,57,1:12.643,213.542
2018,20,Brazilian Grand Prix,2018-11-11,Autódromo José Carlos Pace,Brazil,stroll,18,STR,Lance,Stroll,Canadian,williams,Williams,British,19,18,18,0,69,+2 Laps,5,68,1:11.751,216.197
2018,20,Brazilian Grand Prix,2018-11-11,Autódromo José Carlos Pace,Brazil,hulkenberg,27,HUL,Nico,Hülkenberg,German,renault,Renault,French,13,19,R,0,32,Overheating,18,30,1:14.029,209.544
2018,20,Brazilian Grand Prix,2018-11-11,Autódromo José Carlos Pace,Brazil,ericsson,9,ERI,Marcus,Ericsson,Swedish,sauber,Sauber,Swiss,6,20,R,0,20,Collision,20,3,1:15.281,206.059
2018,21,Abu Dhabi Grand Prix,2018-11-25,Yas Marina Circuit,UAE,hamilton,44,HAM,Lewis,Hamilton,British,mercedes,Mercedes,German,1,1,1,25,55,Finished,5,53,1:41.357,197.267
2018,21,Abu Dhabi Grand Prix,2018-11-25,Yas Marina Circuit,UAE,vettel,5,VET,Sebastian,Vettel,German,ferrari,Ferrari,Italian,3,2,2,18,55,Finished,1,54,1:40.867,198.225
2018,21,Abu Dhabi Grand Prix,2018-11-25,Yas Marina Circuit,UAE,max_verstappen,33,VER,Max,Verstappen,Dutch,red_bull,Red Bull,Austrian,6,3,3,15,55,Finished,6,51,1:41.909,196.198
2018,21,Abu Dhabi Grand Prix,2018-11-25,Yas Marina Circuit,UAE,ricciardo,3,RIC,Daniel,Ricciardo,Australian,red_bull,Red Bull,Austrian,5,4,4,12,55,Finished,3,35,1:41.249,197.477
2018,21,Abu Dhabi Grand Prix,2018-11-25,Yas Marina Circuit,UAE,bottas,77,BOT,Valtteri,Bottas,Finnish,mercedes,Mercedes,German,2,5,5,10,55,Finished,2,42,1:40.953,198.056
2018,21,Abu Dhabi Grand Prix,2018-11-25,Yas Marina Circuit,UAE,sainz,55,SAI,Carlos,Sainz,Spanish,renault,Renault,French,11,6,6,8,55,Finished,4,54,1:41.351,197.278
2018,21,Abu Dhabi Grand Prix,2018-11-25,Yas Marina Circuit,UAE,leclerc,16,LEC,Charles,Leclerc,Monegasque,sauber,Sauber,Swiss,8,7,7,6,55,Finished,10,54,1:42.876,194.354
2018,21,Abu Dhabi Grand Prix,2018-11-25,Yas Marina Circuit,UAE,perez,11,PER,Sergio,Pérez,Mexican,force_india,Force India,Indian,14,8,8,4,55,Finished,8,53,1:42.816,194.467
2018,21,Abu Dhabi Grand Prix,2018-11-25,Yas Marina Circuit,UAE,grosjean,8,GRO,Romain,Grosjean,French,haas,Haas F1 Team,American,7,9,9,2,54,+1 Lap,11,54,1:43.195,193.753
2018,21,Abu Dhabi Grand Prix,2018-11-25,Yas Marina Circuit,UAE,kevin_magnussen,20,MAG,Kevin,Magnussen,Danish,haas,Haas F1 Team,American,13,10,10,1,54,+1 Lap,9,53,1:42.822,194.456
2018,21,Abu Dhabi Grand Prix,2018-11-25,Yas Marina Circuit,UAE,alonso,14,ALO,Fernando,Alonso,Spanish,mclaren,McLaren,British,15,11,11,0,54,+1 Lap,7,53,1:42.393,195.271
2018,21,Abu Dhabi Grand Prix,2018-11-25,Yas Marina Circuit,UAE,brendon_hartley,28,HAR,Brendon,Hartley,New Zealander,toro_rosso,Toro Rosso,Italian,16,12,12,0,54,+1 Lap,17,53,1:44.174,191.932
2018,21,Abu Dhabi Grand Prix,2018-11-25,Yas Marina Circuit,UAE,stroll,18,STR,Lance,Stroll,Canadian,williams,Williams,British,20,13,13,0,54,+1 Lap,16,53,1:44.033,192.192
2018,21,Abu Dhabi Grand Prix,2018-11-25,Yas Marina Circuit,UAE,vandoorne,2,VAN,Stoffel,Vandoorne,Belgian,mclaren,McLaren,British,18,14,14,0,54,+1 Lap,12,53,1:43.249,193.652
2018,21,Abu Dhabi Grand Prix,2018-11-25,Yas Marina Circuit,UAE,sirotkin,35,SIR,Sergey,Sirotkin,Russian,williams,Williams,British,19,15,15,0,54,+1 Lap,14,54,1:43.831,192.566
2018,21,Abu Dhabi Grand Prix,2018-11-25,Yas Marina Circuit,UAE,gasly,10,GAS,Pierre,Gasly,French,toro_rosso,Toro Rosso,Italian,17,16,R,0,46,Engine,15,42,1:43.988,192.276
2018,21,Abu Dhabi Grand Prix,2018-11-25,Yas Marina Circuit,UAE,ocon,31,OCO,Esteban,Ocon,French,force_india,Force India,Indian,9,17,R,0,44,Engine,13,41,1:43.591,193.012
2018,21,Abu Dhabi Grand Prix,2018-11-25,Yas Marina Circuit,UAE,ericsson,9,ERI,Marcus,Ericsson,Swedish,sauber,Sauber,Swiss,12,18,R,0,24,Power loss,19,22,1:46.077,188.489
2018,21,Abu Dhabi Grand Prix,2018-11-25,Yas Marina Circuit,UAE,raikkonen,7,RAI,Kimi,Räikkönen,Finnish,ferrari,Ferrari,Italian,4,19,R,0,6,Power loss,18,5,1:45.198,190.064
2018,21,Abu Dhabi Grand Prix,2018-11-25,Yas Marina Circuit,UAE,hulkenberg,27,HUL,Nico,Hülkenberg,German,renault,Renault,French,10,20,R,0,0,Collision,,,,
2019,1,Australian Grand Prix,2019-03-17,Albert Park Grand Prix Circuit,Australia,bottas,77,BOT,Valtteri,Bottas,Finnish,mercedes,Mercedes,German,2,1,1,26,58,Finished,1,57,1:25.580,223.075
2019,1,Australian Grand Prix,2019-03-17,Albert Park Grand Prix Circuit,Australia,hamilton,44,HAM,Lewis,Hamilton,British,mercedes,Mercedes,German,1,2,2,18,58,Finished,2,57,1:26.057,221.839
2019,1,Australian Grand Prix,2019-03-17,Albert Park Grand Prix Circuit,Australia,max_verstappen,33,VER,Max,Verstappen,Dutch,red_bull,Red Bull,Austrian,4,3,3,15,58,Finished,3,57,1:26.256,221.327
2019,1,Australian Grand Prix,2019-03-17,Albert Park Grand Prix Circuit,Australia,vettel,5,VET,Sebastian,Vettel,German,ferrari,Ferrari,Italian,3,4,4,12,58,Finished,8,16,1:27.954,217.054
2019,1,Australian Grand Prix,2019-03-17,Albert Park Grand Prix Circuit,Australia,leclerc,16,LEC,Charles,Leclerc,Monegasque,ferrari,Ferrari,Italian,5,5,5,10,58,Finished,4,58,1:26.926,219.621
2019,1,Australian Grand Prix,2019-03-17,Albert Park Grand Prix Circuit,Australia,kevin_magnussen,20,MAG,Kevin,Magnussen,Danish,haas,Haas F1 Team,American,7,6,6,8,58,Finished,9,56,1:28.182,216.493
2019,1,Australian Grand Prix,2019-03-17,Albert Park Grand Prix Circuit,Australia,hulkenberg,27,HUL,Nico,Hülkenberg,German,renault,Renault,French,11,7,7,6,57,+1 Lap,12,52,1:28.444,215.851
2019,1,Australian Grand Prix,2019-03-17,Albert Park Grand Prix Circuit,Australia,raikkonen,7,RAI,Kimi,Räikkönen,Finnish,alfa,Alfa Romeo,Swiss,9,8,8,4,57,+1 Lap,11,52,1:28.270,216.277
2019,1,Australian Grand Prix,2019-03-17,Albert Park Grand Prix Circuit,Australia,stroll,18,STR,Lance,Stroll,Canadian,racing_point,Racing Point,British,16,9,9,2,57,+1 Lap,7,29,1:27.568,218.011
2019,1,Australian Grand Prix,2019-03-17,Albert Park Grand Prix Circuit,Australia,kvyat,26,KVY,Daniil,Kvyat,Russian,toro_rosso,Toro Rosso,Italian,15,10,10,1,57,+1 Lap,6,39,1:27.448,218.310
2019,1,Australian Grand Prix,2019-03-17,Albert Park Grand Prix Circuit,Australia,gasly,10,GAS,Pierre,Gasly,French,red_bull,Red Bull,Austrian,17,11,11,0,57,+1 Lap,5,39,1:27.229,218.858
2019,1,Australian Grand Prix,2019-03-17,Albert Park Grand Prix Circuit,Australia,norris,4,NOR,Lando,Norris,British,mclaren,McLaren,British,8,12,12,0,57,+1 Lap,16,17,1:28.555,215.581
2019,1,Australian Grand Prix,2019-03-17,Albert Park Grand Prix Circuit,Australia,perez,11,PER,Sergio,Pérez,Mexican,racing_point,Racing Point,British,10,13,13,0,57,+1 Lap,15,41,1:28.485,215.751
2019,1,Australian Grand Prix,2019-03-17,Albert Park Grand Prix Circuit,Australia,albon,23,ALB,Alexander,Albon,Thai,toro_rosso,Toro Rosso,Italian,13,14,14,0,57,+1 Lap,10,43,1:28.188,216.478
2019,1,Australian Grand Prix,2019-03-17,Albert Park Grand Prix Circuit,Australia,giovinazzi,99,GIO,Antonio,Giovinazzi,Italian,alfa,Alfa Romeo,Swiss,14,15,15,0,57,+1 Lap,14,29,1:28.479,215.766
2019,1,Australian Grand Prix,2019-03-17,Albert Park Grand Prix Circuit,Australia,russell,63,RUS,George,Russell,British,williams,Williams,British,19,16,16,0,56,+2 Laps,17,55,1:28.713,215.197
2019,1,Australian Grand Prix,2019-03-17,Albert Park Grand Prix Circuit,Australia,kubica,88,KUB,Robert,Kubica,Polish,williams,Williams,British,20,17,17,0,55,+3 Laps,18,30,1:29.284,213.821
2019,1,Australian Grand Prix,2019-03-17,Albert Park Grand Prix Circuit,Australia,grosjean,8,GRO,Romain,Grosjean,French,haas,Haas F1 Team,American,6,18,R,0,29,Wheel,13,17,1:28.462,215.807
2019,1,Australian Grand Prix,2019-03-17,Albert Park Grand Prix Circuit,Australia,ricciardo,3,RIC,Daniel,Ricciardo,Australian,renault,Renault,French,12,19,R,0,28,Damage,19,18,1:29.848,212.478
2019,1,Australian Grand Prix,2019-03-17,Albert Park Grand Prix Circuit,Australia,sainz,55,SAI,Carlos,Sainz,Spanish,mclaren,McLaren,British,18,20,R,0,9,Engine,20,9,1:30.899,210.022
2019,2,Bahrain Grand Prix,2019-03-31,Bahrain International Circuit,Bahrain,hamilton,44,HAM,Lewis,Hamilton,British,mercedes,Mercedes,German,3,1,1,25,57,Finished,2,36,1:33.528,208.314
2019,2,Bahrain Grand Prix,2019-03-31,Bahrain International Circuit,Bahrain,bottas,77,BOT,Valtteri,Bottas,Finnish,mercedes,Mercedes,German,4,2,2,18,57,Finished,3,42,1:34.209,206.808
2019,2,Bahrain Grand Prix,2019-03-31,Bahrain International Circuit,Bahrain,leclerc,16,LEC,Charles,Leclerc,Monegasque,ferrari,Ferrari,Italian,1,3,3,16,57,Finished,1,38,1:33.411,208.575
2019,2,Bahrain Grand Prix,2019-03-31,Bahrain International Circuit,Bahrain,max_verstappen,33,VER,Max,Verstappen,Dutch,red_bull,Red Bull,Austrian,5,4,4,12,57,Finished,9,47,1:35.311,204.417
2019,2,Bahrain Grand Prix,2019-03-31,Bahrain International Circuit,Bahrain,vettel,5,VET,Sebastian,Vettel,German,ferrari,Ferrari,Italian,2,5,5,10,57,Finished,4,43,1:34.895,205.313
2019,2,Bahrain Grand Prix,2019-03-31,Bahrain International Circuit,Bahrain,norris,4,NOR,Lando,Norris,British,mclaren,McLaren,British,9,6,6,8,57,Finished,12,14,1:35.777,203.422
2019,2,Bahrain Grand Prix,2019-03-31,Bahrain International Circuit,Bahrain,raikkonen,7,RAI,Kimi,Räikkönen,Finnish,alfa,Alfa Romeo,Swiss,8,7,7,6,57,Finished,11,45,1:35.589,203.822
2019,2,Bahrain Grand Prix,2019-03-31,Bahrain International Circuit,Bahrain,gasly,10,GAS,Pierre,Gasly,French,red_bull,Red Bull,Austrian,13,8,8,4,57,Finished,8,42,1:35.291,204.460
2019,2,Bahrain Grand Prix,2019-03-31,Bahrain International Circuit,Bahrain,albon,23,ALB,Alexander,Albon,Thai,toro_rosso,Toro Rosso,Italian,12,9,9,2,57,Finished,16,39,1:36.752,201.372
2019,2,Bahrain Grand Prix,2019-03-31,Bahrain International Circuit,Bahrain,perez,11,PER,Sergio,Pérez,Mexican,racing_point,Racing Point,British,14,10,10,1,57,Finished,14,51,1:36.330,202.254
2019,2,Bahrain Grand Prix,2019-03-31,Bahrain International Circuit,Bahrain,giovinazzi,99,GIO,Antonio,Giovinazzi,Italian,alfa,Alfa Romeo,Swiss,16,11,11,0,57,Finished,7,42,1:35.237,204.575
2019,2,Bahrain Grand Prix,2019-03-31,Bahrain International Circuit,Bahrain,kvyat,26,KVY,Daniil,Kvyat,Russian,toro_rosso,Toro Rosso,Italian,15,12,12,0,56,+1 Lap,5,40,1:34.934,205.228
2019,2,Bahrain Grand Prix,2019-03-31,Bahrain International Circuit,Bahrain,kevin_magnussen,20,MAG,Kevin,Magnussen,Danish,haas,Haas F1 Team,American,6,13,13,0,56,+1 Lap,13,41,1:35.892,203.178
2019,2,Bahrain Grand Prix,2019-03-31,Bahrain International Circuit,Bahrain,stroll,18,STR,Lance,Stroll,Canadian,racing_point,Racing Point,British,18,14,14,0,56,+1 Lap,17,31,1:37.037,200.781
2019,2,Bahrain Grand Prix,2019-03-31,Bahrain International Circuit,Bahrain,russell,63,RUS,George,Russell,British,williams,Williams,British,19,15,15,0,56,+1 Lap,19,14,1:37.313,200.211
2019,2,Bahrain Grand Prix,2019-03-31,Bahrain International Circuit,Bahrain,kubica,88,KUB,Robert,Kubica,Polish,williams,Williams,British,20,16,16,0,55,+2 Laps,20,13,1:37.903,199.005
2019,2,Bahrain Grand Prix,2019-03-31,Bahrain International Circuit,Bahrain,hulkenberg,27,HUL,Nico,Hülkenberg,German,renault,Renault,French,17,17,R,0,53,Engine,6,14,1:35.215,204.623
2019,2,Bahrain Grand Prix,2019-03-31,Bahrain International Circuit,Bahrain,ricciardo,3,RIC,Daniel,Ricciardo,Australian,renault,Renault,French,10,18,R,0,53,Out of fuel,15,42,1:36.697,201.487
2019,2,Bahrain Grand Prix,2019-03-31,Bahrain International Circuit,Bahrain,sainz,55,SAI,Carlos,Sainz,Spanish,mclaren,McLaren,British,7,19,R,0,53,Collision damage,10,42,1:35.586,203.829
2019,2,Bahrain Grand Prix,2019-03-31,Bahrain International Circuit,Bahrain,grosjean,8,GRO,Romain,Grosjean,French,haas,Haas F1 Team,American,11,20,R,0,16,Retired,18,3,1:37.262,200.316
2019,3,Chinese Grand Prix,2019-04-14,Shanghai International Circuit,China,hamilton,44,HAM,Lewis,Hamilton,British,mercedes,Mercedes,German,2,1,1,25,56,Finished,5,47,1:35.892,204.642
2019,3,Chinese Grand Prix,2019-04-14,Shanghai International Circuit,China,bottas,77,BOT,Valtteri,Bottas,Finnish,mercedes,Mercedes,German,1,2,2,18,56,Finished,4,38,1:34.872,206.842
2019,3,Chinese Grand Prix,2019-04-14,Shanghai International Circuit,China,vettel,5,VET,Sebastian,Vettel,German,ferrari,Ferrari,Italian,3,3,3,15,56,Finished,2,37,1:34.836,206.921
2019,3,Chinese Grand Prix,2019-04-14,Shanghai International Circuit,China,max_verstappen,33,VER,Max,Verstappen,Dutch,red_bull,Red Bull,Austrian,5,4,4,12,56,Finished,6,45,1:36.143,204.108
2019,3,Chinese Grand Prix,2019-04-14,Shanghai International Circuit,China,leclerc,16,LEC,Charles,Leclerc,Monegasque,ferrari,Ferrari,Italian,4,5,5,10,56,Finished,3,45,1:34.860,206.869
2019,3,Chinese Grand Prix,2019-04-14,Shanghai International Circuit,China,gasly,10,GAS,Pierre,Gasly,French,red_bull,Red Bull,Austrian,6,6,6,9,56,Finished,1,55,1:34.742,207.126
2019,3,Chinese Grand Prix,2019-04-14,Shanghai International Circuit,China,ricciardo,3,RIC,Daniel,Ricciardo,Australian,renault,Renault,French,7,7,7,6,55,+1 Lap,16,38,1:38.632,198.957
2019,3,Chinese Grand Prix,2019-04-14,Shanghai International Circuit,China,perez,11,PER,Sergio,Pérez,Mexican,racing_point,Racing Point,British,12,8,8,4,55,+1 Lap,17,37,1:38.702,198.816
2019,3,Chinese Grand Prix,2019-04-14,Shanghai International Circuit,China,raikkonen,7,RAI,Kimi,Räikkönen,Finnish,alfa,Alfa Romeo,Swiss,13,9,9,2,55,+1 Lap,12,27,1:37.812,200.625
2019,3,Chinese Grand Prix,2019-04-14,Shanghai International Circuit,China,albon,23,ALB,Alexander,Albon,Thai,toro_rosso,Toro Rosso,Italian,0,10,10,1,55,+1 Lap,18,22,1:38.901,198.416
2019,3,Chinese Grand Prix,2019-04-14,Shanghai International Circuit,China,grosjean,8,GRO,Romain,Grosjean,French,haas,Haas F1 Team,American,10,11,11,0,55,+1 Lap,8,37,1:36.873,202.570
2019,3,Chinese Grand Prix,2019-04-14,Shanghai International Circuit,China,stroll,18,STR,Lance,Stroll,Canadian,racing_point,Racing Point,British,16,12,12,0,55,+1 Lap,7,46,1:36.678,202.978
2019,3,Chinese Grand Prix,2019-04-14,Shanghai International Circuit,China,kevin_magnussen,20,MAG,Kevin,Magnussen,Danish,haas,Haas F1 Team,American,9,13,13,0,55,+1 Lap,10,35,1:37.471,201.327
2019,3,Chinese Grand Prix,2019-04-14,Shanghai International Circuit,China,sainz,55,SAI,Carlos,Sainz,Spanish,mclaren,McLaren,British,14,14,14,0,55,+1 Lap,11,44,1:37.502,201.263
2019,3,Chinese Grand Prix,2019-04-14,Shanghai International Circuit,China,giovinazzi,99,GIO,Antonio,Giovinazzi,Italian,alfa,Alfa Romeo,Swiss,19,15,15,0,55,+1 Lap,14,32,1:38.048,200.142
2019,3,Chinese Grand Prix,2019-04-14,Shanghai International Circuit,China,russell,63,RUS,George,Russell,British,williams,Williams,British,17,16,16,0,54,+2 Laps,9,51,1:37.283,201.716
2019,3,Chinese Grand Prix,2019-04-14,Shanghai International Circuit,China,kubica,88,KUB,Robert,Kubica,Polish,williams,Williams,British,18,17,17,0,54,+2 Laps,20,28,1:39.772,196.684
2019,3,Chinese Grand Prix,2019-04-14,Shanghai International Circuit,China,norris,4,NOR,Lando,Norris,British,mclaren,McLaren,British,15,18,18,0,50,Collision,15,37,1:38.346,199.536
2019,3,Chinese Grand Prix,2019-04-14,Shanghai International Circuit,China,kvyat,26,KVY,Daniil,Kvyat,Russian,toro_rosso,Toro Rosso,Italian,11,19,R,0,41,Collision,13,27,1:37.975,200.291
2019,3,Chinese Grand Prix,2019-04-14,Shanghai International Circuit,China,hulkenberg,27,HUL,Nico,Hülkenberg,German,renault,Renault,French,8,20,R,0,16,Power Unit,19,14,1:39.677,196.871
2019,4,Azerbaijan Grand Prix,2019-04-28,Baku City Circuit,Azerbaijan,bottas,77,BOT,Valtteri,Bottas,Finnish,mercedes,Mercedes,German,1,1,1,25,51,Finished,2,50,1:44.024,207.748
2019,4,Azerbaijan Grand Prix,2019-04-28,Baku City Circuit,Azerbaijan,hamilton,44,HAM,Lewis,Hamilton,British,mercedes,Mercedes,German,2,2,2,18,51,Finished,3,48,1:44.166,207.465
2019,4,Azerbaijan Grand Prix,2019-04-28,Baku City Circuit,Azerbaijan,vettel,5,VET,Sebastian,Vettel,German,ferrari,Ferrari,Italian,3,3,3,15,51,Finished,4,46,1:44.629,206.546
2019,4,Azerbaijan Grand Prix,2019-04-28,Baku City Circuit,Azerbaijan,max_verstappen,33,VER,Max,Verstappen,Dutch,red_bull,Red Bull,Austrian,4,4,4,12,51,Finished,5,39,1:44.794,206.221
2019,4,Azerbaijan Grand Prix,2019-04-28,Baku City Circuit,Azerbaijan,leclerc,16,LEC,Charles,Leclerc,Monegasque,ferrari,Ferrari,Italian,8,5,5,11,51,Finished,1,50,1:43.009,209.795
2019,4,Azerbaijan Grand Prix,2019-04-28,Baku City Circuit,Azerbaijan,perez,11,PER,Sergio,Pérez,Mexican,racing_point,Racing Point,British,5,6,6,8,51,Finished,7,49,1:45.524,204.795
2019,4,Azerbaijan Grand Prix,2019-04-28,Baku City Circuit,Azerbaijan,sainz,55,SAI,Carlos,Sainz,Spanish,mclaren,McLaren,British,9,7,7,6,51,Finished,10,43,1:45.807,204.247
2019,4,Azerbaijan Grand Prix,2019-04-28,Baku City Circuit,Azerbaijan,norris,4,NOR,Lando,Norris,British,mclaren,McLaren,British,7,8,8,4,51,Finished,6,43,1:45.394,205.047
2019,4,Azerbaijan Grand Prix,2019-04-28,Baku City Circuit,Azerbaijan,stroll,18,STR,Lance,Stroll,Canadian,racing_point,Racing Point,British,13,9,9,2,51,Finished,12,38,1:46.009,203.858
2019,4,Azerbaijan Grand Prix,2019-04-28,Baku City Circuit,Azerbaijan,raikkonen,7,RAI,Kimi,Räikkönen,Finnish,alfa,Alfa Romeo,Swiss,0,10,10,1,50,+1 Lap,13,48,1:46.479,202.958
2019,4,Azerbaijan Grand Prix,2019-04-28,Baku City Circuit,Azerbaijan,albon,23,ALB,Alexander,Albon,Thai,toro_rosso,Toro Rosso,Italian,11,11,11,0,50,+1 Lap,9,49,1:45.754,204.349
2019,4,Azerbaijan Grand Prix,2019-04-28,Baku City Circuit,Azerbaijan,giovinazzi,99,GIO,Antonio,Giovinazzi,Italian,alfa,Alfa Romeo,Swiss,17,12,12,0,50,+1 Lap,11,45,1:45.969,203.935
2019,4,Azerbaijan Grand Prix,2019-04-28,Baku City Circuit,Azerbaijan,kevin_magnussen,20,MAG,Kevin,Magnussen,Danish,haas,Haas F1 Team,American,12,13,13,0,50,+1 Lap,14,42,1:46.682,202.572
2019,4,Azerbaijan Grand Prix,2019-04-28,Baku City Circuit,Azerbaijan,hulkenberg,27,HUL,Nico,Hülkenberg,German,renault,Renault,French,15,14,14,0,50,+1 Lap,17,43,1:47.407,201.204
2019,4,Azerbaijan Grand Prix,2019-04-28,Baku City Circuit,Azerbaijan,russell,63,RUS,George,Russell,British,williams,Williams,British,16,15,15,0,49,+2 Laps,16,42,1:47.251,201.497
2019,4,Azerbaijan Grand Prix,2019-04-28,Baku City Circuit,Azerbaijan,kubica,88,KUB,Robert,Kubica,Polish,williams,Williams,British,0,16,16,0,49,+2 Laps,19,45,1:47.709,200.640
2019,4,Azerbaijan Grand Prix,2019-04-28,Baku City Circuit,Azerbaijan,gasly,10,GAS,Pierre,Gasly,French,red_bull,Red Bull,Austrian,0,17,R,0,38,Transmission,8,34,1:45.712,204.430
2019,4,Azerbaijan Grand Prix,2019-04-28,Baku City Circuit,Azerbaijan,grosjean,8,GRO,Romain,Grosjean,French,haas,Haas F1 Team,American,14,18,R,0,38,Brakes,20,33,1:48.517,199.146
2019,4,Azerbaijan Grand Prix,2019-04-28,Baku City Circuit,Azerbaijan,kvyat,26,KVY,Daniil,Kvyat,Russian,toro_rosso,Toro Rosso,Italian,6,19,R,0,33,Collision,18,28,1:47.681,200.692
2019,4,Azerbaijan Grand Prix,2019-04-28,Baku City Circuit,Azerbaijan,ricciardo,3,RIC,Daniel,Ricciardo,Australian,renault,Renault,French,10,20,R,0,31,Collision,15,29,1:46.767,202.410
2019,5,Spanish Grand Prix,2019-05-12,Circuit de Barcelona-Catalunya,Spain,hamilton,44,HAM,Lewis,Hamilton,British,mercedes,Mercedes,German,2,1,1,26,66,Finished,1,54,1:18.492,213.499
2019,5,Spanish Grand Prix,2019-05-12,Circuit de Barcelona-Catalunya,Spain,bottas,77,BOT,Valtteri,Bottas,Finnish,mercedes,Mercedes,German,1,2,2,18,66,Finished,2,55,1:18.737,212.835
2019,5,Spanish Grand Prix,2019-05-12,Circuit de Barcelona-Catalunya,Spain,max_verstappen,33,VER,Max,Verstappen,Dutch,red_bull,Red Bull,Austrian,4,3,3,15,66,Finished,3,57,1:19.769,210.081
2019,5,Spanish Grand Prix,2019-05-12,Circuit de Barcelona-Catalunya,Spain,vettel,5,VET,Sebastian,Vettel,German,ferrari,Ferrari,Italian,3,4,4,12,66,Finished,4,64,1:19.820,209.947
2019,5,Spanish Grand Prix,2019-05-12,Circuit de Barcelona-Catalunya,Spain,leclerc,16,LEC,Charles,Leclerc,Monegasque,ferrari,Ferrari,Italian,5,5,5,10,66,Finished,5,57,1:20.002,209.469
2019,5,Spanish Grand Prix,2019-05-12,Circuit de Barcelona-Catalunya,Spain,gasly,10,GAS,Pierre,Gasly,French,red_bull,Red Bull,Austrian,6,6,6,8,66,Finished,6,57,1:20.536,208.080
2019,5,Spanish Grand Prix,2019-05-12,Circuit de Barcelona-Catalunya,Spain,kevin_magnussen,20,MAG,Kevin,Magnussen,Danish,haas,Haas F1 Team,American,8,7,7,6,66,Finished,9,66,1:20.770,207.478
2019,5,Spanish Grand Prix,2019-05-12,Circuit de Barcelona-Catalunya,Spain,sainz,55,SAI,Carlos,Sainz,Spanish,mclaren,McLaren,British,12,8,8,4,66,Finished,10,59,1:20.859,207.249
2019,5,Spanish Grand Prix,2019-05-12,Circuit de Barcelona-Catalunya,Spain,kvyat,26,KVY,Daniil,Kvyat,Russian,toro_rosso,Toro Rosso,Italian,9,9,9,2,66,Finished,8,64,1:20.726,207.591
2019,5,Spanish Grand Prix,2019-05-12,Circuit de Barcelona-Catalunya,Spain,grosjean,8,GRO,Romain,Grosjean,French,haas,Haas F1 Team,American,7,10,10,1,66,Finished,12,64,1:21.057,206.743
2019,5,Spanish Grand Prix,2019-05-12,Circuit de Barcelona-Catalunya,Spain,albon,23,ALB,Alexander,Albon,Thai,toro_rosso,Toro Rosso,Italian,11,11,11,0,66,Finished,11,65,1:21.028,206.817
2019,5,Spanish Grand Prix,2019-05-12,Circuit de Barcelona-Catalunya,Spain,ricciardo,3,RIC,Daniel,Ricciardo,Australian,renault,Renault,French,13,12,12,0,66,Finished,7,56,1:20.615,207.876
2019,5,Spanish Grand Prix,2019-05-12,Circuit de Barcelona-Catalunya,Spain,hulkenberg,27,HUL,Nico,Hülkenberg,German,renault,Renault,French,0,13,13,0,66,Finished,13,65,1:21.282,206.171
2019,5,Spanish Grand Prix,2019-05-12,Circuit de Barcelona-Catalunya,Spain,raikkonen,7,RAI,Kimi,Räikkönen,Finnish,alfa,Alfa Romeo,Swiss,14,14,14,0,66,Finished,14,66,1:21.382,205.917
2019,5,Spanish Grand Prix,2019-05-12,Circuit de Barcelona-Catalunya,Spain,perez,11,PER,Sergio,Pérez,Mexican,racing_point,Racing Point,British,15,15,15,0,66,Finished,16,65,1:21.859,204.717
2019,5,Spanish Grand Prix,2019-05-12,Circuit de Barcelona-Catalunya,Spain,giovinazzi,99,GIO,Antonio,Giovinazzi,Italian,alfa,Alfa Romeo,Swiss,18,16,16,0,66,Finished,15,64,1:21.833,204.782
2019,5,Spanish Grand Prix,2019-05-12,Circuit de Barcelona-Catalunya,Spain,russell,63,RUS,George,Russell,British,williams,Williams,British,19,17,17,0,65,+1 Lap,17,64,1:22.382,203.418
2019,5,Spanish Grand Prix,2019-05-12,Circuit de Barcelona-Catalunya,Spain,kubica,88,KUB,Robert,Kubica,Polish,williams,Williams,British,17,18,18,0,65,+1 Lap,19,65,1:23.202,201.413
2019,5,Spanish Grand Prix,2019-05-12,Circuit de Barcelona-Catalunya,Spain,stroll,18,STR,Lance,Stroll,Canadian,racing_point,Racing Point,British,16,19,R,0,44,Collision,20,28,1:23.226,201.355
2019,5,Spanish Grand Prix,2019-05-12,Circuit de Barcelona-Catalunya,Spain,norris,4,NOR,Lando,Norris,British,mclaren,McLaren,British,10,20,R,0,44,Collision,18,28,1:22.561,202.977
2019,6,Monaco Grand Prix,2019-05-26,Circuit de Monaco,Monaco,hamilton,44,HAM,Lewis,Hamilton,British,mercedes,Mercedes,German,1,1,1,25,78,Finished,6,9,1:16.167,157.721
2019,6,Monaco Grand Prix,2019-05-26,Circuit de Monaco,Monaco,vettel,5,VET,Sebastian,Vettel,German,ferrari,Ferrari,Italian,4,2,2,18,78,Finished,9,9,1:16.277,157.494
2019,6,Monaco Grand Prix,2019-05-26,Circuit de Monaco,Monaco,bottas,77,BOT,Valtteri,Bottas,Finnish,mercedes,Mercedes,German,2,3,3,15,78,Finished,2,65,1:15.163,159.828
2019,6,Monaco Grand Prix,2019-05-26,Circuit de Monaco,Monaco,max_verstappen,33,VER,Max,Verstappen,Dutch,red_bull,Red Bull,Austrian,3,4,4,12,78,Finished,7,9,1:16.229,157.593
2019,6,Monaco Grand Prix,2019-05-26,Circuit de Monaco,Monaco,gasly,10,GAS,Pierre,Gasly,French,red_bull,Red Bull,Austrian,8,5,5,11,78,Finished,1,72,1:14.279,161.730
2019,6,Monaco Grand Prix,2019-05-26,Circuit de Monaco,Monaco,sainz,55,SAI,Carlos,Sainz,Spanish,mclaren,McLaren,British,9,6,6,8,78,Finished,5,32,1:15.891,158.295
2019,6,Monaco Grand Prix,2019-05-26,Circuit de Monaco,Monaco,kvyat,26,KVY,Daniil,Kvyat,Russian,toro_rosso,Toro Rosso,Italian,7,7,7,6,78,Finished,10,31,1:16.288,157.471
2019,6,Monaco Grand Prix,2019-05-26,Circuit de Monaco,Monaco,albon,23,ALB,Alexander,Albon,Thai,toro_rosso,Toro Rosso,Italian,10,8,8,4,78,Finished,3,43,1:15.607,158.890
2019,6,Monaco Grand Prix,2019-05-26,Circuit de Monaco,Monaco,ricciardo,3,RIC,Daniel,Ricciardo,Australian,renault,Renault,French,6,9,9,2,78,Finished,4,78,1:15.697,158.701
2019,6,Monaco Grand Prix,2019-05-26,Circuit de Monaco,Monaco,grosjean,8,GRO,Romain,Grosjean,French,haas,Haas F1 Team,American,13,10,10,1,78,Finished,16,41,1:16.746,156.531
2019,6,Monaco Grand Prix,2019-05-26,Circuit de Monaco,Monaco,norris,4,NOR,Lando,Norris,British,mclaren,McLaren,British,12,11,11,0,78,Finished,13,61,1:16.413,157.214
2019,6,Monaco Grand Prix,2019-05-26,Circuit de Monaco,Monaco,perez,11,PER,Sergio,Pérez,Mexican,racing_point,Racing Point,British,16,12,12,0,77,+1 Lap,15,67,1:16.613,156.803
2019,6,Monaco Grand Prix,2019-05-26,Circuit de Monaco,Monaco,hulkenberg,27,HUL,Nico,Hülkenberg,German,renault,Renault,French,11,13,13,0,77,+1 Lap,8,65,1:16.276,157.496
2019,6,Monaco Grand Prix,2019-05-26,Circuit de Monaco,Monaco,kevin_magnussen,20,MAG,Kevin,Magnussen,Danish,haas,Haas F1 Team,American,5,14,14,0,77,+1 Lap,17,61,1:16.992,156.031
2019,6,Monaco Grand Prix,2019-05-26,Circuit de Monaco,Monaco,russell,63,RUS,George,Russell,British,williams,Williams,British,19,15,15,0,77,+1 Lap,18,76,1:17.038,155.938
2019,6,Monaco Grand Prix,2019-05-26,Circuit de Monaco,Monaco,stroll,18,STR,Lance,Stroll,Canadian,racing_point,Racing Point,British,17,16,16,0,77,+1 Lap,12,45,1:16.379,157.284
2019,6,Monaco Grand Prix,2019-05-26,Circuit de Monaco,Monaco,raikkonen,7,RAI,Kimi,Räikkönen,Finnish,alfa,Alfa Romeo,Swiss,14,17,17,0,77,+1 Lap,14,50,1:16.436,157.166
2019,6,Monaco Grand Prix,2019-05-26,Circuit de Monaco,Monaco,kubica,88,KUB,Robert,Kubica,Polish,williams,Williams,British,20,18,18,0,77,+1 Lap,19,32,1:17.388,155.233
2019,6,Monaco Grand Prix,2019-05-26,Circuit de Monaco,Monaco,giovinazzi,99,GIO,Antonio,Giovinazzi,Italian,alfa,Alfa Romeo,Swiss,18,19,19,0,76,+2 Laps,11,46,1:16.299,157.448
2019,6,Monaco Grand Prix,2019-05-26,Circuit de Monaco,Monaco,leclerc,16,LEC,Charles,Leclerc,Monegasque,ferrari,Ferrari,Italian,15,20,R,0,16,Collision,20,6,1:19.151,151.775
2019,7,Canadian Grand Prix,2019-06-09,Circuit Gilles Villeneuve,Canada,hamilton,44,HAM,Lewis,Hamilton,British,mercedes,Mercedes,German,2,1,1,25,70,Finished,4,62,1:14.813,209.851
2019,7,Canadian Grand Prix,2019-06-09,Circuit Gilles Villeneuve,Canada,vettel,5,VET,Sebastian,Vettel,German,ferrari,Ferrari,Italian,1,2,2,18,70,Finished,5,57,1:14.875,209.677
2019,7,Canadian Grand Prix,2019-06-09,Circuit Gilles Villeneuve,Canada,leclerc,16,LEC,Charles,Leclerc,Monegasque,ferrari,Ferrari,Italian,3,3,3,15,70,Finished,2,63,1:14.356,211.140
2019,7,Canadian Grand Prix,2019-06-09,Circuit Gilles Villeneuve,Canada,bottas,77,BOT,Valtteri,Bottas,Finnish,mercedes,Mercedes,German,6,4,4,13,70,Finished,1,69,1:13.078,214.833
2019,7,Canadian Grand Prix,2019-06-09,Circuit Gilles Villeneuve,Canada,max_verstappen,33,VER,Max,Verstappen,Dutch,red_bull,Red Bull,Austrian,9,5,5,10,70,Finished,3,67,1:14.767,209.980
2019,7,Canadian Grand Prix,2019-06-09,Circuit Gilles Villeneuve,Canada,ricciardo,3,RIC,Daniel,Ricciardo,Australian,renault,Renault,French,4,6,6,8,69,+1 Lap,9,55,1:16.075,206.370
2019,7,Canadian Grand Prix,2019-06-09,Circuit Gilles Villeneuve,Canada,hulkenberg,27,HUL,Nico,Hülkenberg,German,renault,Renault,French,7,7,7,6,69,+1 Lap,7,57,1:15.995,206.587
2019,7,Canadian Grand Prix,2019-06-09,Circuit Gilles Villeneuve,Canada,gasly,10,GAS,Pierre,Gasly,French,red_bull,Red Bull,Austrian,5,8,8,4,69,+1 Lap,10,51,1:16.157,206.147
2019,7,Canadian Grand Prix,2019-06-09,Circuit Gilles Villeneuve,Canada,stroll,18,STR,Lance,Stroll,Canadian,racing_point,Racing Point,British,17,9,9,2,69,+1 Lap,8,47,1:16.043,206.456
2019,7,Canadian Grand Prix,2019-06-09,Circuit Gilles Villeneuve,Canada,kvyat,26,KVY,Daniil,Kvyat,Russian,toro_rosso,Toro Rosso,Italian,10,10,10,1,69,+1 Lap,11,44,1:16.198,206.036
2019,7,Canadian Grand Prix,2019-06-09,Circuit Gilles Villeneuve,Canada,sainz,55,SAI,Carlos,Sainz,Spanish,mclaren,McLaren,British,11,11,11,0,69,+1 Lap,15,37,1:16.471,205.301
2019,7,Canadian Grand Prix,2019-06-09,Circuit Gilles Villeneuve,Canada,perez,11,PER,Sergio,Pérez,Mexican,racing_point,Racing Point,British,15,12,12,0,69,+1 Lap,13,61,1:16.314,205.723
2019,7,Canadian Grand Prix,2019-06-09,Circuit Gilles Villeneuve,Canada,giovinazzi,99,GIO,Antonio,Giovinazzi,Italian,alfa,Alfa Romeo,Swiss,12,13,13,0,69,+1 Lap,14,69,1:16.365,205.586
2019,7,Canadian Grand Prix,2019-06-09,Circuit Gilles Villeneuve,Canada,grosjean,8,GRO,Romain,Grosjean,French,haas,Haas F1 Team,American,14,14,14,0,69,+1 Lap,12,60,1:16.245,205.909
2019,7,Canadian Grand Prix,2019-06-09,Circuit Gilles Villeneuve,Canada,raikkonen,7,RAI,Kimi,Räikkönen,Finnish,alfa,Alfa Romeo,Swiss,16,15,15,0,69,+1 Lap,6,60,1:15.442,208.101
2019,7,Canadian Grand Prix,2019-06-09,Circuit Gilles Villeneuve,Canada,russell,63,RUS,George,Russell,British,williams,Williams,British,18,16,16,0,68,+2 Laps,17,58,1:17.241,203.254
2019,7,Canadian Grand Prix,2019-06-09,Circuit Gilles Villeneuve,Canada,kevin_magnussen,20,MAG,Kevin,Magnussen,Danish,haas,Haas F1 Team,American,0,17,17,0,68,+2 Laps,19,41,1:17.309,203.075
2019,7,Canadian Grand Prix,2019-06-09,Circuit Gilles Villeneuve,Canada,kubica,88,KUB,Robert,Kubica,Polish,williams,Williams,British,19,18,18,0,67,+3 Laps,18,64,1:17.285,203.139
2019,7,Canadian Grand Prix,2019-06-09,Circuit Gilles Villeneuve,Canada,albon,23,ALB,Alexander,Albon,Thai,toro_rosso,Toro Rosso,Italian,13,19,R,0,59,Collision damage,16,47,1:17.151,203.491
2019,7,Canadian Grand Prix,2019-06-09,Circuit Gilles Villeneuve,Canada,norris,4,NOR,Lando,Norris,British,mclaren,McLaren,British,8,20,R,0,8,Suspension,20,4,1:18.023,201.217
2019,8,French Grand Prix,2019-06-23,Circuit Paul Ricard,France,hamilton,44,HAM,Lewis,Hamilton,British,mercedes,Mercedes,German,1,1,1,25,53,Finished,2,53,1:32.764,226.717
2019,8,French Grand Prix,2019-06-23,Circuit Paul Ricard,France,bottas,77,BOT,Valtteri,Bottas,Finnish,mercedes,Mercedes,German,2,2,2,18,53,Finished,3,43,1:33.586,224.725
2019,8,French Grand Prix,2019-06-23,Circuit Paul Ricard,France,leclerc,16,LEC,Charles,Leclerc,Monegasque,ferrari,Ferrari,Italian,3,3,3,15,53,Finished,4,40,1:33.828,224.146
2019,8,French Grand Prix,2019-06-23,Circuit Paul Ricard,France,max_verstappen,33,VER,Max,Verstappen,Dutch,red_bull,Red Bull,Austrian,4,4,4,12,53,Finished,5,38,1:34.162,223.351
2019,8,French Grand Prix,2019-06-23,Circuit Paul Ricard,France,vettel,5,VET,Sebastian,Vettel,German,ferrari,Ferrari,Italian,7,5,5,11,53,Finished,1,53,1:32.740,226.775
2019,8,French Grand Prix,2019-06-23,Circuit Paul Ricard,France,sainz,55,SAI,Carlos,Sainz,Spanish,mclaren,McLaren,British,6,6,6,8,53,Finished,6,52,1:34.561,222.408
2019,8,French Grand Prix,2019-06-23,Circuit Paul Ricard,France,raikkonen,7,RAI,Kimi,Räikkönen,Finnish,alfa,Alfa Romeo,Swiss,12,7,7,6,52,+1 Lap,8,47,1:34.873,221.677
2019,8,French Grand Prix,2019-06-23,Circuit Paul Ricard,France,hulkenberg,27,HUL,Nico,Hülkenberg,German,renault,Renault,French,13,8,8,4,52,+1 Lap,10,46,1:34.950,221.497
2019,8,French Grand Prix,2019-06-23,Circuit Paul Ricard,France,norris,4,NOR,Lando,Norris,British,mclaren,McLaren,British,5,9,9,2,52,+1 Lap,7,45,1:34.754,221.955
2019,8,French Grand Prix,2019-06-23,Circuit Paul Ricard,France,gasly,10,GAS,Pierre,Gasly,French,red_bull,Red Bull,Austrian,9,10,10,1,52,+1 Lap,15,47,1:35.197,220.922
2019,8,French Grand Prix,2019-06-23,Circuit Paul Ricard,France,ricciardo,3,RIC,Daniel,Ricciardo,Australian,renault,Renault,French,8,11,11,0,52,+1 Lap,14,42,1:35.150,221.032
2019,8,French Grand Prix,2019-06-23,Circuit Paul Ricard,France,perez,11,PER,Sergio,Pérez,Mexican,racing_point,Racing Point,British,14,12,12,0,52,+1 Lap,11,42,1:35.014,221.348
2019,8,French Grand Prix,2019-06-23,Circuit Paul Ricard,France,stroll,18,STR,Lance,Stroll,Canadian,racing_point,Racing Point,British,17,13,13,0,52,+1 Lap,9,44,1:34.924,221.558
2019,8,French Grand Prix,2019-06-23,Circuit Paul Ricard,France,kvyat,26,KVY,Daniil,Kvyat,Russian,toro_rosso,Toro Rosso,Italian,19,14,14,0,52,+1 Lap,16,43,1:35.225,220.857
2019,8,French Grand Prix,2019-06-23,Circuit Paul Ricard,France,albon,23,ALB,Alexander,Albon,Thai,toro_rosso,Toro Rosso,Italian,11,15,15,0,52,+1 Lap,12,51,1:35.029,221.313
2019,8,French Grand Prix,2019-06-23,Circuit Paul Ricard,France,giovinazzi,99,GIO,Antonio,Giovinazzi,Italian,alfa,Alfa Romeo,Swiss,10,16,16,0,52,+1 Lap,13,50,1:35.115,221.113
2019,8,French Grand Prix,2019-06-23,Circuit Paul Ricard,France,kevin_magnussen,20,MAG,Kevin,Magnussen,Danish,haas,Haas F1 Team,American,15,17,17,0,52,+1 Lap,18,50,1:35.692,219.780
2019,8,French Grand Prix,2019-06-23,Circuit Paul Ricard,France,kubica,88,KUB,Robert,Kubica,Polish,williams,Williams,British,18,18,18,0,51,+2 Laps,20,50,1:36.608,217.696
2019,8,French Grand Prix,2019-06-23,Circuit Paul Ricard,France,russell,63,RUS,George,Russell,British,williams,Williams,British,20,19,19,0,51,+2 Laps,19,51,1:35.830,219.463
2019,8,French Grand Prix,2019-06-23,Circuit Paul Ricard,France,grosjean,8,GRO,Romain,Grosjean,French,haas,Haas F1 Team,American,16,20,20,0,44,Retired,17,42,1:35.691,219.782
2019,9,Austrian Grand Prix,2019-06-30,Red Bull Ring,Austria,max_verstappen,33,VER,Max,Verstappen,Dutch,red_bull,Red Bull,Austrian,2,1,1,26,71,Finished,1,60,1:07.475,230.378
2019,9,Austrian Grand Prix,2019-06-30,Red Bull Ring,Austria,leclerc,16,LEC,Charles,Leclerc,Monegasque,ferrari,Ferrari,Italian,1,2,2,18,71,Finished,3,58,1:07.994,228.620
2019,9,Austrian Grand Prix,2019-06-30,Red Bull Ring,Austria,bottas,77,BOT,Valtteri,Bottas,Finnish,mercedes,Mercedes,German,3,3,3,15,71,Finished,7,53,1:08.565,226.716
2019,9,Austrian Grand Prix,2019-06-30,Red Bull Ring,Austria,vettel,5,VET,Sebastian,Vettel,German,ferrari,Ferrari,Italian,9,4,4,12,71,Finished,2,62,1:07.676,229.694
2019,9,Austrian Grand Prix,2019-06-30,Red Bull Ring,Austria,hamilton,44,HAM,Lewis,Hamilton,British,mercedes,Mercedes,German,4,5,5,10,71,Finished,5,69,1:08.050,228.432
2019,9,Austrian Grand Prix,2019-06-30,Red Bull Ring,Austria,norris,4,NOR,Lando,Norris,British,mclaren,McLaren,British,5,6,6,8,70,+1 Lap,8,69,1:08.699,226.274
2019,9,Austrian Grand Prix,2019-06-30,Red Bull Ring,Austria,gasly,10,GAS,Pierre,Gasly,French,red_bull,Red Bull,Austrian,8,7,7,6,70,+1 Lap,9,63,1:08.790,225.974
2019,9,Austrian Grand Prix,2019-06-30,Red Bull Ring,Austria,sainz,55,SAI,Carlos,Sainz,Spanish,mclaren,McLaren,British,19,8,8,4,70,+1 Lap,6,53,1:08.117,228.207
2019,9,Austrian Grand Prix,2019-06-30,Red Bull Ring,Austria,raikkonen,7,RAI,Kimi,Räikkönen,Finnish,alfa,Alfa Romeo,Swiss,6,9,9,2,70,+1 Lap,15,57,1:09.126,224.876
2019,9,Austrian Grand Prix,2019-06-30,Red Bull Ring,Austria,giovinazzi,99,GIO,Antonio,Giovinazzi,Italian,alfa,Alfa Romeo,Swiss,7,10,10,1,70,+1 Lap,13,57,1:09.051,225.120
2019,9,Austrian Grand Prix,2019-06-30,Red Bull Ring,Austria,perez,11,PER,Sergio,Pérez,Mexican,racing_point,Racing Point,British,13,11,11,0,70,+1 Lap,14,67,1:09.061,225.087
2019,9,Austrian Grand Prix,2019-06-30,Red Bull Ring,Austria,ricciardo,3,RIC,Daniel,Ricciardo,Australian,renault,Renault,French,12,12,12,0,70,+1 Lap,4,65,1:08.019,228.536
2019,9,Austrian Grand Prix,2019-06-30,Red Bull Ring,Austria,hulkenberg,27,HUL,Nico,Hülkenberg,German,renault,Renault,French,15,13,13,0,70,+1 Lap,16,59,1:09.248,224.480
2019,9,Austrian Grand Prix,2019-06-30,Red Bull Ring,Austria,stroll,18,STR,Lance,Stroll,Canadian,racing_point,Racing Point,British,14,14,14,0,70,+1 Lap,17,57,1:09.288,224.350
2019,9,Austrian Grand Prix,2019-06-30,Red Bull Ring,Austria,albon,23,ALB,Alexander,Albon,Thai,toro_rosso,Toro Rosso,Italian,18,15,15,0,70,+1 Lap,11,59,1:08.946,225.463
2019,9,Austrian Grand Prix,2019-06-30,Red Bull Ring,Austria,grosjean,8,GRO,Romain,Grosjean,French,haas,Haas F1 Team,American,11,16,16,0,70,+1 Lap,12,56,1:08.987,225.329
2019,9,Austrian Grand Prix,2019-06-30,Red Bull Ring,Austria,kvyat,26,KVY,Daniil,Kvyat,Russian,toro_rosso,Toro Rosso,Italian,16,17,17,0,70,+1 Lap,18,58,1:09.498,223.672
2019,9,Austrian Grand Prix,2019-06-30,Red Bull Ring,Austria,russell,63,RUS,George,Russell,British,williams,Williams,British,0,18,18,0,69,+2 Laps,19,52,1:09.926,222.303
2019,9,Austrian Grand Prix,2019-06-30,Red Bull Ring,Austria,kevin_magnussen,20,MAG,Kevin,Magnussen,Danish,haas,Haas F1 Team,American,10,19,19,0,69,+2 Laps,10,69,1:08.903,225.604
2019,9,Austrian Grand Prix,2019-06-30,Red Bull Ring,Austria,kubica,88,KUB,Robert,Kubica,Polish,williams,Williams,British,17,20,20,0,68,+3 Laps,20,55,1:10.964,219.051
2019,10,British Grand Prix,2019-07-14,Silverstone Circuit,UK,hamilton,44,HAM,Lewis,Hamilton,British,mercedes,Mercedes,German,2,1,1,26,52,Finished,1,52,1:27.369,242.735
2019,10,British Grand Prix,2019-07-14,Silverstone Circuit,UK,bottas,77,BOT,Valtteri,Bottas,Finnish,mercedes,Mercedes,German,1,2,2,18,52,Finished,2,47,1:27.406,242.633
2019,10,British Grand Prix,2019-07-14,Silverstone Circuit,UK,leclerc,16,LEC,Charles,Leclerc,Monegasque,ferrari,Ferrari,Italian,3,3,3,15,52,Finished,5,47,1:29.313,237.452
2019,10,British Grand Prix,2019-07-14,Silverstone Circuit,UK,gasly,10,GAS,Pierre,Gasly,French,red_bull,Red Bull,Austrian,5,4,4,12,52,Finished,8,48,1:29.544,236.839
2019,10,British Grand Prix,2019-07-14,Silverstone Circuit,UK,max_verstappen,33,VER,Max,Verstappen,Dutch,red_bull,Red Bull,Austrian,4,5,5,10,52,Finished,4,45,1:29.272,237.561
2019,10,British Grand Prix,2019-07-14,Silverstone Circuit,UK,sainz,55,SAI,Carlos,Sainz,Spanish,mclaren,McLaren,British,13,6,6,8,52,Finished,11,50,1:29.757,236.277
2019,10,British Grand Prix,2019-07-14,Silverstone Circuit,UK,ricciardo,3,RIC,Daniel,Ricciardo,Australian,renault,Renault,French,7,7,7,6,52,Finished,9,50,1:29.624,236.628
2019,10,British Grand Prix,2019-07-14,Silverstone Circuit,UK,raikkonen,7,RAI,Kimi,Räikkönen,Finnish,alfa,Alfa Romeo,Swiss,12,8,8,4,52,Finished,14,51,1:30.034,235.551
2019,10,British Grand Prix,2019-07-14,Silverstone Circuit,UK,kvyat,26,KVY,Daniil,Kvyat,Russian,toro_rosso,Toro Rosso,Italian,17,9,9,2,52,Finished,12,51,1:29.910,235.875
2019,10,British Grand Prix,2019-07-14,Silverstone Circuit,UK,hulkenberg,27,HUL,Nico,Hülkenberg,German,renault,Renault,French,10,10,10,1,52,Finished,13,51,1:29.949,235.773
2019,10,British Grand Prix,2019-07-14,Silverstone Circuit,UK,norris,4,NOR,Lando,Norris,British,mclaren,McLaren,British,8,11,11,0,52,Finished,10,50,1:29.636,236.596
2019,10,British Grand Prix,2019-07-14,Silverstone Circuit,UK,albon,23,ALB,Alexander,Albon,Thai,toro_rosso,Toro Rosso,Italian,9,12,12,0,52,Finished,15,46,1:30.872,233.378
2019,10,British Grand Prix,2019-07-14,Silverstone Circuit,UK,stroll,18,STR,Lance,Stroll,Canadian,racing_point,Racing Point,British,18,13,13,0,52,Finished,6,49,1:29.390,237.248
2019,10,British Grand Prix,2019-07-14,Silverstone Circuit,UK,russell,63,RUS,George,Russell,British,williams,Williams,British,19,14,14,0,51,+1 Lap,16,50,1:31.013,233.017
2019,10,British Grand Prix,2019-07-14,Silverstone Circuit,UK,kubica,88,KUB,Robert,Kubica,Polish,williams,Williams,British,20,15,15,0,51,+1 Lap,17,50,1:31.509,231.754
2019,10,British Grand Prix,2019-07-14,Silverstone Circuit,UK,vettel,5,VET,Sebastian,Vettel,German,ferrari,Ferrari,Italian,6,16,16,0,51,+1 Lap,3,46,1:28.733,239.004
2019,10,British Grand Prix,2019-07-14,Silverstone Circuit,UK,perez,11,PER,Sergio,Pérez,Mexican,racing_point,Racing Point,British,15,17,17,0,51,+1 Lap,7,50,1:29.456,237.072
2019,10,British Grand Prix,2019-07-14,Silverstone Circuit,UK,giovinazzi,99,GIO,Antonio,Giovinazzi,Italian,alfa,Alfa Romeo,Swiss,11,18,R,0,18,Spun off,18,17,1:32.464,229.360
2019,10,British Grand Prix,2019-07-14,Silverstone Circuit,UK,grosjean,8,GRO,Romain,Grosjean,French,haas,Haas F1 Team,American,14,19,R,0,9,Collision,20,4,1:34.350,224.775
2019,10,British Grand Prix,2019-07-14,Silverstone Circuit,UK,kevin_magnussen,20,MAG,Kevin,Magnussen,Danish,haas,Haas F1 Team,American,16,20,R,0,6,Collision,19,5,1:33.425,227.001
2019,11,German Grand Prix,2019-07-28,Hockenheimring,Germany,max_verstappen,33,VER,Max,Verstappen,Dutch,red_bull,Red Bull,Austrian,2,1,1,26,64,Finished,1,61,1:16.645,214.839
2019,11,German Grand Prix,2019-07-28,Hockenheimring,Germany,vettel,5,VET,Sebastian,Vettel,German,ferrari,Ferrari,Italian,20,2,2,18,64,Finished,2,63,1:16.794,214.423
2019,11,German Grand Prix,2019-07-28,Hockenheimring,Germany,kvyat,26,KVY,Daniil,Kvyat,Russian,toro_rosso,Toro Rosso,Italian,14,3,3,15,64,Finished,6,61,1:17.708,211.900
2019,11,German Grand Prix,2019-07-28,Hockenheimring,Germany,stroll,18,STR,Lance,Stroll,Canadian,racing_point,Racing Point,British,15,4,4,12,64,Finished,8,61,1:17.831,211.566
2019,11,German Grand Prix,2019-07-28,Hockenheimring,Germany,sainz,55,SAI,Carlos,Sainz,Spanish,mclaren,McLaren,British,7,5,5,10,64,Finished,9,63,1:17.841,211.538
2019,11,German Grand Prix,2019-07-28,Hockenheimring,Germany,albon,23,ALB,Alexander,Albon,Thai,toro_rosso,Toro Rosso,Italian,16,6,6,8,64,Finished,10,63,1:17.850,211.514
2019,11,German Grand Prix,2019-07-28,Hockenheimring,Germany,grosjean,8,GRO,Romain,Grosjean,French,haas,Haas F1 Team,American,6,7,7,6,64,Finished,7,55,1:17.746,211.797
2019,11,German Grand Prix,2019-07-28,Hockenheimring,Germany,kevin_magnussen,20,MAG,Kevin,Magnussen,Danish,haas,Haas F1 Team,American,12,8,8,4,64,Finished,5,62,1:17.507,212.450
2019,11,German Grand Prix,2019-07-28,Hockenheimring,Germany,hamilton,44,HAM,Lewis,Hamilton,British,mercedes,Mercedes,German,1,9,9,2,64,Finished,12,64,1:18.811,208.935
2019,11,German Grand Prix,2019-07-28,Hockenheimring,Germany,kubica,88,KUB,Robert,Kubica,Polish,williams,Williams,British,18,10,10,1,64,Finished,13,63,1:19.062,208.271
2019,11,German Grand Prix,2019-07-28,Hockenheimring,Germany,russell,63,RUS,George,Russell,British,williams,Williams,British,17,11,11,0,64,Finished,3,60,1:17.485,212.510
2019,11,German Grand Prix,2019-07-28,Hockenheimring,Germany,raikkonen,7,RAI,Kimi,Räikkönen,Finnish,alfa,Alfa Romeo,Swiss,5,12,12,0,64,Finished,15,60,1:19.563,206.960
2019,11,German Grand Prix,2019-07-28,Hockenheimring,Germany,giovinazzi,99,GIO,Antonio,Giovinazzi,Italian,alfa,Alfa Romeo,Swiss,11,13,13,0,64,Finished,14,60,1:19.300,207.646
2019,11,German Grand Prix,2019-07-28,Hockenheimring,Germany,gasly,10,GAS,Pierre,Gasly,French,red_bull,Red Bull,Austrian,4,14,14,0,61,Collision,4,56,1:17.495,212.483
2019,11,German Grand Prix,2019-07-28,Hockenheimring,Germany,bottas,77,BOT,Valtteri,Bottas,Finnish,mercedes,Mercedes,German,3,15,R,0,56,Accident,11,54,1:18.272,210.374
2019,11,German Grand Prix,2019-07-28,Hockenheimring,Germany,hulkenberg,27,HUL,Nico,Hülkenberg,German,renault,Renault,French,9,16,R,0,39,Accident,17,18,1:29.576,183.826
2019,11,German Grand Prix,2019-07-28,Hockenheimring,Germany,leclerc,16,LEC,Charles,Leclerc,Monegasque,ferrari,Ferrari,Italian,10,17,R,0,27,Accident,16,17,1:27.697,187.764
2019,11,German Grand Prix,2019-07-28,Hockenheimring,Germany,norris,4,NOR,Lando,Norris,British,mclaren,McLaren,British,19,18,R,0,25,Power loss,18,16,1:31.081,180.788
2019,11,German Grand Prix,2019-07-28,Hockenheimring,Germany,ricciardo,3,RIC,Daniel,Ricciardo,Australian,renault,Renault,French,13,19,R,0,13,Exhaust,19,10,1:32.654,177.719
2019,11,German Grand Prix,2019-07-28,Hockenheimring,Germany,perez,11,PER,Sergio,Pérez,Mexican,racing_point,Racing Point,British,8,20,R,0,1,Spun off,,,,
2019,12,Hungarian Grand Prix,2019-08-04,Hungaroring,Hungary,hamilton,44,HAM,Lewis,Hamilton,British,mercedes,Mercedes,German,3,1,1,25,70,Finished,2,60,1:18.528,200.840
2019,12,Hungarian Grand Prix,2019-08-04,Hungaroring,Hungary,max_verstappen,33,VER,Max,Verstappen,Dutch,red_bull,Red Bull,Austrian,1,2,2,19,70,Finished,1,69,1:17.103,204.552
2019,12,Hungarian Grand Prix,2019-08-04,Hungaroring,Hungary,vettel,5,VET,Sebastian,Vettel,German,ferrari,Ferrari,Italian,5,3,3,15,70,Finished,4,65,1:19.786,197.673
2019,12,Hungarian Grand Prix,2019-08-04,Hungaroring,Hungary,leclerc,16,LEC,Charles,Leclerc,Monegasque,ferrari,Ferrari,Italian,4,4,4,12,70,Finished,5,49,1:20.493,195.937
2019,12,Hungarian Grand Prix,2019-08-04,Hungaroring,Hungary,sainz,55,SAI,Carlos,Sainz,Spanish,mclaren,McLaren,British,8,5,5,10,69,+1 Lap,10,66,1:21.002,194.706
2019,12,Hungarian Grand Prix,2019-08-04,Hungaroring,Hungary,gasly,10,GAS,Pierre,Gasly,French,red_bull,Red Bull,Austrian,6,6,6,8,69,+1 Lap,12,65,1:21.045,194.602
2019,12,Hungarian Grand Prix,2019-08-04,Hungaroring,Hungary,raikkonen,7,RAI,Kimi,Räikkönen,Finnish,alfa,Alfa Romeo,Swiss,10,7,7,6,69,+1 Lap,9,65,1:20.880,195.000
2019,12,Hungarian Grand Prix,2019-08-04,Hungaroring,Hungary,bottas,77,BOT,Valtteri,Bottas,Finnish,mercedes,Mercedes,German,2,8,8,4,69,+1 Lap,3,59,1:19.331,198.807
2019,12,Hungarian Grand Prix,2019-08-04,Hungaroring,Hungary,norris,4,NOR,Lando,Norris,British,mclaren,McLaren,British,7,9,9,2,69,+1 Lap,13,65,1:21.188,194.260
2019,12,Hungarian Grand Prix,2019-08-04,Hungaroring,Hungary,albon,23,ALB,Alexander,Albon,Thai,toro_rosso,Toro Rosso,Italian,12,10,10,1,69,+1 Lap,7,65,1:20.621,195.626
2019,12,Hungarian Grand Prix,2019-08-04,Hungaroring,Hungary,perez,11,PER,Sergio,Pérez,Mexican,racing_point,Racing Point,British,16,11,11,0,69,+1 Lap,15,47,1:21.734,192.962
2019,12,Hungarian Grand Prix,2019-08-04,Hungaroring,Hungary,hulkenberg,27,HUL,Nico,Hülkenberg,German,renault,Renault,French,11,12,12,0,69,+1 Lap,14,59,1:21.650,193.161
2019,12,Hungarian Grand Prix,2019-08-04,Hungaroring,Hungary,kevin_magnussen,20,MAG,Kevin,Magnussen,Danish,haas,Haas F1 Team,American,14,13,13,0,69,+1 Lap,11,67,1:21.008,194.691
2019,12,Hungarian Grand Prix,2019-08-04,Hungaroring,Hungary,ricciardo,3,RIC,Daniel,Ricciardo,Australian,renault,Renault,French,20,14,14,0,69,+1 Lap,8,49,1:20.839,195.098
2019,12,Hungarian Grand Prix,2019-08-04,Hungaroring,Hungary,kvyat,26,KVY,Daniil,Kvyat,Russian,toro_rosso,Toro Rosso,Italian,13,15,15,0,68,+2 Laps,16,55,1:21.932,192.496
2019,12,Hungarian Grand Prix,2019-08-04,Hungaroring,Hungary,russell,63,RUS,George,Russell,British,williams,Williams,British,15,16,16,0,68,+2 Laps,17,66,1:22.386,191.435
2019,12,Hungarian Grand Prix,2019-08-04,Hungaroring,Hungary,stroll,18,STR,Lance,Stroll,Canadian,racing_point,Racing Point,British,18,17,17,0,68,+2 Laps,6,52,1:20.603,195.670
2019,12,Hungarian Grand Prix,2019-08-04,Hungaroring,Hungary,giovinazzi,99,GIO,Antonio,Giovinazzi,Italian,alfa,Alfa Romeo,Swiss,17,18,18,0,68,+2 Laps,19,64,1:23.134,189.712
2019,12,Hungarian Grand Prix,2019-08-04,Hungaroring,Hungary,kubica,88,KUB,Robert,Kubica,Polish,williams,Williams,British,19,19,19,0,67,+3 Laps,20,42,1:23.436,189.026
2019,12,Hungarian Grand Prix,2019-08-04,Hungaroring,Hungary,grosjean,8,GRO,Romain,Grosjean,French,haas,Haas F1 Team,American,9,20,R,0,49,Water pressure,18,46,1:22.809,190.457
2019,13,Belgian Grand Prix,2019-09-01,Circuit de Spa-Francorchamps,Belgium,leclerc,16,LEC,Charles,Leclerc,Monegasque,ferrari,Ferrari,Italian,1,1,1,25,44,Finished,4,23,1:46.664,236.390
2019,13,Belgian Grand Prix,2019-09-01,Circuit de Spa-Francorchamps,Belgium,hamilton,44,HAM,Lewis,Hamilton,British,mercedes,Mercedes,German,3,2,2,18,44,Finished,3,24,1:46.580,236.577
2019,13,Belgian Grand Prix,2019-09-01,Circuit de Spa-Francorchamps,Belgium,bottas,77,BOT,Valtteri,Bottas,Finnish,mercedes,Mercedes,German,4,3,3,15,44,Finished,2,27,1:46.465,236.832
2019,13,Belgian Grand Prix,2019-09-01,Circuit de Spa-Francorchamps,Belgium,vettel,5,VET,Sebastian,Vettel,German,ferrari,Ferrari,Italian,2,4,4,13,44,Finished,1,36,1:46.409,236.957
2019,13,Belgian Grand Prix,2019-09-01,Circuit de Spa-Francorchamps,Belgium,albon,23,ALB,Alexander,Albon,Thai,red_bull,Red Bull,Austrian,17,5,5,10,44,Finished,5,41,1:47.507,234.537
2019,13,Belgian Grand Prix,2019-09-01,Circuit de Spa-Francorchamps,Belgium,perez,11,PER,Sergio,Pérez,Mexican,racing_point,Racing Point,British,7,6,6,8,44,Finished,13,29,1:48.781,231.790
2019,13,Belgian Grand Prix,2019-09-01,Circuit de Spa-Francorchamps,Belgium,kvyat,26,KVY,Daniil,Kvyat,Russian,toro_rosso,Toro Rosso,Italian,19,7,7,6,44,Finished,7,26,1:48.143,233.157
2019,13,Belgian Grand Prix,2019-09-01,Circuit de Spa-Francorchamps,Belgium,hulkenberg,27,HUL,Nico,Hülkenberg,German,renault,Renault,French,12,8,8,4,44,Finished,9,34,1:48.349,232.714
2019,13,Belgian Grand Prix,2019-09-01,Circuit de Spa-Francorchamps,Belgium,gasly,10,GAS,Pierre,Gasly,French,toro_rosso,Toro Rosso,Italian,13,9,9,2,44,Finished,17,21,1:49.700,229.848
2019,13,Belgian Grand Prix,2019-09-01,Circuit de Spa-Francorchamps,Belgium,stroll,18,STR,Lance,Stroll,Canadian,racing_point,Racing Point,British,16,10,10,1,44,Finished,10,34,1:48.357,232.697
2019,13,Belgian Grand Prix,2019-09-01,Circuit de Spa-Francorchamps,Belgium,norris,4,NOR,Lando,Norris,British,mclaren,McLaren,British,11,11,11,0,43,Engine,8,21,1:48.321,232.774
2019,13,Belgian Grand Prix,2019-09-01,Circuit de Spa-Francorchamps,Belgium,kevin_magnussen,20,MAG,Kevin,Magnussen,Danish,haas,Haas F1 Team,American,8,12,12,0,43,+1 Lap,11,33,1:48.677,232.012
2019,13,Belgian Grand Prix,2019-09-01,Circuit de Spa-Francorchamps,Belgium,grosjean,8,GRO,Romain,Grosjean,French,haas,Haas F1 Team,American,9,13,13,0,43,+1 Lap,16,18,1:49.274,230.744
2019,13,Belgian Grand Prix,2019-09-01,Circuit de Spa-Francorchamps,Belgium,ricciardo,3,RIC,Daniel,Ricciardo,Australian,renault,Renault,French,10,14,14,0,43,+1 Lap,18,21,1:50.451,228.285
2019,13,Belgian Grand Prix,2019-09-01,Circuit de Spa-Francorchamps,Belgium,russell,63,RUS,George,Russell,British,williams,Williams,British,14,15,15,0,43,+1 Lap,14,34,1:48.860,231.622
2019,13,Belgian Grand Prix,2019-09-01,Circuit de Spa-Francorchamps,Belgium,raikkonen,7,RAI,Kimi,Räikkönen,Finnish,alfa,Alfa Romeo,Swiss,6,16,16,0,43,+1 Lap,12,37,1:48.753,231.850
2019,13,Belgian Grand Prix,2019-09-01,Circuit de Spa-Francorchamps,Belgium,kubica,88,KUB,Robert,Kubica,Polish,williams,Williams,British,0,17,17,0,43,+1 Lap,15,33,1:49.220,230.858
2019,13,Belgian Grand Prix,2019-09-01,Circuit de Spa-Francorchamps,Belgium,giovinazzi,99,GIO,Antonio,Giovinazzi,Italian,alfa,Alfa Romeo,Swiss,18,18,18,0,42,Accident,6,31,1:47.560,234.421
2019,13,Belgian Grand Prix,2019-09-01,Circuit de Spa-Francorchamps,Belgium,sainz,55,SAI,Carlos,Sainz,Spanish,mclaren,McLaren,British,15,19,R,0,1,Power loss,,,,
2019,13,Belgian Grand Prix,2019-09-01,Circuit de Spa-Francorchamps,Belgium,max_verstappen,33,VER,Max,Verstappen,Dutch,red_bull,Red Bull,Austrian,5,20,R,0,0,Accident,,,,
2019,14,Italian Grand Prix,2019-09-08,Autodromo Nazionale di Monza,Italy,leclerc,16,LEC,Charles,Leclerc,Monegasque,ferrari,Ferrari,Italian,1,1,1,25,53,Finished,4,47,1:23.009,251.235
2019,14,Italian Grand Prix,2019-09-08,Autodromo Nazionale di Monza,Italy,bottas,77,BOT,Valtteri,Bottas,Finnish,mercedes,Mercedes,German,3,2,2,18,53,Finished,3,47,1:22.859,251.690
2019,14,Italian Grand Prix,2019-09-08,Autodromo Nazionale di Monza,Italy,hamilton,44,HAM,Lewis,Hamilton,British,mercedes,Mercedes,German,2,3,3,16,53,Finished,1,51,1:21.779,255.014
2019,14,Italian Grand Prix,2019-09-08,Autodromo Nazionale di Monza,Italy,ricciardo,3,RIC,Daniel,Ricciardo,Australian,renault,Renault,French,5,4,4,12,53,Finished,7,53,1:23.466,249.859
2019,14,Italian Grand Prix,2019-09-08,Autodromo Nazionale di Monza,Italy,hulkenberg,27,HUL,Nico,Hülkenberg,German,renault,Renault,French,6,5,5,10,53,Finished,8,53,1:23.641,249.337
2019,14,Italian Grand Prix,2019-09-08,Autodromo Nazionale di Monza,Italy,albon,23,ALB,Alexander,Albon,Thai,red_bull,Red Bull,Austrian,8,6,6,8,53,Finished,6,45,1:23.364,250.165
2019,14,Italian Grand Prix,2019-09-08,Autodromo Nazionale di Monza,Italy,perez,11,PER,Sergio,Pérez,Mexican,racing_point,Racing Point,British,18,7,7,6,53,Finished,9,35,1:23.770,248.953
2019,14,Italian Grand Prix,2019-09-08,Autodromo Nazionale di Monza,Italy,max_verstappen,33,VER,Max,Verstappen,Dutch,red_bull,Red Bull,Austrian,19,8,8,4,53,Finished,5,41,1:23.143,250.830
2019,14,Italian Grand Prix,2019-09-08,Autodromo Nazionale di Monza,Italy,giovinazzi,99,GIO,Antonio,Giovinazzi,Italian,alfa,Alfa Romeo,Swiss,10,9,9,2,52,+1 Lap,15,44,1:24.503,246.793
2019,14,Italian Grand Prix,2019-09-08,Autodromo Nazionale di Monza,Italy,norris,4,NOR,Lando,Norris,British,mclaren,McLaren,British,16,10,10,1,52,+1 Lap,11,52,1:24.044,248.141
2019,14,Italian Grand Prix,2019-09-08,Autodromo Nazionale di Monza,Italy,gasly,10,GAS,Pierre,Gasly,French,toro_rosso,Toro Rosso,Italian,17,11,11,0,52,+1 Lap,10,51,1:23.885,248.611
2019,14,Italian Grand Prix,2019-09-08,Autodromo Nazionale di Monza,Italy,stroll,18,STR,Lance,Stroll,Canadian,racing_point,Racing Point,British,9,12,12,0,52,+1 Lap,12,31,1:24.165,247.784
2019,14,Italian Grand Prix,2019-09-08,Autodromo Nazionale di Monza,Italy,vettel,5,VET,Sebastian,Vettel,German,ferrari,Ferrari,Italian,4,13,13,0,52,+1 Lap,2,50,1:22.799,251.872
2019,14,Italian Grand Prix,2019-09-08,Autodromo Nazionale di Monza,Italy,russell,63,RUS,George,Russell,British,williams,Williams,British,14,14,14,0,52,+1 Lap,16,51,1:24.842,245.807
2019,14,Italian Grand Prix,2019-09-08,Autodromo Nazionale di Monza,Italy,raikkonen,7,RAI,Kimi,Räikkönen,Finnish,alfa,Alfa Romeo,Swiss,0,15,15,0,52,+1 Lap,13,52,1:24.419,247.039
2019,14,Italian Grand Prix,2019-09-08,Autodromo Nazionale di Monza,Italy,grosjean,8,GRO,Romain,Grosjean,French,haas,Haas F1 Team,American,13,16,16,0,52,+1 Lap,17,31,1:24.985,245.393
2019,14,Italian Grand Prix,2019-09-08,Autodromo Nazionale di Monza,Italy,kubica,88,KUB,Robert,Kubica,Polish,williams,Williams,British,15,17,17,0,51,+2 Laps,18,47,1:24.989,245.382
2019,14,Italian Grand Prix,2019-09-08,Autodromo Nazionale di Monza,Italy,kevin_magnussen,20,MAG,Kevin,Magnussen,Danish,haas,Haas F1 Team,American,11,18,R,0,43,Hydraulics,14,38,1:24.443,246.968
2019,14,Italian Grand Prix,2019-09-08,Autodromo Nazionale di Monza,Italy,kvyat,26,KVY,Daniil,Kvyat,Russian,toro_rosso,Toro Rosso,Italian,12,19,R,0,29,Engine,20,19,1:25.772,243.142
2019,14,Italian Grand Prix,2019-09-08,Autodromo Nazionale di Monza,Italy,sainz,55,SAI,Carlos,Sainz,Spanish,mclaren,McLaren,British,7,20,R,0,27,Wheel,19,10,1:25.637,243.525
2019,15,Singapore Grand Prix,2019-09-22,Marina Bay Street Circuit,Singapore,vettel,5,VET,Sebastian,Vettel,German,ferrari,Ferrari,Italian,3,1,1,25,61,Finished,5,57,1:44.802,173.916
2019,15,Singapore Grand Prix,2019-09-22,Marina Bay Street Circuit,Singapore,leclerc,16,LEC,Charles,Leclerc,Monegasque,ferrari,Ferrari,Italian,1,2,2,18,61,Finished,4,59,1:44.723,174.047
2019,15,Singapore Grand Prix,2019-09-22,Marina Bay Street Circuit,Singapore,max_verstappen,33,VER,Max,Verstappen,Dutch,red_bull,Red Bull,Austrian,4,3,3,15,61,Finished,8,56,1:45.176,173.298
2019,15,Singapore Grand Prix,2019-09-22,Marina Bay Street Circuit,Singapore,hamilton,44,HAM,Lewis,Hamilton,British,mercedes,Mercedes,German,2,4,4,12,61,Finished,7,58,1:44.914,173.730
2019,15,Singapore Grand Prix,2019-09-22,Marina Bay Street Circuit,Singapore,bottas,77,BOT,Valtteri,Bottas,Finnish,mercedes,Mercedes,German,5,5,5,10,61,Finished,2,58,1:43.534,176.046
2019,15,Singapore Grand Prix,2019-09-22,Marina Bay Street Circuit,Singapore,albon,23,ALB,Alexander,Albon,Thai,red_bull,Red Bull,Austrian,6,6,6,8,61,Finished,9,59,1:45.260,173.159
2019,15,Singapore Grand Prix,2019-09-22,Marina Bay Street Circuit,Singapore,norris,4,NOR,Lando,Norris,British,mclaren,McLaren,British,9,7,7,6,61,Finished,11,58,1:45.716,172.412
2019,15,Singapore Grand Prix,2019-09-22,Marina Bay Street Circuit,Singapore,gasly,10,GAS,Pierre,Gasly,French,toro_rosso,Toro Rosso,Italian,11,8,8,4,61,Finished,13,58,1:45.769,172.326
2019,15,Singapore Grand Prix,2019-09-22,Marina Bay Street Circuit,Singapore,hulkenberg,27,HUL,Nico,Hülkenberg,German,renault,Renault,French,8,9,9,2,61,Finished,12,59,1:45.765,172.333
2019,15,Singapore Grand Prix,2019-09-22,Marina Bay Street Circuit,Singapore,giovinazzi,99,GIO,Antonio,Giovinazzi,Italian,alfa,Alfa Romeo,Swiss,10,10,10,1,61,Finished,10,59,1:45.630,172.553
2019,15,Singapore Grand Prix,2019-09-22,Marina Bay Street Circuit,Singapore,grosjean,8,GRO,Romain,Grosjean,French,haas,Haas F1 Team,American,17,11,11,0,61,Finished,16,54,1:46.274,171.507
2019,15,Singapore Grand Prix,2019-09-22,Marina Bay Street Circuit,Singapore,sainz,55,SAI,Carlos,Sainz,Spanish,mclaren,McLaren,British,7,12,12,0,61,Finished,15,41,1:45.969,172.001
2019,15,Singapore Grand Prix,2019-09-22,Marina Bay Street Circuit,Singapore,stroll,18,STR,Lance,Stroll,Canadian,racing_point,Racing Point,British,16,13,13,0,61,Finished,6,57,1:44.896,173.760
2019,15,Singapore Grand Prix,2019-09-22,Marina Bay Street Circuit,Singapore,ricciardo,3,RIC,Daniel,Ricciardo,Australian,renault,Renault,French,20,14,14,0,61,Finished,14,55,1:45.915,172.088
2019,15,Singapore Grand Prix,2019-09-22,Marina Bay Street Circuit,Singapore,kvyat,26,KVY,Daniil,Kvyat,Russian,toro_rosso,Toro Rosso,Italian,14,15,15,0,61,Finished,3,57,1:44.371,174.634
2019,15,Singapore Grand Prix,2019-09-22,Marina Bay Street Circuit,Singapore,kubica,88,KUB,Robert,Kubica,Polish,williams,Williams,British,19,16,16,0,61,Finished,18,59,1:46.793,170.674
2019,15,Singapore Grand Prix,2019-09-22,Marina Bay Street Circuit,Singapore,kevin_magnussen,20,MAG,Kevin,Magnussen,Danish,haas,Haas F1 Team,American,13,17,17,0,61,Finished,1,58,1:42.301,178.168
2019,15,Singapore Grand Prix,2019-09-22,Marina Bay Street Circuit,Singapore,raikkonen,7,RAI,Kimi,Räikkönen,Finnish,alfa,Alfa Romeo,Swiss,12,18,R,0,49,Collision,19,18,1:47.062,170.245
2019,15,Singapore Grand Prix,2019-09-22,Marina Bay Street Circuit,Singapore,perez,11,PER,Sergio,Pérez,Mexican,racing_point,Racing Point,British,15,19,R,0,42,Engine,17,15,1:46.683,170.850
2019,15,Singapore Grand Prix,2019-09-22,Marina Bay Street Circuit,Singapore,russell,63,RUS,George,Russell,British,williams,Williams,British,18,20,R,0,34,Collision,20,29,1:48.285,168.322
2019,16,Russian Grand Prix,2019-09-29,Sochi Autodrom,Russia,hamilton,44,HAM,Lewis,Hamilton,British,mercedes,Mercedes,German,2,1,1,26,53,Finished,1,51,1:35.761,219.847
2019,16,Russian Grand Prix,2019-09-29,Sochi Autodrom,Russia,bottas,77,BOT,Valtteri,Bottas,Finnish,mercedes,Mercedes,German,4,2,2,18,53,Finished,3,50,1:36.316,218.580
2019,16,Russian Grand Prix,2019-09-29,Sochi Autodrom,Russia,leclerc,16,LEC,Charles,Leclerc,Monegasque,ferrari,Ferrari,Italian,1,3,3,15,53,Finished,2,52,1:36.193,218.860
2019,16,Russian Grand Prix,2019-09-29,Sochi Autodrom,Russia,max_verstappen,33,VER,Max,Verstappen,Dutch,red_bull,Red Bull,Austrian,9,4,4,12,53,Finished,5,47,1:36.937,217.180
2019,16,Russian Grand Prix,2019-09-29,Sochi Autodrom,Russia,albon,23,ALB,Alexander,Albon,Thai,red_bull,Red Bull,Austrian,0,5,5,10,53,Finished,4,50,1:36.762,217.573
2019,16,Russian Grand Prix,2019-09-29,Sochi Autodrom,Russia,sainz,55,SAI,Carlos,Sainz,Spanish,mclaren,McLaren,British,5,6,6,8,53,Finished,6,53,1:38.020,214.780
2019,16,Russian Grand Prix,2019-09-29,Sochi Autodrom,Russia,perez,11,PER,Sergio,Pérez,Mexican,racing_point,Racing Point,British,11,7,7,6,53,Finished,7,49,1:38.043,214.730
2019,16,Russian Grand Prix,2019-09-29,Sochi Autodrom,Russia,norris,4,NOR,Lando,Norris,British,mclaren,McLaren,British,7,8,8,4,53,Finished,11,52,1:38.301,214.166
2019,16,Russian Grand Prix,2019-09-29,Sochi Autodrom,Russia,kevin_magnussen,20,MAG,Kevin,Magnussen,Danish,haas,Haas F1 Team,American,13,9,9,2,53,Finished,8,53,1:38.130,214.539
2019,16,Russian Grand Prix,2019-09-29,Sochi Autodrom,Russia,hulkenberg,27,HUL,Nico,Hülkenberg,German,renault,Renault,French,6,10,10,1,53,Finished,12,53,1:38.519,213.692
2019,16,Russian Grand Prix,2019-09-29,Sochi Autodrom,Russia,stroll,18,STR,Lance,Stroll,Canadian,racing_point,Racing Point,British,14,11,11,0,53,Finished,15,53,1:38.611,213.493
2019,16,Russian Grand Prix,2019-09-29,Sochi Autodrom,Russia,kvyat,26,KVY,Daniil,Kvyat,Russian,toro_rosso,Toro Rosso,Italian,19,12,12,0,53,Finished,9,52,1:38.228,214.325
2019,16,Russian Grand Prix,2019-09-29,Sochi Autodrom,Russia,raikkonen,7,RAI,Kimi,Räikkönen,Finnish,alfa,Alfa Romeo,Swiss,15,13,13,0,53,Finished,13,51,1:38.589,213.541
2019,16,Russian Grand Prix,2019-09-29,Sochi Autodrom,Russia,gasly,10,GAS,Pierre,Gasly,French,toro_rosso,Toro Rosso,Italian,16,14,14,0,53,Finished,14,51,1:38.606,213.504
2019,16,Russian Grand Prix,2019-09-29,Sochi Autodrom,Russia,giovinazzi,99,GIO,Antonio,Giovinazzi,Italian,alfa,Alfa Romeo,Swiss,12,15,15,0,53,Finished,16,51,1:38.696,213.309
2019,16,Russian Grand Prix,2019-09-29,Sochi Autodrom,Russia,kubica,88,KUB,Robert,Kubica,Polish,williams,Williams,British,18,16,R,0,28,Brakes,19,24,1:42.327,205.740
2019,16,Russian Grand Prix,2019-09-29,Sochi Autodrom,Russia,russell,63,RUS,George,Russell,British,williams,Williams,British,17,17,R,0,27,Brakes,18,18,1:41.705,206.998
2019,16,Russian Grand Prix,2019-09-29,Sochi Autodrom,Russia,vettel,5,VET,Sebastian,Vettel,German,ferrari,Ferrari,Italian,3,18,R,0,26,Power loss,10,16,1:38.245,214.288
2019,16,Russian Grand Prix,2019-09-29,Sochi Autodrom,Russia,ricciardo,3,RIC,Daniel,Ricciardo,Australian,renault,Renault,French,10,19,R,0,24,Collision,17,22,1:41.284,207.859
2019,16,Russian Grand Prix,2019-09-29,Sochi Autodrom,Russia,grosjean,8,GRO,Romain,Grosjean,French,haas,Haas F1 Team,American,8,20,R,0,0,Collision,,,,
2019,17,Japanese Grand Prix,2019-10-13,Suzuka Circuit,Japan,bottas,77,BOT,Valtteri,Bottas,Finnish,mercedes,Mercedes,German,3,1,1,25,52,Finished,4,49,1:31.862,227.571
2019,17,Japanese Grand Prix,2019-10-13,Suzuka Circuit,Japan,vettel,5,VET,Sebastian,Vettel,German,ferrari,Ferrari,Italian,1,2,2,18,52,Finished,5,38,1:32.122,226.929
2019,17,Japanese Grand Prix,2019-10-13,Suzuka Circuit,Japan,hamilton,44,HAM,Lewis,Hamilton,British,mercedes,Mercedes,German,4,3,3,16,52,Finished,1,45,1:30.983,229.770
2019,17,Japanese Grand Prix,2019-10-13,Suzuka Circuit,Japan,albon,23,ALB,Alexander,Albon,Thai,red_bull,Red Bull,Austrian,6,4,4,12,52,Finished,8,36,1:32.775,225.332
2019,17,Japanese Grand Prix,2019-10-13,Suzuka Circuit,Japan,sainz,55,SAI,Carlos,Sainz,Spanish,mclaren,McLaren,British,7,5,5,10,52,Finished,12,46,1:33.563,223.434
2019,17,Japanese Grand Prix,2019-10-13,Suzuka Circuit,Japan,leclerc,16,LEC,Charles,Leclerc,Monegasque,ferrari,Ferrari,Italian,2,6,6,8,51,+1 Lap,2,48,1:31.611,228.195
2019,17,Japanese Grand Prix,2019-10-13,Suzuka Circuit,Japan,gasly,10,GAS,Pierre,Gasly,French,toro_rosso,Toro Rosso,Italian,9,7,7,6,51,+1 Lap,17,43,1:35.321,219.313
2019,17,Japanese Grand Prix,2019-10-13,Suzuka Circuit,Japan,perez,11,PER,Sergio,Pérez,Mexican,racing_point,Racing Point,British,17,8,8,4,51,+1 Lap,7,46,1:32.621,225.706
2019,17,Japanese Grand Prix,2019-10-13,Suzuka Circuit,Japan,stroll,18,STR,Lance,Stroll,Canadian,racing_point,Racing Point,British,12,9,9,2,51,+1 Lap,14,26,1:34.713,220.721
2019,17,Japanese Grand Prix,2019-10-13,Suzuka Circuit,Japan,kvyat,26,KVY,Daniil,Kvyat,Russian,toro_rosso,Toro Rosso,Italian,14,10,10,1,51,+1 Lap,10,47,1:33.239,224.210
2019,17,Japanese Grand Prix,2019-10-13,Suzuka Circuit,Japan,norris,4,NOR,Lando,Norris,British,mclaren,McLaren,British,8,11,11,0,51,+1 Lap,13,31,1:34.116,222.121
2019,17,Japanese Grand Prix,2019-10-13,Suzuka Circuit,Japan,raikkonen,7,RAI,Kimi,Räikkönen,Finnish,alfa,Alfa Romeo,Swiss,13,12,12,0,51,+1 Lap,9,50,1:33.190,224.328
2019,17,Japanese Grand Prix,2019-10-13,Suzuka Circuit,Japan,grosjean,8,GRO,Romain,Grosjean,French,haas,Haas F1 Team,American,10,13,13,0,51,+1 Lap,16,18,1:34.988,220.082
2019,17,Japanese Grand Prix,2019-10-13,Suzuka Circuit,Japan,giovinazzi,99,GIO,Antonio,Giovinazzi,Italian,alfa,Alfa Romeo,Swiss,11,14,14,0,51,+1 Lap,6,51,1:32.369,226.322
2019,17,Japanese Grand Prix,2019-10-13,Suzuka Circuit,Japan,kevin_magnussen,20,MAG,Kevin,Magnussen,Danish,haas,Haas F1 Team,American,19,15,15,0,51,+1 Lap,3,49,1:31.732,227.894
2019,17,Japanese Grand Prix,2019-10-13,Suzuka Circuit,Japan,russell,63,RUS,George,Russell,British,williams,Williams,British,18,16,16,0,50,+2 Laps,18,27,1:35.458,218.998
2019,17,Japanese Grand Prix,2019-10-13,Suzuka Circuit,Japan,kubica,88,KUB,Robert,Kubica,Polish,williams,Williams,British,0,17,17,0,50,+2 Laps,19,44,1:36.332,217.012
2019,17,Japanese Grand Prix,2019-10-13,Suzuka Circuit,Japan,max_verstappen,33,VER,Max,Verstappen,Dutch,red_bull,Red Bull,Austrian,5,18,R,0,14,Brakes,20,10,1:37.249,214.965
2019,17,Japanese Grand Prix,2019-10-13,Suzuka Circuit,Japan,ricciardo,3,RIC,Daniel,Ricciardo,Australian,renault,Renault,French,16,19,D,0,51,Disqualified,11,48,1:33.481,223.630
2019,17,Japanese Grand Prix,2019-10-13,Suzuka Circuit,Japan,hulkenberg,27,HUL,Nico,Hülkenberg,German,renault,Renault,French,15,20,D,0,51,Disqualified,15,47,1:34.921,220.237
2019,18,Mexican Grand Prix,2019-10-27,Autódromo Hermanos Rodríguez,Mexico,hamilton,44,HAM,Lewis,Hamilton,British,mercedes,Mercedes,German,3,1,1,25,71,Finished,4,66,1:19.461,194.993
2019,18,Mexican Grand Prix,2019-10-27,Autódromo Hermanos Rodríguez,Mexico,vettel,5,VET,Sebastian,Vettel,German,ferrari,Ferrari,Italian,2,2,2,18,71,Finished,3,68,1:19.381,195.190
2019,18,Mexican Grand Prix,2019-10-27,Autódromo Hermanos Rodríguez,Mexico,bottas,77,BOT,Valtteri,Bottas,Finnish,mercedes,Mercedes,German,6,3,3,15,71,Finished,5,66,1:19.494,194.912
2019,18,Mexican Grand Prix,2019-10-27,Autódromo Hermanos Rodríguez,Mexico,leclerc,16,LEC,Charles,Leclerc,Monegasque,ferrari,Ferrari,Italian,1,4,4,13,71,Finished,1,53,1:19.232,195.557
2019,18,Mexican Grand Prix,2019-10-27,Autódromo Hermanos Rodríguez,Mexico,albon,23,ALB,Alexander,Albon,Thai,red_bull,Red Bull,Austrian,5,5,5,10,71,Finished,2,48,1:19.325,195.328
2019,18,Mexican Grand Prix,2019-10-27,Autódromo Hermanos Rodríguez,Mexico,max_verstappen,33,VER,Max,Verstappen,Dutch,red_bull,Red Bull,Austrian,4,6,6,8,71,Finished,11,65,1:20.406,192.702
2019,18,Mexican Grand Prix,2019-10-27,Autódromo Hermanos Rodríguez,Mexico,perez,11,PER,Sergio,Pérez,Mexican,racing_point,Racing Point,British,11,7,7,6,71,Finished,12,70,1:20.485,192.512
2019,18,Mexican Grand Prix,2019-10-27,Autódromo Hermanos Rodríguez,Mexico,ricciardo,3,RIC,Daniel,Ricciardo,Australian,renault,Renault,French,13,8,8,4,71,Finished,9,53,1:20.146,193.327
2019,18,Mexican Grand Prix,2019-10-27,Autódromo Hermanos Rodríguez,Mexico,gasly,10,GAS,Pierre,Gasly,French,toro_rosso,Toro Rosso,Italian,10,9,9,2,70,+1 Lap,6,53,1:19.530,194.824
2019,18,Mexican Grand Prix,2019-10-27,Autódromo Hermanos Rodríguez,Mexico,hulkenberg,27,HUL,Nico,Hülkenberg,German,renault,Renault,French,12,10,10,1,70,+1 Lap,14,59,1:20.791,191.783
2019,18,Mexican Grand Prix,2019-10-27,Autódromo Hermanos Rodríguez,Mexico,kvyat,26,KVY,Daniil,Kvyat,Russian,toro_rosso,Toro Rosso,Italian,9,11,11,0,70,+1 Lap,7,48,1:19.905,193.910
2019,18,Mexican Grand Prix,2019-10-27,Autódromo Hermanos Rodríguez,Mexico,stroll,18,STR,Lance,Stroll,Canadian,racing_point,Racing Point,British,16,12,12,0,70,+1 Lap,15,68,1:20.922,191.473
2019,18,Mexican Grand Prix,2019-10-27,Autódromo Hermanos Rodríguez,Mexico,sainz,55,SAI,Carlos,Sainz,Spanish,mclaren,McLaren,British,7,13,13,0,70,+1 Lap,10,66,1:20.311,192.929
2019,18,Mexican Grand Prix,2019-10-27,Autódromo Hermanos Rodríguez,Mexico,giovinazzi,99,GIO,Antonio,Giovinazzi,Italian,alfa,Alfa Romeo,Swiss,15,14,14,0,70,+1 Lap,16,65,1:21.014,191.255
2019,18,Mexican Grand Prix,2019-10-27,Autódromo Hermanos Rodríguez,Mexico,kevin_magnussen,20,MAG,Kevin,Magnussen,Danish,haas,Haas F1 Team,American,17,15,15,0,69,+2 Laps,20,53,1:21.682,189.691
2019,18,Mexican Grand Prix,2019-10-27,Autódromo Hermanos Rodríguez,Mexico,russell,63,RUS,George,Russell,British,williams,Williams,British,19,16,16,0,69,+2 Laps,17,69,1:21.286,190.615
2019,18,Mexican Grand Prix,2019-10-27,Autódromo Hermanos Rodríguez,Mexico,grosjean,8,GRO,Romain,Grosjean,French,haas,Haas F1 Team,American,18,17,17,0,69,+2 Laps,18,68,1:21.581,189.926
2019,18,Mexican Grand Prix,2019-10-27,Autódromo Hermanos Rodríguez,Mexico,kubica,88,KUB,Robert,Kubica,Polish,williams,Williams,British,20,18,18,0,69,+2 Laps,13,63,1:20.696,192.009
2019,18,Mexican Grand Prix,2019-10-27,Autódromo Hermanos Rodríguez,Mexico,raikkonen,7,RAI,Kimi,Räikkönen,Finnish,alfa,Alfa Romeo,Swiss,14,19,R,0,58,Overheating,8,55,1:20.082,193.481
2019,18,Mexican Grand Prix,2019-10-27,Autódromo Hermanos Rodríguez,Mexico,norris,4,NOR,Lando,Norris,British,mclaren,McLaren,British,8,20,W,0,48,Withdrew,19,46,1:21.643,189.782
2019,19,United States Grand Prix,2019-11-03,Circuit of the Americas,USA,bottas,77,BOT,Valtteri,Bottas,Finnish,mercedes,Mercedes,German,1,1,1,25,56,Finished,2,37,1:36.957,204.696
2019,19,United States Grand Prix,2019-11-03,Circuit of the Americas,USA,hamilton,44,HAM,Lewis,Hamilton,British,mercedes,Mercedes,German,5,2,2,18,56,Finished,7,26,1:38.446,201.600
2019,19,United States Grand Prix,2019-11-03,Circuit of the Americas,USA,max_verstappen,33,VER,Max,Verstappen,Dutch,red_bull,Red Bull,Austrian,3,3,3,15,56,Finished,5,42,1:38.214,202.077
2019,19,United States Grand Prix,2019-11-03,Circuit of the Americas,USA,leclerc,16,LEC,Charles,Leclerc,Monegasque,ferrari,Ferrari,Italian,4,4,4,13,56,Finished,1,44,1:36.169,206.374
2019,19,United States Grand Prix,2019-11-03,Circuit of the Americas,USA,albon,23,ALB,Alexander,Albon,Thai,red_bull,Red Bull,Austrian,6,5,5,10,56,Finished,3,42,1:38.029,202.458
2019,19,United States Grand Prix,2019-11-03,Circuit of the Americas,USA,ricciardo,3,RIC,Daniel,Ricciardo,Australian,renault,Renault,French,9,6,6,8,56,Finished,14,28,1:40.564,197.354
2019,19,United States Grand Prix,2019-11-03,Circuit of the Americas,USA,norris,4,NOR,Lando,Norris,British,mclaren,McLaren,British,8,7,7,6,56,Finished,4,44,1:38.074,202.365
2019,19,United States Grand Prix,2019-11-03,Circuit of the Americas,USA,sainz,55,SAI,Carlos,Sainz,Spanish,mclaren,McLaren,British,7,8,8,4,55,+1 Lap,15,44,1:40.844,196.806
2019,19,United States Grand Prix,2019-11-03,Circuit of the Americas,USA,hulkenberg,27,HUL,Nico,Hülkenberg,German,renault,Renault,French,11,9,9,2,55,+1 Lap,6,47,1:38.437,201.619
2019,19,United States Grand Prix,2019-11-03,Circuit of the Americas,USA,perez,11,PER,Sergio,Pérez,Mexican,racing_point,Racing Point,British,0,10,10,1,55,+1 Lap,11,34,1:40.165,198.141
2019,19,United States Grand Prix,2019-11-03,Circuit of the Americas,USA,raikkonen,7,RAI,Kimi,Räikkönen,Finnish,alfa,Alfa Romeo,Swiss,17,11,11,0,55,+1 Lap,9,46,1:39.608,199.249
2019,19,United States Grand Prix,2019-11-03,Circuit of the Americas,USA,kvyat,26,KVY,Daniil,Kvyat,Russian,toro_rosso,Toro Rosso,Italian,13,12,12,0,55,+1 Lap,8,41,1:38.969,200.535
2019,19,United States Grand Prix,2019-11-03,Circuit of the Americas,USA,stroll,18,STR,Lance,Stroll,Canadian,racing_point,Racing Point,British,14,13,13,0,55,+1 Lap,13,42,1:40.380,197.716
2019,19,United States Grand Prix,2019-11-03,Circuit of the Americas,USA,giovinazzi,99,GIO,Antonio,Giovinazzi,Italian,alfa,Alfa Romeo,Swiss,16,14,14,0,55,+1 Lap,10,41,1:39.964,198.539
2019,19,United States Grand Prix,2019-11-03,Circuit of the Americas,USA,grosjean,8,GRO,Romain,Grosjean,French,haas,Haas F1 Team,American,15,15,15,0,55,+1 Lap,18,52,1:41.270,195.979
2019,19,United States Grand Prix,2019-11-03,Circuit of the Americas,USA,gasly,10,GAS,Pierre,Gasly,French,toro_rosso,Toro Rosso,Italian,10,16,16,0,54,Suspension,16,31,1:40.850,196.795
2019,19,United States Grand Prix,2019-11-03,Circuit of the Americas,USA,russell,63,RUS,George,Russell,British,williams,Williams,British,18,17,17,0,54,+2 Laps,17,54,1:41.239,196.039
2019,19,United States Grand Prix,2019-11-03,Circuit of the Americas,USA,kevin_magnussen,20,MAG,Kevin,Magnussen,Danish,haas,Haas F1 Team,American,12,18,18,0,52,Brakes,12,42,1:40.347,197.781
2019,19,United States Grand Prix,2019-11-03,Circuit of the Americas,USA,kubica,88,KUB,Robert,Kubica,Polish,williams,Williams,British,19,19,R,0,31,Oil leak,20,22,1:43.830,191.147
2019,19,United States Grand Prix,2019-11-03,Circuit of the Americas,USA,vettel,5,VET,Sebastian,Vettel,German,ferrari,Ferrari,Italian,2,20,R,0,7,Suspension,19,6,1:42.165,194.262
2019,20,Brazilian Grand Prix,2019-11-17,Autódromo José Carlos Pace,Brazil,max_verstappen,33,VER,Max,Verstappen,Dutch,red_bull,Red Bull,Austrian,1,1,1,25,71,Finished,2,61,1:10.862,218.909
2019,20,Brazilian Grand Prix,2019-11-17,Autódromo José Carlos Pace,Brazil,gasly,10,GAS,Pierre,Gasly,French,toro_rosso,Toro Rosso,Italian,6,2,2,18,71,Finished,9,65,1:12.425,214.185
2019,20,Brazilian Grand Prix,2019-11-17,Autódromo José Carlos Pace,Brazil,sainz,55,SAI,Carlos,Sainz,Spanish,mclaren,McLaren,British,20,3,3,15,71,Finished,16,63,1:13.158,212.039
2019,20,Brazilian Grand Prix,2019-11-17,Autódromo José Carlos Pace,Brazil,raikkonen,7,RAI,Kimi,Räikkönen,Finnish,alfa,Alfa Romeo,Swiss,8,4,4,12,71,Finished,15,65,1:13.135,212.106
2019,20,Brazilian Grand Prix,2019-11-17,Autódromo José Carlos Pace,Brazil,giovinazzi,99,GIO,Antonio,Giovinazzi,Italian,alfa,Alfa Romeo,Swiss,12,5,5,10,71,Finished,14,49,1:13.020,212.440
2019,20,Brazilian Grand Prix,2019-11-17,Autódromo José Carlos Pace,Brazil,ricciardo,3,RIC,Daniel,Ricciardo,Australian,renault,Renault,French,11,6,6,8,71,Finished,11,44,1:12.733,213.278
2019,20,Brazilian Grand Prix,2019-11-17,Autódromo José Carlos Pace,Brazil,hamilton,44,HAM,Lewis,Hamilton,British,mercedes,Mercedes,German,3,7,7,6,71,Finished,3,46,1:11.082,218.232
2019,20,Brazilian Grand Prix,2019-11-17,Autódromo José Carlos Pace,Brazil,norris,4,NOR,Lando,Norris,British,mclaren,McLaren,British,10,8,8,4,71,Finished,7,63,1:12.328,214.472
2019,20,Brazilian Grand Prix,2019-11-17,Autódromo José Carlos Pace,Brazil,perez,11,PER,Sergio,Pérez,Mexican,racing_point,Racing Point,British,15,9,9,2,71,Finished,12,64,1:12.840,212.965
2019,20,Brazilian Grand Prix,2019-11-17,Autódromo José Carlos Pace,Brazil,kvyat,26,KVY,Daniil,Kvyat,Russian,toro_rosso,Toro Rosso,Italian,16,10,10,1,71,Finished,8,49,1:12.385,214.304
2019,20,Brazilian Grand Prix,2019-11-17,Autódromo José Carlos Pace,Brazil,kevin_magnussen,20,MAG,Kevin,Magnussen,Danish,haas,Haas F1 Team,American,9,11,11,0,71,Finished,17,65,1:13.262,211.738
2019,20,Brazilian Grand Prix,2019-11-17,Autódromo José Carlos Pace,Brazil,russell,63,RUS,George,Russell,British,williams,Williams,British,18,12,12,0,71,Finished,19,57,1:13.752,210.331
2019,20,Brazilian Grand Prix,2019-11-17,Autódromo José Carlos Pace,Brazil,grosjean,8,GRO,Romain,Grosjean,French,haas,Haas F1 Team,American,7,13,13,0,71,Finished,18,29,1:13.619,210.711
2019,20,Brazilian Grand Prix,2019-11-17,Autódromo José Carlos Pace,Brazil,albon,23,ALB,Alexander,Albon,Thai,red_bull,Red Bull,Austrian,5,14,14,0,71,Finished,4,52,1:11.087,218.217
2019,20,Brazilian Grand Prix,2019-11-17,Autódromo José Carlos Pace,Brazil,hulkenberg,27,HUL,Nico,Hülkenberg,German,renault,Renault,French,13,15,15,0,71,Finished,13,64,1:12.934,212.690
2019,20,Brazilian Grand Prix,2019-11-17,Autódromo José Carlos Pace,Brazil,kubica,88,KUB,Robert,Kubica,Polish,williams,Williams,British,19,16,16,0,70,+1 Lap,20,63,1:14.553,208.072
2019,20,Brazilian Grand Prix,2019-11-17,Autódromo José Carlos Pace,Brazil,vettel,5,VET,Sebastian,Vettel,German,ferrari,Ferrari,Italian,2,17,17,0,65,Collision,5,51,1:11.384,217.309
2019,20,Brazilian Grand Prix,2019-11-17,Autódromo José Carlos Pace,Brazil,leclerc,16,LEC,Charles,Leclerc,Monegasque,ferrari,Ferrari,Italian,14,18,18,0,65,Collision,6,63,1:11.423,217.190
2019,20,Brazilian Grand Prix,2019-11-17,Autódromo José Carlos Pace,Brazil,stroll,18,STR,Lance,Stroll,Canadian,racing_point,Racing Point,British,17,19,19,0,65,Suspension,10,65,1:12.603,213.660
2019,20,Brazilian Grand Prix,2019-11-17,Autódromo José Carlos Pace,Brazil,bottas,77,BOT,Valtteri,Bottas,Finnish,mercedes,Mercedes,German,4,20,R,0,51,Power Unit,1,43,1:10.698,219.417
2019,21,Abu Dhabi Grand Prix,2019-12-01,Yas Marina Circuit,UAE,hamilton,44,HAM,Lewis,Hamilton,British,mercedes,Mercedes,German,1,1,1,26,55,Finished,1,53,1:39.283,201.387
2019,21,Abu Dhabi Grand Prix,2019-12-01,Yas Marina Circuit,UAE,max_verstappen,33,VER,Max,Verstappen,Dutch,red_bull,Red Bull,Austrian,2,2,2,18,55,Finished,5,55,1:41.119,197.731
2019,21,Abu Dhabi Grand Prix,2019-12-01,Yas Marina Circuit,UAE,leclerc,16,LEC,Charles,Leclerc,Monegasque,ferrari,Ferrari,Italian,3,3,3,15,55,Finished,4,44,1:40.442,199.064
2019,21,Abu Dhabi Grand Prix,2019-12-01,Yas Marina Circuit,UAE,bottas,77,BOT,Valtteri,Bottas,Finnish,mercedes,Mercedes,German,20,4,4,12,55,Finished,2,31,1:39.715,200.515
2019,21,Abu Dhabi Grand Prix,2019-12-01,Yas Marina Circuit,UAE,vettel,5,VET,Sebastian,Vettel,German,ferrari,Ferrari,Italian,4,5,5,10,55,Finished,3,55,1:40.128,199.688
2019,21,Abu Dhabi Grand Prix,2019-12-01,Yas Marina Circuit,UAE,albon,23,ALB,Alexander,Albon,Thai,red_bull,Red Bull,Austrian,5,6,6,8,55,Finished,8,49,1:42.219,195.603
2019,21,Abu Dhabi Grand Prix,2019-12-01,Yas Marina Circuit,UAE,perez,11,PER,Sergio,Pérez,Mexican,racing_point,Racing Point,British,10,7,7,6,54,+1 Lap,11,39,1:42.639,194.803
2019,21,Abu Dhabi Grand Prix,2019-12-01,Yas Marina Circuit,UAE,norris,4,NOR,Lando,Norris,British,mclaren,McLaren,British,6,8,8,4,54,+1 Lap,12,50,1:43.026,194.071
2019,21,Abu Dhabi Grand Prix,2019-12-01,Yas Marina Circuit,UAE,kvyat,26,KVY,Daniil,Kvyat,Russian,toro_rosso,Toro Rosso,Italian,13,9,9,2,54,+1 Lap,9,42,1:42.222,195.597
2019,21,Abu Dhabi Grand Prix,2019-12-01,Yas Marina Circuit,UAE,sainz,55,SAI,Carlos,Sainz,Spanish,mclaren,McLaren,British,8,10,10,1,54,+1 Lap,7,43,1:41.294,197.389
2019,21,Abu Dhabi Grand Prix,2019-12-01,Yas Marina Circuit,UAE,ricciardo,3,RIC,Daniel,Ricciardo,Australian,renault,Renault,French,7,11,11,0,54,+1 Lap,6,51,1:41.190,197.592
2019,21,Abu Dhabi Grand Prix,2019-12-01,Yas Marina Circuit,UAE,hulkenberg,27,HUL,Nico,Hülkenberg,German,renault,Renault,French,9,12,12,0,54,+1 Lap,16,52,1:43.274,193.605
2019,21,Abu Dhabi Grand Prix,2019-12-01,Yas Marina Circuit,UAE,raikkonen,7,RAI,Kimi,Räikkönen,Finnish,alfa,Alfa Romeo,Swiss,17,13,13,0,54,+1 Lap,14,25,1:43.142,193.853
2019,21,Abu Dhabi Grand Prix,2019-12-01,Yas Marina Circuit,UAE,kevin_magnussen,20,MAG,Kevin,Magnussen,Danish,haas,Haas F1 Team,American,14,14,14,0,54,+1 Lap,19,22,1:43.790,192.642
2019,21,Abu Dhabi Grand Prix,2019-12-01,Yas Marina Circuit,UAE,grosjean,8,GRO,Romain,Grosjean,French,haas,Haas F1 Team,American,15,15,15,0,54,+1 Lap,18,33,1:43.666,192.873
2019,21,Abu Dhabi Grand Prix,2019-12-01,Yas Marina Circuit,UAE,giovinazzi,99,GIO,Antonio,Giovinazzi,Italian,alfa,Alfa Romeo,Swiss,16,16,16,0,54,+1 Lap,15,28,1:43.256,193.639
2019,21,Abu Dhabi Grand Prix,2019-12-01,Yas Marina Circuit,UAE,russell,63,RUS,George,Russell,British,williams,Williams,British,18,17,17,0,54,+1 Lap,13,50,1:43.074,193.981
2019,21,Abu Dhabi Grand Prix,2019-12-01,Yas Marina Circuit,UAE,gasly,10,GAS,Pierre,Gasly,French,toro_rosso,Toro Rosso,Italian,11,18,18,0,53,+2 Laps,10,53,1:42.414,195.231
2019,21,Abu Dhabi Grand Prix,2019-12-01,Yas Marina Circuit,UAE,kubica,88,KUB,Robert,Kubica,Polish,williams,Williams,British,19,19,19,0,53,+2 Laps,20,51,1:44.500,191.333
2019,21,Abu Dhabi Grand Prix,2019-12-01,Yas Marina Circuit,UAE,stroll,18,STR,Lance,Stroll,Canadian,racing_point,Racing Point,British,12,20,R,0,45,Brakes,17,25,1:43.326,193.507
2020,1,Austrian Grand Prix,2020-07-05,Red Bull Ring,Austria,bottas,77,BOT,Valtteri,Bottas,Finnish,mercedes,Mercedes,German,1,1,1,25,71,Finished,2,68,1:07.657,229.758
2020,1,Austrian Grand Prix,2020-07-05,Red Bull Ring,Austria,leclerc,16,LEC,Charles,Leclerc,Monegasque,ferrari,Ferrari,Italian,7,2,2,18,71,Finished,4,64,1:07.901,228.933
2020,1,Austrian Grand Prix,2020-07-05,Red Bull Ring,Austria,norris,4,NOR,Lando,Norris,British,mclaren,McLaren,British,3,3,3,16,71,Finished,1,71,1:07.475,230.378
2020,1,Austrian Grand Prix,2020-07-05,Red Bull Ring,Austria,hamilton,44,HAM,Lewis,Hamilton,British,mercedes,Mercedes,German,5,4,4,12,71,Finished,3,67,1:07.712,229.572
2020,1,Austrian Grand Prix,2020-07-05,Red Bull Ring,Austria,sainz,55,SAI,Carlos,Sainz,Spanish,mclaren,McLaren,British,8,5,5,10,71,Finished,5,63,1:07.974,228.687
2020,1,Austrian Grand Prix,2020-07-05,Red Bull Ring,Austria,perez,11,PER,Sergio,Pérez,Mexican,racing_point,Racing Point,British,6,6,6,8,71,Finished,6,63,1:08.305,227.579
2020,1,Austrian Grand Prix,2020-07-05,Red Bull Ring,Austria,gasly,10,GAS,Pierre,Gasly,French,alphatauri,AlphaTauri,Italian,12,7,7,6,71,Finished,11,64,1:09.025,225.205
2020,1,Austrian Grand Prix,2020-07-05,Red Bull Ring,Austria,ocon,31,OCO,Esteban,Ocon,French,renault,Renault,French,14,8,8,4,71,Finished,10,64,1:08.932,225.509
2020,1,Austrian Grand Prix,2020-07-05,Red Bull Ring,Austria,giovinazzi,99,GIO,Antonio,Giovinazzi,Italian,alfa,Alfa Romeo,Swiss,18,9,9,2,71,Finished,9,70,1:08.796,225.954
2020,1,Austrian Grand Prix,2020-07-05,Red Bull Ring,Austria,vettel,5,VET,Sebastian,Vettel,German,ferrari,Ferrari,Italian,11,10,10,1,71,Finished,8,71,1:08.623,226.524
2020,1,Austrian Grand Prix,2020-07-05,Red Bull Ring,Austria,latifi,6,LAT,Nicholas,Latifi,Canadian,williams,Williams,British,20,11,11,0,71,Finished,16,63,1:09.662,223.146
2020,1,Austrian Grand Prix,2020-07-05,Red Bull Ring,Austria,kvyat,26,KVY,Daniil,Kvyat,Russian,alphatauri,AlphaTauri,Italian,13,12,12,0,69,Suspension,13,50,1:09.135,224.847
2020,1,Austrian Grand Prix,2020-07-05,Red Bull Ring,Austria,albon,23,ALB,Alexander,Albon,Thai,red_bull,Red Bull,Austrian,4,13,13,0,67,Electronics,7,50,1:08.432,227.156
2020,1,Austrian Grand Prix,2020-07-05,Red Bull Ring,Austria,raikkonen,7,RAI,Kimi,Räikkönen,Finnish,alfa,Alfa Romeo,Swiss,19,14,R,0,53,Wheel,12,48,1:09.031,225.185
2020,1,Austrian Grand Prix,2020-07-05,Red Bull Ring,Austria,russell,63,RUS,George,Russell,British,williams,Williams,British,17,15,R,0,49,Fuel pressure,14,49,1:09.317,224.256
2020,1,Austrian Grand Prix,2020-07-05,Red Bull Ring,Austria,grosjean,8,GRO,Romain,Grosjean,French,haas,Haas F1 Team,American,15,16,R,0,49,Brakes,17,46,1:10.228,221.347
2020,1,Austrian Grand Prix,2020-07-05,Red Bull Ring,Austria,kevin_magnussen,20,MAG,Kevin,Magnussen,Danish,haas,Haas F1 Team,American,16,17,R,0,24,Brakes,20,23,1:10.720,219.807
2020,1,Austrian Grand Prix,2020-07-05,Red Bull Ring,Austria,stroll,18,STR,Lance,Stroll,Canadian,racing_point,Racing Point,British,9,18,R,0,20,Engine,18,4,1:10.326,221.039
2020,1,Austrian Grand Prix,2020-07-05,Red Bull Ring,Austria,ricciardo,3,RIC,Daniel,Ricciardo,Australian,renault,Renault,French,10,19,R,0,17,Overheating,19,8,1:10.610,220.150
2020,1,Austrian Grand Prix,2020-07-05,Red Bull Ring,Austria,max_verstappen,33,VER,Max,Verstappen,Dutch,red_bull,Red Bull,Austrian,2,20,R,0,11,Electronics,15,5,1:09.351,224.146
2020,2,Styrian Grand Prix,2020-07-12,Red Bull Ring,Austria,hamilton,44,HAM,Lewis,Hamilton,British,mercedes,Mercedes,German,1,1,1,25,71,Finished,3,68,1:06.719,232.989
2020,2,Styrian Grand Prix,2020-07-12,Red Bull Ring,Austria,bottas,77,BOT,Valtteri,Bottas,Finnish,mercedes,Mercedes,German,4,2,2,18,71,Finished,7,62,1:07.534,230.177
2020,2,Styrian Grand Prix,2020-07-12,Red Bull Ring,Austria,max_verstappen,33,VER,Max,Verstappen,Dutch,red_bull,Red Bull,Austrian,2,3,3,15,71,Finished,2,70,1:06.145,235.010
2020,2,Styrian Grand Prix,2020-07-12,Red Bull Ring,Austria,albon,23,ALB,Alexander,Albon,Thai,red_bull,Red Bull,Austrian,6,4,4,12,71,Finished,6,67,1:07.299,230.981
2020,2,Styrian Grand Prix,2020-07-12,Red Bull Ring,Austria,norris,4,NOR,Lando,Norris,British,mclaren,McLaren,British,9,5,5,10,71,Finished,5,66,1:07.193,231.345
2020,2,Styrian Grand Prix,2020-07-12,Red Bull Ring,Austria,perez,11,PER,Sergio,Pérez,Mexican,racing_point,Racing Point,British,17,6,6,8,71,Finished,4,68,1:07.188,231.362
2020,2,Styrian Grand Prix,2020-07-12,Red Bull Ring,Austria,stroll,18,STR,Lance,Stroll,Canadian,racing_point,Racing Point,British,12,7,7,6,71,Finished,10,65,1:07.833,229.162
2020,2,Styrian Grand Prix,2020-07-12,Red Bull Ring,Austria,ricciardo,3,RIC,Daniel,Ricciardo,Australian,renault,Renault,French,8,8,8,4,71,Finished,9,65,1:07.832,229.166
2020,2,Styrian Grand Prix,2020-07-12,Red Bull Ring,Austria,sainz,55,SAI,Carlos,Sainz,Spanish,mclaren,McLaren,British,3,9,9,3,70,+1 Lap,1,68,1:05.619,236.894
2020,2,Styrian Grand Prix,2020-07-12,Red Bull Ring,Austria,kvyat,26,KVY,Daniil,Kvyat,Russian,alphatauri,AlphaTauri,Italian,13,10,10,1,70,+1 Lap,13,60,1:08.378,227.336
2020,2,Styrian Grand Prix,2020-07-12,Red Bull Ring,Austria,raikkonen,7,RAI,Kimi,Räikkönen,Finnish,alfa,Alfa Romeo,Swiss,16,11,11,0,70,+1 Lap,14,57,1:08.382,227.322
2020,2,Styrian Grand Prix,2020-07-12,Red Bull Ring,Austria,kevin_magnussen,20,MAG,Kevin,Magnussen,Danish,haas,Haas F1 Team,American,15,12,12,0,70,+1 Lap,11,69,1:08.009,228.569
2020,2,Styrian Grand Prix,2020-07-12,Red Bull Ring,Austria,grosjean,8,GRO,Romain,Grosjean,French,haas,Haas F1 Team,American,0,13,13,0,70,+1 Lap,12,69,1:08.047,228.442
2020,2,Styrian Grand Prix,2020-07-12,Red Bull Ring,Austria,giovinazzi,99,GIO,Antonio,Giovinazzi,Italian,alfa,Alfa Romeo,Swiss,19,14,14,0,70,+1 Lap,15,54,1:08.512,226.891
2020,2,Styrian Grand Prix,2020-07-12,Red Bull Ring,Austria,gasly,10,GAS,Pierre,Gasly,French,alphatauri,AlphaTauri,Italian,7,15,15,0,70,+1 Lap,8,69,1:07.827,229.183
2020,2,Styrian Grand Prix,2020-07-12,Red Bull Ring,Austria,russell,63,RUS,George,Russell,British,williams,Williams,British,11,16,16,0,69,+2 Laps,16,36,1:08.601,226.597
2020,2,Styrian Grand Prix,2020-07-12,Red Bull Ring,Austria,latifi,6,LAT,Nicholas,Latifi,Canadian,williams,Williams,British,18,17,17,0,69,+2 Laps,17,68,1:08.806,225.922
2020,2,Styrian Grand Prix,2020-07-12,Red Bull Ring,Austria,ocon,31,OCO,Esteban,Ocon,French,renault,Renault,French,5,18,R,0,25,Overheating,18,22,1:09.321,224.243
2020,2,Styrian Grand Prix,2020-07-12,Red Bull Ring,Austria,leclerc,16,LEC,Charles,Leclerc,Monegasque,ferrari,Ferrari,Italian,14,19,R,0,4,Collision damage,19,3,1:35.379,162.979
2020,2,Styrian Grand Prix,2020-07-12,Red Bull Ring,Austria,vettel,5,VET,Sebastian,Vettel,German,ferrari,Ferrari,Italian,10,20,R,0,1,Collision damage,,,,
2020,3,Hungarian Grand Prix,2020-07-19,Hungaroring,Hungary,hamilton,44,HAM,Lewis,Hamilton,British,mercedes,Mercedes,German,1,1,1,26,70,Finished,1,70,1:16.627,205.823
2020,3,Hungarian Grand Prix,2020-07-19,Hungaroring,Hungary,max_verstappen,33,VER,Max,Verstappen,Dutch,red_bull,Red Bull,Austrian,7,2,2,18,70,Finished,4,60,1:19.184,199.176
2020,3,Hungarian Grand Prix,2020-07-19,Hungaroring,Hungary,bottas,77,BOT,Valtteri,Bottas,Finnish,mercedes,Mercedes,German,2,3,3,15,70,Finished,2,66,1:17.665,203.072
2020,3,Hungarian Grand Prix,2020-07-19,Hungaroring,Hungary,stroll,18,STR,Lance,Stroll,Canadian,racing_point,Racing Point,British,3,4,4,12,70,Finished,3,68,1:18.973,199.708
2020,3,Hungarian Grand Prix,2020-07-19,Hungaroring,Hungary,albon,23,ALB,Alexander,Albon,Thai,red_bull,Red Bull,Austrian,13,5,5,10,70,Finished,5,68,1:19.440,198.534
2020,3,Hungarian Grand Prix,2020-07-19,Hungaroring,Hungary,vettel,5,VET,Sebastian,Vettel,German,ferrari,Ferrari,Italian,5,6,6,8,69,+1 Lap,14,49,1:20.363,196.254
2020,3,Hungarian Grand Prix,2020-07-19,Hungaroring,Hungary,perez,11,PER,Sergio,Pérez,Mexican,racing_point,Racing Point,British,4,7,7,6,69,+1 Lap,10,39,1:20.090,196.923
2020,3,Hungarian Grand Prix,2020-07-19,Hungaroring,Hungary,ricciardo,3,RIC,Daniel,Ricciardo,Australian,renault,Renault,French,11,8,8,4,69,+1 Lap,7,46,1:19.532,198.305
2020,3,Hungarian Grand Prix,2020-07-19,Hungaroring,Hungary,sainz,55,SAI,Carlos,Sainz,Spanish,mclaren,McLaren,British,9,9,9,2,69,+1 Lap,15,68,1:20.477,195.976
2020,3,Hungarian Grand Prix,2020-07-19,Hungaroring,Hungary,kevin_magnussen,20,MAG,Kevin,Magnussen,Danish,haas,Haas F1 Team,American,0,10,10,1,69,+1 Lap,6,67,1:19.457,198.492
2020,3,Hungarian Grand Prix,2020-07-19,Hungaroring,Hungary,leclerc,16,LEC,Charles,Leclerc,Monegasque,ferrari,Ferrari,Italian,6,11,11,0,69,+1 Lap,16,64,1:20.821,195.142
2020,3,Hungarian Grand Prix,2020-07-19,Hungaroring,Hungary,kvyat,26,KVY,Daniil,Kvyat,Russian,alphatauri,AlphaTauri,Italian,17,12,12,0,69,+1 Lap,18,51,1:20.946,194.841
2020,3,Hungarian Grand Prix,2020-07-19,Hungaroring,Hungary,norris,4,NOR,Lando,Norris,British,mclaren,McLaren,British,8,13,13,0,69,+1 Lap,8,42,1:19.945,197.280
2020,3,Hungarian Grand Prix,2020-07-19,Hungaroring,Hungary,ocon,31,OCO,Esteban,Ocon,French,renault,Renault,French,14,14,14,0,69,+1 Lap,13,40,1:20.261,196.503
2020,3,Hungarian Grand Prix,2020-07-19,Hungaroring,Hungary,raikkonen,7,RAI,Kimi,Räikkönen,Finnish,alfa,Alfa Romeo,Swiss,20,15,15,0,69,+1 Lap,17,67,1:20.889,194.978
2020,3,Hungarian Grand Prix,2020-07-19,Hungaroring,Hungary,grosjean,8,GRO,Romain,Grosjean,French,haas,Haas F1 Team,American,0,16,16,0,69,+1 Lap,12,61,1:20.232,196.574
2020,3,Hungarian Grand Prix,2020-07-19,Hungaroring,Hungary,giovinazzi,99,GIO,Antonio,Giovinazzi,Italian,alfa,Alfa Romeo,Swiss,19,17,17,0,69,+1 Lap,11,44,1:20.096,196.908
2020,3,Hungarian Grand Prix,2020-07-19,Hungaroring,Hungary,russell,63,RUS,George,Russell,British,williams,Williams,British,12,18,18,0,69,+1 Lap,9,67,1:19.984,197.184
2020,3,Hungarian Grand Prix,2020-07-19,Hungaroring,Hungary,latifi,6,LAT,Nicholas,Latifi,Canadian,williams,Williams,British,15,19,19,0,65,+5 Laps,19,64,1:21.198,194.236
2020,3,Hungarian Grand Prix,2020-07-19,Hungaroring,Hungary,gasly,10,GAS,Pierre,Gasly,French,alphatauri,AlphaTauri,Italian,10,20,R,0,15,Engine,20,10,1:23.939,187.893
2020,4,British Grand Prix,2020-08-02,Silverstone Circuit,UK,hamilton,44,HAM,Lewis,Hamilton,British,mercedes,Mercedes,German,1,1,1,25,52,Finished,3,45,1:29.238,237.652
2020,4,British Grand Prix,2020-08-02,Silverstone Circuit,UK,max_verstappen,33,VER,Max,Verstappen,Dutch,red_bull,Red Bull,Austrian,3,2,2,19,52,Finished,1,52,1:27.097,243.494
2020,4,British Grand Prix,2020-08-02,Silverstone Circuit,UK,leclerc,16,LEC,Charles,Leclerc,Monegasque,ferrari,Ferrari,Italian,4,3,3,15,52,Finished,9,49,1:29.813,236.130
2020,4,British Grand Prix,2020-08-02,Silverstone Circuit,UK,ricciardo,3,RIC,Daniel,Ricciardo,Australian,renault,Renault,French,8,4,4,12,52,Finished,5,49,1:29.482,237.004
2020,4,British Grand Prix,2020-08-02,Silverstone Circuit,UK,norris,4,NOR,Lando,Norris,British,mclaren,McLaren,British,5,5,5,10,52,Finished,12,41,1:30.058,235.488
2020,4,British Grand Prix,2020-08-02,Silverstone Circuit,UK,ocon,31,OCO,Esteban,Ocon,French,renault,Renault,French,9,6,6,8,52,Finished,6,50,1:29.491,236.980
2020,4,British Grand Prix,2020-08-02,Silverstone Circuit,UK,gasly,10,GAS,Pierre,Gasly,French,alphatauri,AlphaTauri,Italian,11,7,7,6,52,Finished,7,52,1:29.603,236.684
2020,4,British Grand Prix,2020-08-02,Silverstone Circuit,UK,albon,23,ALB,Alexander,Albon,Thai,red_bull,Red Bull,Austrian,12,8,8,4,52,Finished,2,52,1:28.689,239.123
2020,4,British Grand Prix,2020-08-02,Silverstone Circuit,UK,stroll,18,STR,Lance,Stroll,Canadian,racing_point,Racing Point,British,6,9,9,2,52,Finished,13,44,1:30.475,234.402
2020,4,British Grand Prix,2020-08-02,Silverstone Circuit,UK,vettel,5,VET,Sebastian,Vettel,German,ferrari,Ferrari,Italian,10,10,10,1,52,Finished,15,44,1:30.537,234.242
2020,4,British Grand Prix,2020-08-02,Silverstone Circuit,UK,bottas,77,BOT,Valtteri,Bottas,Finnish,mercedes,Mercedes,German,2,11,11,0,52,Finished,4,41,1:29.265,237.580
2020,4,British Grand Prix,2020-08-02,Silverstone Circuit,UK,russell,63,RUS,George,Russell,British,williams,Williams,British,20,12,12,0,52,Finished,16,41,1:30.862,233.404
2020,4,British Grand Prix,2020-08-02,Silverstone Circuit,UK,sainz,55,SAI,Carlos,Sainz,Spanish,mclaren,McLaren,British,7,13,13,0,52,Finished,10,47,1:29.948,235.776
2020,4,British Grand Prix,2020-08-02,Silverstone Circuit,UK,giovinazzi,99,GIO,Antonio,Giovinazzi,Italian,alfa,Alfa Romeo,Swiss,15,14,14,0,52,Finished,17,49,1:30.977,233.109
2020,4,British Grand Prix,2020-08-02,Silverstone Circuit,UK,latifi,6,LAT,Nicholas,Latifi,Canadian,williams,Williams,British,18,15,15,0,52,Finished,14,44,1:30.501,234.335
2020,4,British Grand Prix,2020-08-02,Silverstone Circuit,UK,grosjean,8,GRO,Romain,Grosjean,French,haas,Haas F1 Team,American,17,16,16,0,52,Finished,8,49,1:29.782,236.212
2020,4,British Grand Prix,2020-08-02,Silverstone Circuit,UK,raikkonen,7,RAI,Kimi,Räikkönen,Finnish,alfa,Alfa Romeo,Swiss,16,17,17,0,51,+1 Lap,11,49,1:29.973,235.710
2020,4,British Grand Prix,2020-08-02,Silverstone Circuit,UK,kvyat,26,KVY,Daniil,Kvyat,Russian,alphatauri,AlphaTauri,Italian,19,18,R,0,11,Accident,18,11,1:32.443,229.412
2020,4,British Grand Prix,2020-08-02,Silverstone Circuit,UK,kevin_magnussen,20,MAG,Kevin,Magnussen,Danish,haas,Haas F1 Team,American,14,19,R,0,1,Collision,,,,
2020,4,British Grand Prix,2020-08-02,Silverstone Circuit,UK,hulkenberg,27,HUL,Nico,Hülkenberg,German,racing_point,Racing Point,British,13,20,W,0,0,Power Unit,,,,
2020,5,70th Anniversary Grand Prix,2020-08-09,Silverstone Circuit,UK,max_verstappen,33,VER,Max,Verstappen,Dutch,red_bull,Red Bull,Austrian,4,1,1,25,52,Finished,2,46,1:29.465,237.049
2020,5,70th Anniversary Grand Prix,2020-08-09,Silverstone Circuit,UK,hamilton,44,HAM,Lewis,Hamilton,British,mercedes,Mercedes,German,2,2,2,19,52,Finished,1,43,1:28.451,239.766
2020,5,70th Anniversary Grand Prix,2020-08-09,Silverstone Circuit,UK,bottas,77,BOT,Valtteri,Bottas,Finnish,mercedes,Mercedes,German,1,3,3,15,52,Finished,4,44,1:29.765,236.256
2020,5,70th Anniversary Grand Prix,2020-08-09,Silverstone Circuit,UK,leclerc,16,LEC,Charles,Leclerc,Monegasque,ferrari,Ferrari,Italian,8,4,4,12,52,Finished,8,39,1:30.552,234.203
2020,5,70th Anniversary Grand Prix,2020-08-09,Silverstone Circuit,UK,albon,23,ALB,Alexander,Albon,Thai,red_bull,Red Bull,Austrian,9,5,5,10,52,Finished,3,46,1:29.477,237.017
2020,5,70th Anniversary Grand Prix,2020-08-09,Silverstone Circuit,UK,stroll,18,STR,Lance,Stroll,Canadian,racing_point,Racing Point,British,6,6,6,8,52,Finished,15,45,1:30.877,233.365
2020,5,70th Anniversary Grand Prix,2020-08-09,Silverstone Circuit,UK,hulkenberg,27,HUL,Nico,Hülkenberg,German,racing_point,Racing Point,British,3,7,7,6,52,Finished,6,52,1:30.087,235.412
2020,5,70th Anniversary Grand Prix,2020-08-09,Silverstone Circuit,UK,ocon,31,OCO,Esteban,Ocon,French,renault,Renault,French,14,8,8,4,52,Finished,10,50,1:30.575,234.144
2020,5,70th Anniversary Grand Prix,2020-08-09,Silverstone Circuit,UK,norris,4,NOR,Lando,Norris,British,mclaren,McLaren,British,10,9,9,2,52,Finished,11,49,1:30.698,233.826
2020,5,70th Anniversary Grand Prix,2020-08-09,Silverstone Circuit,UK,kvyat,26,KVY,Daniil,Kvyat,Russian,alphatauri,AlphaTauri,Italian,16,10,10,1,52,Finished,12,52,1:30.738,233.723
2020,5,70th Anniversary Grand Prix,2020-08-09,Silverstone Circuit,UK,gasly,10,GAS,Pierre,Gasly,French,alphatauri,AlphaTauri,Italian,7,11,11,0,52,Finished,7,52,1:30.092,235.399
2020,5,70th Anniversary Grand Prix,2020-08-09,Silverstone Circuit,UK,vettel,5,VET,Sebastian,Vettel,German,ferrari,Ferrari,Italian,11,12,12,0,52,Finished,13,49,1:30.785,233.602
2020,5,70th Anniversary Grand Prix,2020-08-09,Silverstone Circuit,UK,sainz,55,SAI,Carlos,Sainz,Spanish,mclaren,McLaren,British,12,13,13,0,52,Finished,9,49,1:30.556,234.193
2020,5,70th Anniversary Grand Prix,2020-08-09,Silverstone Circuit,UK,ricciardo,3,RIC,Daniel,Ricciardo,Australian,renault,Renault,French,5,14,14,0,51,+1 Lap,16,39,1:31.168,232.621
2020,5,70th Anniversary Grand Prix,2020-08-09,Silverstone Circuit,UK,raikkonen,7,RAI,Kimi,Räikkönen,Finnish,alfa,Alfa Romeo,Swiss,20,15,15,0,51,+1 Lap,18,30,1:31.756,231.130
2020,5,70th Anniversary Grand Prix,2020-08-09,Silverstone Circuit,UK,grosjean,8,GRO,Romain,Grosjean,French,haas,Haas F1 Team,American,13,16,16,0,51,+1 Lap,14,51,1:30.793,233.581
2020,5,70th Anniversary Grand Prix,2020-08-09,Silverstone Circuit,UK,giovinazzi,99,GIO,Antonio,Giovinazzi,Italian,alfa,Alfa Romeo,Swiss,19,17,17,0,51,+1 Lap,19,37,1:31.826,230.954
2020,5,70th Anniversary Grand Prix,2020-08-09,Silverstone Circuit,UK,russell,63,RUS,George,Russell,British,williams,Williams,British,15,18,18,0,51,+1 Lap,17,50,1:31.408,232.010
2020,5,70th Anniversary Grand Prix,2020-08-09,Silverstone Circuit,UK,latifi,6,LAT,Nicholas,Latifi,Canadian,williams,Williams,British,18,19,19,0,51,+1 Lap,5,48,1:29.950,235.770
2020,5,70th Anniversary Grand Prix,2020-08-09,Silverstone Circuit,UK,kevin_magnussen,20,MAG,Kevin,Magnussen,Danish,haas,Haas F1 Team,American,17,20,R,0,43,Retired,20,39,1:31.830,230.944
2020,6,Spanish Grand Prix,2020-08-16,Circuit de Barcelona-Catalunya,Spain,hamilton,44,HAM,Lewis,Hamilton,British,mercedes,Mercedes,German,1,1,1,25,66,Finished,2,63,1:19.822,209.942
2020,6,Spanish Grand Prix,2020-08-16,Circuit de Barcelona-Catalunya,Spain,max_verstappen,33,VER,Max,Verstappen,Dutch,red_bull,Red Bull,Austrian,3,2,2,18,66,Finished,4,53,1:21.477,205.677
2020,6,Spanish Grand Prix,2020-08-16,Circuit de Barcelona-Catalunya,Spain,bottas,77,BOT,Valtteri,Bottas,Finnish,mercedes,Mercedes,German,2,3,3,16,66,Finished,1,66,1:18.183,214.343
2020,6,Spanish Grand Prix,2020-08-16,Circuit de Barcelona-Catalunya,Spain,stroll,18,STR,Lance,Stroll,Canadian,racing_point,Racing Point,British,5,4,4,12,65,+1 Lap,8,56,1:22.024,204.306
2020,6,Spanish Grand Prix,2020-08-16,Circuit de Barcelona-Catalunya,Spain,perez,11,PER,Sergio,Pérez,Mexican,racing_point,Racing Point,British,4,5,5,10,65,+1 Lap,16,58,1:22.515,203.090
2020,6,Spanish Grand Prix,2020-08-16,Circuit de Barcelona-Catalunya,Spain,sainz,55,SAI,Carlos,Sainz,Spanish,mclaren,McLaren,British,7,6,6,8,65,+1 Lap,5,59,1:21.771,204.938
2020,6,Spanish Grand Prix,2020-08-16,Circuit de Barcelona-Catalunya,Spain,vettel,5,VET,Sebastian,Vettel,German,ferrari,Ferrari,Italian,11,7,7,6,65,+1 Lap,18,48,1:22.707,202.618
2020,6,Spanish Grand Prix,2020-08-16,Circuit de Barcelona-Catalunya,Spain,albon,23,ALB,Alexander,Albon,Thai,red_bull,Red Bull,Austrian,6,8,8,4,65,+1 Lap,11,41,1:22.194,203.883
2020,6,Spanish Grand Prix,2020-08-16,Circuit de Barcelona-Catalunya,Spain,gasly,10,GAS,Pierre,Gasly,French,alphatauri,AlphaTauri,Italian,10,9,9,2,65,+1 Lap,17,44,1:22.543,203.021
2020,6,Spanish Grand Prix,2020-08-16,Circuit de Barcelona-Catalunya,Spain,norris,4,NOR,Lando,Norris,British,mclaren,McLaren,British,8,10,10,1,65,+1 Lap,13,56,1:22.392,203.393
2020,6,Spanish Grand Prix,2020-08-16,Circuit de Barcelona-Catalunya,Spain,ricciardo,3,RIC,Daniel,Ricciardo,Australian,renault,Renault,French,13,11,11,0,65,+1 Lap,14,51,1:22.464,203.215
2020,6,Spanish Grand Prix,2020-08-16,Circuit de Barcelona-Catalunya,Spain,kvyat,26,KVY,Daniil,Kvyat,Russian,alphatauri,AlphaTauri,Italian,12,12,12,0,65,+1 Lap,12,47,1:22.336,203.531
2020,6,Spanish Grand Prix,2020-08-16,Circuit de Barcelona-Catalunya,Spain,ocon,31,OCO,Esteban,Ocon,French,renault,Renault,French,15,13,13,0,65,+1 Lap,10,65,1:22.174,203.933
2020,6,Spanish Grand Prix,2020-08-16,Circuit de Barcelona-Catalunya,Spain,raikkonen,7,RAI,Kimi,Räikkönen,Finnish,alfa,Alfa Romeo,Swiss,14,14,14,0,65,+1 Lap,7,47,1:21.888,204.645
2020,6,Spanish Grand Prix,2020-08-16,Circuit de Barcelona-Catalunya,Spain,kevin_magnussen,20,MAG,Kevin,Magnussen,Danish,haas,Haas F1 Team,American,16,15,15,0,65,+1 Lap,19,64,1:23.474,200.757
2020,6,Spanish Grand Prix,2020-08-16,Circuit de Barcelona-Catalunya,Spain,giovinazzi,99,GIO,Antonio,Giovinazzi,Italian,alfa,Alfa Romeo,Swiss,20,16,16,0,65,+1 Lap,6,47,1:21.801,204.863
2020,6,Spanish Grand Prix,2020-08-16,Circuit de Barcelona-Catalunya,Spain,russell,63,RUS,George,Russell,British,williams,Williams,British,18,17,17,0,65,+1 Lap,15,37,1:22.503,203.119
2020,6,Spanish Grand Prix,2020-08-16,Circuit de Barcelona-Catalunya,Spain,latifi,6,LAT,Nicholas,Latifi,Canadian,williams,Williams,British,19,18,18,0,64,+2 Laps,9,60,1:22.030,204.291
2020,6,Spanish Grand Prix,2020-08-16,Circuit de Barcelona-Catalunya,Spain,grosjean,8,GRO,Romain,Grosjean,French,haas,Haas F1 Team,American,17,19,19,0,64,+2 Laps,3,64,1:20.409,208.409
2020,6,Spanish Grand Prix,2020-08-16,Circuit de Barcelona-Catalunya,Spain,leclerc,16,LEC,Charles,Leclerc,Monegasque,ferrari,Ferrari,Italian,9,20,R,0,38,Electronics,20,35,1:23.968,199.576
2020,7,Belgian Grand Prix,2020-08-30,Circuit de Spa-Francorchamps,Belgium,hamilton,44,HAM,Lewis,Hamilton,British,mercedes,Mercedes,German,1,1,1,25,44,Finished,2,28,1:47.758,233.990
2020,7,Belgian Grand Prix,2020-08-30,Circuit de Spa-Francorchamps,Belgium,bottas,77,BOT,Valtteri,Bottas,Finnish,mercedes,Mercedes,German,2,2,2,18,44,Finished,5,27,1:47.983,233.503
2020,7,Belgian Grand Prix,2020-08-30,Circuit de Spa-Francorchamps,Belgium,max_verstappen,33,VER,Max,Verstappen,Dutch,red_bull,Red Bull,Austrian,3,3,3,15,44,Finished,8,27,1:48.305,232.809
2020,7,Belgian Grand Prix,2020-08-30,Circuit de Spa-Francorchamps,Belgium,ricciardo,3,RIC,Daniel,Ricciardo,Australian,renault,Renault,French,4,4,4,13,44,Finished,1,44,1:47.483,234.589
2020,7,Belgian Grand Prix,2020-08-30,Circuit de Spa-Francorchamps,Belgium,ocon,31,OCO,Esteban,Ocon,French,renault,Renault,French,6,5,5,10,44,Finished,10,44,1:48.540,232.305
2020,7,Belgian Grand Prix,2020-08-30,Circuit de Spa-Francorchamps,Belgium,albon,23,ALB,Alexander,Albon,Thai,red_bull,Red Bull,Austrian,5,6,6,8,44,Finished,12,27,1:48.736,231.886
2020,7,Belgian Grand Prix,2020-08-30,Circuit de Spa-Francorchamps,Belgium,norris,4,NOR,Lando,Norris,British,mclaren,McLaren,British,10,7,7,6,44,Finished,11,39,1:48.552,232.279
2020,7,Belgian Grand Prix,2020-08-30,Circuit de Spa-Francorchamps,Belgium,gasly,10,GAS,Pierre,Gasly,French,alphatauri,AlphaTauri,Italian,12,8,8,4,44,Finished,3,29,1:47.839,233.815
2020,7,Belgian Grand Prix,2020-08-30,Circuit de Spa-Francorchamps,Belgium,stroll,18,STR,Lance,Stroll,Canadian,racing_point,Racing Point,British,9,9,9,2,44,Finished,13,34,1:49.136,231.036
2020,7,Belgian Grand Prix,2020-08-30,Circuit de Spa-Francorchamps,Belgium,perez,11,PER,Sergio,Pérez,Mexican,racing_point,Racing Point,British,8,10,10,1,44,Finished,9,20,1:48.389,232.628
2020,7,Belgian Grand Prix,2020-08-30,Circuit de Spa-Francorchamps,Belgium,kvyat,26,KVY,Daniil,Kvyat,Russian,alphatauri,AlphaTauri,Italian,11,11,11,0,44,Finished,15,28,1:49.832,229.572
2020,7,Belgian Grand Prix,2020-08-30,Circuit de Spa-Francorchamps,Belgium,raikkonen,7,RAI,Kimi,Räikkönen,Finnish,alfa,Alfa Romeo,Swiss,16,12,12,0,44,Finished,14,28,1:49.822,229.593
2020,7,Belgian Grand Prix,2020-08-30,Circuit de Spa-Francorchamps,Belgium,vettel,5,VET,Sebastian,Vettel,German,ferrari,Ferrari,Italian,14,13,13,0,44,Finished,16,31,1:49.958,229.309
2020,7,Belgian Grand Prix,2020-08-30,Circuit de Spa-Francorchamps,Belgium,leclerc,16,LEC,Charles,Leclerc,Monegasque,ferrari,Ferrari,Italian,13,14,14,0,44,Finished,4,26,1:47.840,233.813
2020,7,Belgian Grand Prix,2020-08-30,Circuit de Spa-Francorchamps,Belgium,grosjean,8,GRO,Romain,Grosjean,French,haas,Haas F1 Team,American,17,15,15,0,44,Finished,17,28,1:50.018,229.184
2020,7,Belgian Grand Prix,2020-08-30,Circuit de Spa-Francorchamps,Belgium,latifi,6,LAT,Nicholas,Latifi,Canadian,williams,Williams,British,19,16,16,0,44,Finished,6,32,1:48.048,233.362
2020,7,Belgian Grand Prix,2020-08-30,Circuit de Spa-Francorchamps,Belgium,kevin_magnussen,20,MAG,Kevin,Magnussen,Danish,haas,Haas F1 Team,American,20,17,17,0,44,Finished,7,37,1:48.083,233.287
2020,7,Belgian Grand Prix,2020-08-30,Circuit de Spa-Francorchamps,Belgium,giovinazzi,99,GIO,Antonio,Giovinazzi,Italian,alfa,Alfa Romeo,Swiss,18,18,R,0,9,Accident,19,9,1:51.793,225.545
2020,7,Belgian Grand Prix,2020-08-30,Circuit de Spa-Francorchamps,Belgium,russell,63,RUS,George,Russell,British,williams,Williams,British,15,19,R,0,9,Debris,18,5,1:51.754,225.624
2020,7,Belgian Grand Prix,2020-08-30,Circuit de Spa-Francorchamps,Belgium,sainz,55,SAI,Carlos,Sainz,Spanish,mclaren,McLaren,British,7,20,W,0,0,Exhaust,,,,
2020,8,Italian Grand Prix,2020-09-06,Autodromo Nazionale di Monza,Italy,gasly,10,GAS,Pierre,Gasly,French,alphatauri,AlphaTauri,Italian,10,1,1,25,53,Finished,6,34,1:24.037,248.162
2020,8,Italian Grand Prix,2020-09-06,Autodromo Nazionale di Monza,Italy,sainz,55,SAI,Carlos,Sainz,Spanish,mclaren,McLaren,British,3,2,2,18,53,Finished,2,40,1:23.882,248.620
2020,8,Italian Grand Prix,2020-09-06,Autodromo Nazionale di Monza,Italy,stroll,18,STR,Lance,Stroll,Canadian,racing_point,Racing Point,British,8,3,3,15,53,Finished,3,42,1:23.897,248.576
2020,8,Italian Grand Prix,2020-09-06,Autodromo Nazionale di Monza,Italy,norris,4,NOR,Lando,Norris,British,mclaren,McLaren,British,6,4,4,12,53,Finished,7,50,1:24.232,247.587
2020,8,Italian Grand Prix,2020-09-06,Autodromo Nazionale di Monza,Italy,bottas,77,BOT,Valtteri,Bottas,Finnish,mercedes,Mercedes,German,2,5,5,10,53,Finished,5,51,1:23.961,248.386
2020,8,Italian Grand Prix,2020-09-06,Autodromo Nazionale di Monza,Italy,ricciardo,3,RIC,Daniel,Ricciardo,Australian,renault,Renault,French,7,6,6,8,53,Finished,4,38,1:23.898,248.573
2020,8,Italian Grand Prix,2020-09-06,Autodromo Nazionale di Monza,Italy,hamilton,44,HAM,Lewis,Hamilton,British,mercedes,Mercedes,German,1,7,7,7,53,Finished,1,34,1:22.746,252.033
2020,8,Italian Grand Prix,2020-09-06,Autodromo Nazionale di Monza,Italy,ocon,31,OCO,Esteban,Ocon,French,renault,Renault,French,12,8,8,4,53,Finished,11,52,1:24.490,246.831
2020,8,Italian Grand Prix,2020-09-06,Autodromo Nazionale di Monza,Italy,kvyat,26,KVY,Daniil,Kvyat,Russian,alphatauri,AlphaTauri,Italian,11,9,9,2,53,Finished,10,44,1:24.479,246.863
2020,8,Italian Grand Prix,2020-09-06,Autodromo Nazionale di Monza,Italy,perez,11,PER,Sergio,Pérez,Mexican,racing_point,Racing Point,British,4,10,10,1,53,Finished,8,50,1:24.336,247.282
2020,8,Italian Grand Prix,2020-09-06,Autodromo Nazionale di Monza,Italy,latifi,6,LAT,Nicholas,Latifi,Canadian,williams,Williams,British,20,11,11,0,53,Finished,16,39,1:24.999,245.353
2020,8,Italian Grand Prix,2020-09-06,Autodromo Nazionale di Monza,Italy,grosjean,8,GRO,Romain,Grosjean,French,haas,Haas F1 Team,American,16,12,12,0,53,Finished,12,48,1:24.785,245.972
2020,8,Italian Grand Prix,2020-09-06,Autodromo Nazionale di Monza,Italy,raikkonen,7,RAI,Kimi,Räikkönen,Finnish,alfa,Alfa Romeo,Swiss,14,13,13,0,53,Finished,13,29,1:24.835,245.827
2020,8,Italian Grand Prix,2020-09-06,Autodromo Nazionale di Monza,Italy,russell,63,RUS,George,Russell,British,williams,Williams,British,19,14,14,0,53,Finished,9,39,1:24.421,247.033
2020,8,Italian Grand Prix,2020-09-06,Autodromo Nazionale di Monza,Italy,albon,23,ALB,Alexander,Albon,Thai,red_bull,Red Bull,Austrian,9,15,15,0,53,Finished,15,48,1:24.926,245.564
2020,8,Italian Grand Prix,2020-09-06,Autodromo Nazionale di Monza,Italy,giovinazzi,99,GIO,Antonio,Giovinazzi,Italian,alfa,Alfa Romeo,Swiss,18,16,16,0,53,Finished,14,43,1:24.856,245.766
2020,8,Italian Grand Prix,2020-09-06,Autodromo Nazionale di Monza,Italy,max_verstappen,33,VER,Max,Verstappen,Dutch,red_bull,Red Bull,Austrian,5,17,R,0,30,Power Unit,17,10,1:25.539,243.804
2020,8,Italian Grand Prix,2020-09-06,Autodromo Nazionale di Monza,Italy,leclerc,16,LEC,Charles,Leclerc,Monegasque,ferrari,Ferrari,Italian,13,18,R,0,23,Accident,19,19,1:26.026,242.424
2020,8,Italian Grand Prix,2020-09-06,Autodromo Nazionale di Monza,Italy,kevin_magnussen,20,MAG,Kevin,Magnussen,Danish,haas,Haas F1 Team,American,15,19,R,0,17,Power Unit,18,10,1:25.787,243.099
2020,8,Italian Grand Prix,2020-09-06,Autodromo Nazionale di Monza,Italy,vettel,5,VET,Sebastian,Vettel,German,ferrari,Ferrari,Italian,17,20,R,0,6,Brakes,20,4,1:27.107,239.415
2020,9,Tuscan Grand Prix,2020-09-13,Autodromo Internazionale del Mugello,Italy,hamilton,44,HAM,Lewis,Hamilton,British,mercedes,Mercedes,German,1,1,1,26,59,Finished,1,58,1:18.833,239.518
2020,9,Tuscan Grand Prix,2020-09-13,Autodromo Internazionale del Mugello,Italy,bottas,77,BOT,Valtteri,Bottas,Finnish,mercedes,Mercedes,German,2,2,2,18,59,Finished,2,53,1:19.432,237.712
2020,9,Tuscan Grand Prix,2020-09-13,Autodromo Internazionale del Mugello,Italy,albon,23,ALB,Alexander,Albon,Thai,red_bull,Red Bull,Austrian,4,3,3,15,59,Finished,3,51,1:20.039,235.909
2020,9,Tuscan Grand Prix,2020-09-13,Autodromo Internazionale del Mugello,Italy,ricciardo,3,RIC,Daniel,Ricciardo,Australian,renault,Renault,French,8,4,4,12,59,Finished,4,57,1:20.426,234.774
2020,9,Tuscan Grand Prix,2020-09-13,Autodromo Internazionale del Mugello,Italy,perez,11,PER,Sergio,Pérez,Mexican,racing_point,Racing Point,British,7,5,5,10,59,Finished,5,59,1:20.632,234.175
2020,9,Tuscan Grand Prix,2020-09-13,Autodromo Internazionale del Mugello,Italy,norris,4,NOR,Lando,Norris,British,mclaren,McLaren,British,11,6,6,8,59,Finished,7,59,1:21.198,232.542
2020,9,Tuscan Grand Prix,2020-09-13,Autodromo Internazionale del Mugello,Italy,kvyat,26,KVY,Daniil,Kvyat,Russian,alphatauri,AlphaTauri,Italian,12,7,7,6,59,Finished,10,51,1:21.458,231.800
2020,9,Tuscan Grand Prix,2020-09-13,Autodromo Internazionale del Mugello,Italy,leclerc,16,LEC,Charles,Leclerc,Monegasque,ferrari,Ferrari,Italian,5,8,8,4,59,Finished,9,50,1:21.229,232.453
2020,9,Tuscan Grand Prix,2020-09-13,Autodromo Internazionale del Mugello,Italy,raikkonen,7,RAI,Kimi,Räikkönen,Finnish,alfa,Alfa Romeo,Swiss,13,9,9,2,59,Finished,6,59,1:21.164,232.640
2020,9,Tuscan Grand Prix,2020-09-13,Autodromo Internazionale del Mugello,Italy,vettel,5,VET,Sebastian,Vettel,German,ferrari,Ferrari,Italian,14,10,10,1,59,Finished,8,59,1:21.202,232.531
2020,9,Tuscan Grand Prix,2020-09-13,Autodromo Internazionale del Mugello,Italy,russell,63,RUS,George,Russell,British,williams,Williams,British,18,11,11,0,59,Finished,11,58,1:21.645,231.269
2020,9,Tuscan Grand Prix,2020-09-13,Autodromo Internazionale del Mugello,Italy,grosjean,8,GRO,Romain,Grosjean,French,haas,Haas F1 Team,American,15,12,12,0,59,Finished,13,59,1:22.263,229.532
2020,9,Tuscan Grand Prix,2020-09-13,Autodromo Internazionale del Mugello,Italy,stroll,18,STR,Lance,Stroll,Canadian,racing_point,Racing Point,British,6,13,R,0,42,Puncture,12,42,1:22.068,230.077
2020,9,Tuscan Grand Prix,2020-09-13,Autodromo Internazionale del Mugello,Italy,ocon,31,OCO,Esteban,Ocon,French,renault,Renault,French,10,14,R,0,7,Brakes,15,6,2:11.793,143.270
2020,9,Tuscan Grand Prix,2020-09-13,Autodromo Internazionale del Mugello,Italy,latifi,6,LAT,Nicholas,Latifi,Canadian,williams,Williams,British,19,15,R,0,6,Collision,14,6,2:11.365,143.736
2020,9,Tuscan Grand Prix,2020-09-13,Autodromo Internazionale del Mugello,Italy,kevin_magnussen,20,MAG,Kevin,Magnussen,Danish,haas,Haas F1 Team,American,20,16,R,0,5,Collision,17,4,2:13.812,141.108
2020,9,Tuscan Grand Prix,2020-09-13,Autodromo Internazionale del Mugello,Italy,giovinazzi,99,GIO,Antonio,Giovinazzi,Italian,alfa,Alfa Romeo,Swiss,17,17,R,0,5,Collision,16,4,2:13.809,141.111
2020,9,Tuscan Grand Prix,2020-09-13,Autodromo Internazionale del Mugello,Italy,sainz,55,SAI,Carlos,Sainz,Spanish,mclaren,McLaren,British,9,18,R,0,5,Collision,18,5,2:14.103,140.802
2020,9,Tuscan Grand Prix,2020-09-13,Autodromo Internazionale del Mugello,Italy,max_verstappen,33,VER,Max,Verstappen,Dutch,red_bull,Red Bull,Austrian,3,19,R,0,0,Collision,,,,
2020,9,Tuscan Grand Prix,2020-09-13,Autodromo Internazionale del Mugello,Italy,gasly,10,GAS,Pierre,Gasly,French,alphatauri,AlphaTauri,Italian,16,20,R,0,0,Collision,,,,
2020,10,Russian Grand Prix,2020-09-27,Sochi Autodrom,Russia,bottas,77,BOT,Valtteri,Bottas,Finnish,mercedes,Mercedes,German,3,1,1,26,53,Finished,1,51,1:37.030,216.972
2020,10,Russian Grand Prix,2020-09-27,Sochi Autodrom,Russia,max_verstappen,33,VER,Max,Verstappen,Dutch,red_bull,Red Bull,Austrian,2,2,2,18,53,Finished,3,53,1:37.332,216.298
2020,10,Russian Grand Prix,2020-09-27,Sochi Autodrom,Russia,hamilton,44,HAM,Lewis,Hamilton,British,mercedes,Mercedes,German,1,3,3,15,53,Finished,7,48,1:38.075,214.660
2020,10,Russian Grand Prix,2020-09-27,Sochi Autodrom,Russia,perez,11,PER,Sergio,Pérez,Mexican,racing_point,Racing Point,British,4,4,4,12,53,Finished,8,52,1:38.141,214.515
2020,10,Russian Grand Prix,2020-09-27,Sochi Autodrom,Russia,ricciardo,3,RIC,Daniel,Ricciardo,Australian,renault,Renault,French,5,5,5,10,53,Finished,6,53,1:37.886,215.074
2020,10,Russian Grand Prix,2020-09-27,Sochi Autodrom,Russia,leclerc,16,LEC,Charles,Leclerc,Monegasque,ferrari,Ferrari,Italian,10,6,6,8,53,Finished,11,47,1:39.053,212.540
2020,10,Russian Grand Prix,2020-09-27,Sochi Autodrom,Russia,ocon,31,OCO,Esteban,Ocon,French,renault,Renault,French,7,7,7,6,53,Finished,13,48,1:39.216,212.191
2020,10,Russian Grand Prix,2020-09-27,Sochi Autodrom,Russia,kvyat,26,KVY,Daniil,Kvyat,Russian,alphatauri,AlphaTauri,Italian,11,8,8,4,53,Finished,12,48,1:39.133,212.369
2020,10,Russian Grand Prix,2020-09-27,Sochi Autodrom,Russia,gasly,10,GAS,Pierre,Gasly,French,alphatauri,AlphaTauri,Italian,9,9,9,2,53,Finished,2,50,1:37.231,216.523
2020,10,Russian Grand Prix,2020-09-27,Sochi Autodrom,Russia,albon,23,ALB,Alexander,Albon,Thai,red_bull,Red Bull,Austrian,15,10,10,1,53,Finished,9,51,1:38.377,214.001
2020,10,Russian Grand Prix,2020-09-27,Sochi Autodrom,Russia,giovinazzi,99,GIO,Antonio,Giovinazzi,Italian,alfa,Alfa Romeo,Swiss,17,11,11,0,52,+1 Lap,16,44,1:39.766,211.021
2020,10,Russian Grand Prix,2020-09-27,Sochi Autodrom,Russia,kevin_magnussen,20,MAG,Kevin,Magnussen,Danish,haas,Haas F1 Team,American,18,12,12,0,52,+1 Lap,17,52,1:40.380,209.731
2020,10,Russian Grand Prix,2020-09-27,Sochi Autodrom,Russia,vettel,5,VET,Sebastian,Vettel,German,ferrari,Ferrari,Italian,14,13,13,0,52,+1 Lap,14,46,1:39.588,211.398
2020,10,Russian Grand Prix,2020-09-27,Sochi Autodrom,Russia,raikkonen,7,RAI,Kimi,Räikkönen,Finnish,alfa,Alfa Romeo,Swiss,19,14,14,0,52,+1 Lap,10,37,1:38.858,212.960
2020,10,Russian Grand Prix,2020-09-27,Sochi Autodrom,Russia,norris,4,NOR,Lando,Norris,British,mclaren,McLaren,British,8,15,15,0,52,+1 Lap,5,50,1:37.377,216.198
2020,10,Russian Grand Prix,2020-09-27,Sochi Autodrom,Russia,latifi,6,LAT,Nicholas,Latifi,Canadian,williams,Williams,British,20,16,16,0,52,+1 Lap,18,47,1:41.044,208.352
2020,10,Russian Grand Prix,2020-09-27,Sochi Autodrom,Russia,grosjean,8,GRO,Romain,Grosjean,French,haas,Haas F1 Team,American,16,17,17,0,52,+1 Lap,15,44,1:39.614,211.343
2020,10,Russian Grand Prix,2020-09-27,Sochi Autodrom,Russia,russell,63,RUS,George,Russell,British,williams,Williams,British,13,18,18,0,52,+1 Lap,4,52,1:37.352,216.254
2020,10,Russian Grand Prix,2020-09-27,Sochi Autodrom,Russia,sainz,55,SAI,Carlos,Sainz,Spanish,mclaren,McLaren,British,6,19,R,0,0,Accident,,,,
2020,10,Russian Grand Prix,2020-09-27,Sochi Autodrom,Russia,stroll,18,STR,Lance,Stroll,Canadian,racing_point,Racing Point,British,12,20,R,0,0,Collision,,,,
2020,11,Eifel Grand Prix,2020-10-11,Nürburgring,Germany,hamilton,44,HAM,Lewis,Hamilton,British,mercedes,Mercedes,German,2,1,1,25,60,Finished,2,58,1:28.145,210.253
2020,11,Eifel Grand Prix,2020-10-11,Nürburgring,Germany,max_verstappen,33,VER,Max,Verstappen,Dutch,red_bull,Red Bull,Austrian,3,2,2,19,60,Finished,1,60,1:28.139,210.267
2020,11,Eifel Grand Prix,2020-10-11,Nürburgring,Germany,ricciardo,3,RIC,Daniel,Ricciardo,Australian,renault,Renault,French,6,3,3,15,60,Finished,3,53,1:29.584,206.876
2020,11,Eifel Grand Prix,2020-10-11,Nürburgring,Germany,perez,11,PER,Sergio,Pérez,Mexican,racing_point,Racing Point,British,9,4,4,12,60,Finished,4,58,1:29.700,206.608
2020,11,Eifel Grand Prix,2020-10-11,Nürburgring,Germany,sainz,55,SAI,Carlos,Sainz,Spanish,mclaren,McLaren,British,10,5,5,10,60,Finished,6,53,1:30.129,205.625
2020,11,Eifel Grand Prix,2020-10-11,Nürburgring,Germany,gasly,10,GAS,Pierre,Gasly,French,alphatauri,AlphaTauri,Italian,12,6,6,8,60,Finished,5,53,1:30.110,205.668
2020,11,Eifel Grand Prix,2020-10-11,Nürburgring,Germany,leclerc,16,LEC,Charles,Leclerc,Monegasque,ferrari,Ferrari,Italian,4,7,7,6,60,Finished,10,54,1:30.712,204.303
2020,11,Eifel Grand Prix,2020-10-11,Nürburgring,Germany,hulkenberg,27,HUL,Nico,Hülkenberg,German,racing_point,Racing Point,British,20,8,8,4,60,Finished,11,58,1:30.733,204.256
2020,11,Eifel Grand Prix,2020-10-11,Nürburgring,Germany,grosjean,8,GRO,Romain,Grosjean,French,haas,Haas F1 Team,American,16,9,9,2,60,Finished,14,54,1:31.562,202.407
2020,11,Eifel Grand Prix,2020-10-11,Nürburgring,Germany,giovinazzi,99,GIO,Antonio,Giovinazzi,Italian,alfa,Alfa Romeo,Swiss,14,10,10,1,60,Finished,12,38,1:30.909,203.861
2020,11,Eifel Grand Prix,2020-10-11,Nürburgring,Germany,vettel,5,VET,Sebastian,Vettel,German,ferrari,Ferrari,Italian,11,11,11,0,60,Finished,7,43,1:30.408,204.990
2020,11,Eifel Grand Prix,2020-10-11,Nürburgring,Germany,raikkonen,7,RAI,Kimi,Räikkönen,Finnish,alfa,Alfa Romeo,Swiss,19,12,12,0,60,Finished,9,54,1:30.512,204.755
2020,11,Eifel Grand Prix,2020-10-11,Nürburgring,Germany,kevin_magnussen,20,MAG,Kevin,Magnussen,Danish,haas,Haas F1 Team,American,15,13,13,0,60,Finished,8,37,1:30.456,204.881
2020,11,Eifel Grand Prix,2020-10-11,Nürburgring,Germany,latifi,6,LAT,Nicholas,Latifi,Canadian,williams,Williams,British,18,14,14,0,60,Finished,13,39,1:31.377,202.816
2020,11,Eifel Grand Prix,2020-10-11,Nürburgring,Germany,kvyat,26,KVY,Daniil,Kvyat,Russian,alphatauri,AlphaTauri,Italian,13,15,15,0,60,Finished,16,41,1:32.214,200.975
2020,11,Eifel Grand Prix,2020-10-11,Nürburgring,Germany,norris,4,NOR,Lando,Norris,British,mclaren,McLaren,British,8,16,R,0,42,Power Unit,17,40,1:32.328,200.727
2020,11,Eifel Grand Prix,2020-10-11,Nürburgring,Germany,albon,23,ALB,Alexander,Albon,Thai,red_bull,Red Bull,Austrian,5,17,R,0,23,Radiator,18,9,1:32.330,200.723
2020,11,Eifel Grand Prix,2020-10-11,Nürburgring,Germany,ocon,31,OCO,Esteban,Ocon,French,renault,Renault,French,7,18,R,0,22,Gearbox,19,21,1:33.189,198.873
2020,11,Eifel Grand Prix,2020-10-11,Nürburgring,Germany,bottas,77,BOT,Valtteri,Bottas,Finnish,mercedes,Mercedes,German,1,19,R,0,18,Power Unit,15,8,1:31.884,201.697
2020,11,Eifel Grand Prix,2020-10-11,Nürburgring,Germany,russell,63,RUS,George,Russell,British,williams,Williams,British,17,20,R,0,12,Collision,20,6,1:34.526,196.060
2020,12,Portuguese Grand Prix,2020-10-25,Autódromo Internacional do Algarve,Portugal,hamilton,44,HAM,Lewis,Hamilton,British,mercedes,Mercedes,German,1,1,1,26,66,Finished,1,63,1:18.750,212.708
2020,12,Portuguese Grand Prix,2020-10-25,Autódromo Internacional do Algarve,Portugal,bottas,77,BOT,Valtteri,Bottas,Finnish,mercedes,Mercedes,German,2,2,2,18,66,Finished,2,66,1:19.345,211.113
2020,12,Portuguese Grand Prix,2020-10-25,Autódromo Internacional do Algarve,Portugal,max_verstappen,33,VER,Max,Verstappen,Dutch,red_bull,Red Bull,Austrian,3,3,3,15,66,Finished,4,62,1:19.854,209.767
2020,12,Portuguese Grand Prix,2020-10-25,Autódromo Internacional do Algarve,Portugal,leclerc,16,LEC,Charles,Leclerc,Monegasque,ferrari,Ferrari,Italian,4,4,4,12,66,Finished,7,66,1:20.408,208.322
2020,12,Portuguese Grand Prix,2020-10-25,Autódromo Internacional do Algarve,Portugal,gasly,10,GAS,Pierre,Gasly,French,alphatauri,AlphaTauri,Italian,9,5,5,10,65,+1 Lap,9,65,1:20.551,207.952
2020,12,Portuguese Grand Prix,2020-10-25,Autódromo Internacional do Algarve,Portugal,sainz,55,SAI,Carlos,Sainz,Spanish,mclaren,McLaren,British,7,6,6,8,65,+1 Lap,6,65,1:20.268,208.685
2020,12,Portuguese Grand Prix,2020-10-25,Autódromo Internacional do Algarve,Portugal,perez,11,PER,Sergio,Pérez,Mexican,racing_point,Racing Point,British,5,7,7,6,65,+1 Lap,11,49,1:20.802,207.306
2020,12,Portuguese Grand Prix,2020-10-25,Autódromo Internacional do Algarve,Portugal,ocon,31,OCO,Esteban,Ocon,French,renault,Renault,French,11,8,8,4,65,+1 Lap,12,61,1:20.859,207.160
2020,12,Portuguese Grand Prix,2020-10-25,Autódromo Internacional do Algarve,Portugal,ricciardo,3,RIC,Daniel,Ricciardo,Australian,renault,Renault,French,10,9,9,2,65,+1 Lap,14,61,1:20.906,207.040
2020,12,Portuguese Grand Prix,2020-10-25,Autódromo Internacional do Algarve,Portugal,vettel,5,VET,Sebastian,Vettel,German,ferrari,Ferrari,Italian,15,10,10,1,65,+1 Lap,10,62,1:20.731,207.489
2020,12,Portuguese Grand Prix,2020-10-25,Autódromo Internacional do Algarve,Portugal,raikkonen,7,RAI,Kimi,Räikkönen,Finnish,alfa,Alfa Romeo,Swiss,16,11,11,0,65,+1 Lap,15,60,1:21.058,206.652
2020,12,Portuguese Grand Prix,2020-10-25,Autódromo Internacional do Algarve,Portugal,albon,23,ALB,Alexander,Albon,Thai,red_bull,Red Bull,Austrian,6,12,12,0,65,+1 Lap,5,61,1:19.890,209.673
2020,12,Portuguese Grand Prix,2020-10-25,Autódromo Internacional do Algarve,Portugal,norris,4,NOR,Lando,Norris,British,mclaren,McLaren,British,8,13,13,0,65,+1 Lap,3,65,1:19.360,211.073
2020,12,Portuguese Grand Prix,2020-10-25,Autódromo Internacional do Algarve,Portugal,russell,63,RUS,George,Russell,British,williams,Williams,British,14,14,14,0,65,+1 Lap,13,62,1:20.882,207.101
2020,12,Portuguese Grand Prix,2020-10-25,Autódromo Internacional do Algarve,Portugal,giovinazzi,99,GIO,Antonio,Giovinazzi,Italian,alfa,Alfa Romeo,Swiss,17,15,15,0,65,+1 Lap,20,46,1:21.893,204.544
2020,12,Portuguese Grand Prix,2020-10-25,Autódromo Internacional do Algarve,Portugal,kevin_magnussen,20,MAG,Kevin,Magnussen,Danish,haas,Haas F1 Team,American,19,16,16,0,65,+1 Lap,16,63,1:21.460,205.632
2020,12,Portuguese Grand Prix,2020-10-25,Autódromo Internacional do Algarve,Portugal,grosjean,8,GRO,Romain,Grosjean,French,haas,Haas F1 Team,American,18,17,17,0,65,+1 Lap,17,59,1:21.664,205.118
2020,12,Portuguese Grand Prix,2020-10-25,Autódromo Internacional do Algarve,Portugal,latifi,6,LAT,Nicholas,Latifi,Canadian,williams,Williams,British,20,18,18,0,64,+2 Laps,19,53,1:21.859,204.629
2020,12,Portuguese Grand Prix,2020-10-25,Autódromo Internacional do Algarve,Portugal,kvyat,26,KVY,Daniil,Kvyat,Russian,alphatauri,AlphaTauri,Italian,13,19,19,0,64,+2 Laps,8,59,1:20.449,208.216
2020,12,Portuguese Grand Prix,2020-10-25,Autódromo Internacional do Algarve,Portugal,stroll,18,STR,Lance,Stroll,Canadian,racing_point,Racing Point,British,12,20,R,0,51,Collision damage,18,45,1:21.694,205.043
2020,13,Emilia Romagna Grand Prix,2020-11-01,Autodromo Enzo e Dino Ferrari,Italy,hamilton,44,HAM,Lewis,Hamilton,British,mercedes,Mercedes,German,2,1,1,26,63,Finished,1,63,1:15.484,234.121
2020,13,Emilia Romagna Grand Prix,2020-11-01,Autodromo Enzo e Dino Ferrari,Italy,bottas,77,BOT,Valtteri,Bottas,Finnish,mercedes,Mercedes,German,1,2,2,18,63,Finished,2,63,1:15.902,232.831
2020,13,Emilia Romagna Grand Prix,2020-11-01,Autodromo Enzo e Dino Ferrari,Italy,ricciardo,3,RIC,Daniel,Ricciardo,Australian,renault,Renault,French,5,3,3,15,63,Finished,4,62,1:17.552,227.878
2020,13,Emilia Romagna Grand Prix,2020-11-01,Autodromo Enzo e Dino Ferrari,Italy,kvyat,26,KVY,Daniil,Kvyat,Russian,alphatauri,AlphaTauri,Italian,8,4,4,12,63,Finished,6,62,1:17.666,227.543
2020,13,Emilia Romagna Grand Prix,2020-11-01,Autodromo Enzo e Dino Ferrari,Italy,leclerc,16,LEC,Charles,Leclerc,Monegasque,ferrari,Ferrari,Italian,7,5,5,10,63,Finished,12,62,1:18.173,226.067
2020,13,Emilia Romagna Grand Prix,2020-11-01,Autodromo Enzo e Dino Ferrari,Italy,perez,11,PER,Sergio,Pérez,Mexican,racing_point,Racing Point,British,11,6,6,8,63,Finished,9,49,1:18.084,226.325
2020,13,Emilia Romagna Grand Prix,2020-11-01,Autodromo Enzo e Dino Ferrari,Italy,sainz,55,SAI,Carlos,Sainz,Spanish,mclaren,McLaren,British,10,7,7,6,63,Finished,11,62,1:18.118,226.226
2020,13,Emilia Romagna Grand Prix,2020-11-01,Autodromo Enzo e Dino Ferrari,Italy,norris,4,NOR,Lando,Norris,British,mclaren,McLaren,British,9,8,8,4,63,Finished,8,63,1:18.069,226.368
2020,13,Emilia Romagna Grand Prix,2020-11-01,Autodromo Enzo e Dino Ferrari,Italy,raikkonen,7,RAI,Kimi,Räikkönen,Finnish,alfa,Alfa Romeo,Swiss,18,9,9,2,63,Finished,10,63,1:18.088,226.313
2020,13,Emilia Romagna Grand Prix,2020-11-01,Autodromo Enzo e Dino Ferrari,Italy,giovinazzi,99,GIO,Antonio,Giovinazzi,Italian,alfa,Alfa Romeo,Swiss,20,10,10,1,63,Finished,15,61,1:18.794,224.286
2020,13,Emilia Romagna Grand Prix,2020-11-01,Autodromo Enzo e Dino Ferrari,Italy,latifi,6,LAT,Nicholas,Latifi,Canadian,williams,Williams,British,19,11,11,0,63,Finished,14,37,1:18.719,224.499
2020,13,Emilia Romagna Grand Prix,2020-11-01,Autodromo Enzo e Dino Ferrari,Italy,vettel,5,VET,Sebastian,Vettel,German,ferrari,Ferrari,Italian,14,12,12,0,63,Finished,7,44,1:17.767,227.248
2020,13,Emilia Romagna Grand Prix,2020-11-01,Autodromo Enzo e Dino Ferrari,Italy,stroll,18,STR,Lance,Stroll,Canadian,racing_point,Racing Point,British,15,13,13,0,63,Finished,13,46,1:18.360,225.528
2020,13,Emilia Romagna Grand Prix,2020-11-01,Autodromo Enzo e Dino Ferrari,Italy,grosjean,8,GRO,Romain,Grosjean,French,haas,Haas F1 Team,American,16,14,14,0,63,Finished,17,45,1:18.822,224.206
2020,13,Emilia Romagna Grand Prix,2020-11-01,Autodromo Enzo e Dino Ferrari,Italy,albon,23,ALB,Alexander,Albon,Thai,red_bull,Red Bull,Austrian,6,15,15,0,63,Finished,3,63,1:16.177,231.991
2020,13,Emilia Romagna Grand Prix,2020-11-01,Autodromo Enzo e Dino Ferrari,Italy,russell,63,RUS,George,Russell,British,williams,Williams,British,13,16,R,0,51,Accident,16,43,1:18.811,224.237
2020,13,Emilia Romagna Grand Prix,2020-11-01,Autodromo Enzo e Dino Ferrari,Italy,max_verstappen,33,VER,Max,Verstappen,Dutch,red_bull,Red Bull,Austrian,3,17,R,0,50,Puncture,5,44,1:17.637,227.628
2020,13,Emilia Romagna Grand Prix,2020-11-01,Autodromo Enzo e Dino Ferrari,Italy,kevin_magnussen,20,MAG,Kevin,Magnussen,Danish,haas,Haas F1 Team,American,17,18,R,0,47,Illness,18,45,1:19.273,222.930
2020,13,Emilia Romagna Grand Prix,2020-11-01,Autodromo Enzo e Dino Ferrari,Italy,ocon,31,OCO,Esteban,Ocon,French,renault,Renault,French,12,19,R,0,27,Gearbox,19,22,1:19.606,221.998
2020,13,Emilia Romagna Grand Prix,2020-11-01,Autodromo Enzo e Dino Ferrari,Italy,gasly,10,GAS,Pierre,Gasly,French,alphatauri,AlphaTauri,Italian,4,20,R,0,8,Water pressure,20,5,1:20.403,219.797
2020,14,Turkish Grand Prix,2020-11-15,Istanbul Park,Turkey,hamilton,44,HAM,Lewis,Hamilton,British,mercedes,Mercedes,German,6,1,1,25,58,Finished,6,56,1:39.413,193.302
2020,14,Turkish Grand Prix,2020-11-15,Istanbul Park,Turkey,perez,11,PER,Sergio,Pérez,Mexican,racing_point,Racing Point,British,3,2,2,18,58,Finished,12,50,1:40.392,191.417
2020,14,Turkish Grand Prix,2020-11-15,Istanbul Park,Turkey,vettel,5,VET,Sebastian,Vettel,German,ferrari,Ferrari,Italian,11,3,3,15,58,Finished,8,53,1:39.662,192.819
2020,14,Turkish Grand Prix,2020-11-15,Istanbul Park,Turkey,leclerc,16,LEC,Charles,Leclerc,Monegasque,ferrari,Ferrari,Italian,12,4,4,12,58,Finished,11,47,1:39.961,192.242
2020,14,Turkish Grand Prix,2020-11-15,Istanbul Park,Turkey,sainz,55,SAI,Carlos,Sainz,Spanish,mclaren,McLaren,British,15,5,5,10,58,Finished,4,56,1:38.754,194.592
2020,14,Turkish Grand Prix,2020-11-15,Istanbul Park,Turkey,max_verstappen,33,VER,Max,Verstappen,Dutch,red_bull,Red Bull,Austrian,2,6,6,8,58,Finished,3,53,1:38.431,195.231
2020,14,Turkish Grand Prix,2020-11-15,Istanbul Park,Turkey,albon,23,ALB,Alexander,Albon,Thai,red_bull,Red Bull,Austrian,4,7,7,6,58,Finished,5,54,1:39.099,193.915
2020,14,Turkish Grand Prix,2020-11-15,Istanbul Park,Turkey,norris,4,NOR,Lando,Norris,British,mclaren,McLaren,British,14,8,8,5,58,Finished,1,58,1:36.806,198.508
2020,14,Turkish Grand Prix,2020-11-15,Istanbul Park,Turkey,stroll,18,STR,Lance,Stroll,Canadian,racing_point,Racing Point,British,1,9,9,2,58,Finished,10,55,1:39.921,192.319
2020,14,Turkish Grand Prix,2020-11-15,Istanbul Park,Turkey,ricciardo,3,RIC,Daniel,Ricciardo,Australian,renault,Renault,French,5,10,10,1,58,Finished,13,54,1:40.677,190.875
2020,14,Turkish Grand Prix,2020-11-15,Istanbul Park,Turkey,ocon,31,OCO,Esteban,Ocon,French,renault,Renault,French,7,11,11,0,57,+1 Lap,16,55,1:41.006,190.254
2020,14,Turkish Grand Prix,2020-11-15,Istanbul Park,Turkey,kvyat,26,KVY,Daniil,Kvyat,Russian,alphatauri,AlphaTauri,Italian,16,12,12,0,57,+1 Lap,17,53,1:41.019,190.229
2020,14,Turkish Grand Prix,2020-11-15,Istanbul Park,Turkey,gasly,10,GAS,Pierre,Gasly,French,alphatauri,AlphaTauri,Italian,19,13,13,0,57,+1 Lap,7,53,1:39.586,192.966
2020,14,Turkish Grand Prix,2020-11-15,Istanbul Park,Turkey,bottas,77,BOT,Valtteri,Bottas,Finnish,mercedes,Mercedes,German,9,14,14,0,57,+1 Lap,2,57,1:38.193,195.704
2020,14,Turkish Grand Prix,2020-11-15,Istanbul Park,Turkey,raikkonen,7,RAI,Kimi,Räikkönen,Finnish,alfa,Alfa Romeo,Swiss,8,15,15,0,57,+1 Lap,9,57,1:39.743,192.663
2020,14,Turkish Grand Prix,2020-11-15,Istanbul Park,Turkey,russell,63,RUS,George,Russell,British,williams,Williams,British,0,16,16,0,57,+1 Lap,14,51,1:40.814,190.616
2020,14,Turkish Grand Prix,2020-11-15,Istanbul Park,Turkey,kevin_magnussen,20,MAG,Kevin,Magnussen,Danish,haas,Haas F1 Team,American,13,17,17,0,55,Withdrew,15,45,1:40.948,190.363
2020,14,Turkish Grand Prix,2020-11-15,Istanbul Park,Turkey,grosjean,8,GRO,Romain,Grosjean,French,haas,Haas F1 Team,American,17,18,R,0,49,Collision damage,18,38,1:43.281,186.063
2020,14,Turkish Grand Prix,2020-11-15,Istanbul Park,Turkey,latifi,6,LAT,Nicholas,Latifi,Canadian,williams,Williams,British,0,19,R,0,39,Collision damage,19,32,1:43.495,185.678
2020,14,Turkish Grand Prix,2020-11-15,Istanbul Park,Turkey,giovinazzi,99,GIO,Antonio,Giovinazzi,Italian,alfa,Alfa Romeo,Swiss,10,20,R,0,11,Gearbox,20,11,1:51.122,172.934
2020,15,Bahrain Grand Prix,2020-11-29,Bahrain International Circuit,Bahrain,hamilton,44,HAM,Lewis,Hamilton,British,mercedes,Mercedes,German,1,1,1,25,57,Finished,3,38,1:32.864,209.803
2020,15,Bahrain Grand Prix,2020-11-29,Bahrain International Circuit,Bahrain,max_verstappen,33,VER,Max,Verstappen,Dutch,red_bull,Red Bull,Austrian,3,2,2,19,57,Finished,1,48,1:32.014,211.741
2020,15,Bahrain Grand Prix,2020-11-29,Bahrain International Circuit,Bahrain,albon,23,ALB,Alexander,Albon,Thai,red_bull,Red Bull,Austrian,4,3,3,15,57,Finished,10,41,1:33.684,207.967
2020,15,Bahrain Grand Prix,2020-11-29,Bahrain International Circuit,Bahrain,norris,4,NOR,Lando,Norris,British,mclaren,McLaren,British,9,4,4,12,57,Finished,7,53,1:33.588,208.180
2020,15,Bahrain Grand Prix,2020-11-29,Bahrain International Circuit,Bahrain,sainz,55,SAI,Carlos,Sainz,Spanish,mclaren,McLaren,British,15,5,5,10,57,Finished,5,46,1:33.411,208.575
2020,15,Bahrain Grand Prix,2020-11-29,Bahrain International Circuit,Bahrain,gasly,10,GAS,Pierre,Gasly,French,alphatauri,AlphaTauri,Italian,8,6,6,8,57,Finished,16,48,1:34.817,205.482
2020,15,Bahrain Grand Prix,2020-11-29,Bahrain International Circuit,Bahrain,ricciardo,3,RIC,Daniel,Ricciardo,Australian,renault,Renault,French,6,7,7,6,57,Finished,2,38,1:32.827,209.887
2020,15,Bahrain Grand Prix,2020-11-29,Bahrain International Circuit,Bahrain,bottas,77,BOT,Valtteri,Bottas,Finnish,mercedes,Mercedes,German,2,8,8,4,57,Finished,4,28,1:33.352,208.706
2020,15,Bahrain Grand Prix,2020-11-29,Bahrain International Circuit,Bahrain,ocon,31,OCO,Esteban,Ocon,French,renault,Renault,French,7,9,9,2,57,Finished,13,37,1:34.354,206.490
2020,15,Bahrain Grand Prix,2020-11-29,Bahrain International Circuit,Bahrain,leclerc,16,LEC,Charles,Leclerc,Monegasque,ferrari,Ferrari,Italian,12,10,10,1,56,+1 Lap,8,44,1:33.625,208.098
2020,15,Bahrain Grand Prix,2020-11-29,Bahrain International Circuit,Bahrain,kvyat,26,KVY,Daniil,Kvyat,Russian,alphatauri,AlphaTauri,Italian,10,11,11,0,56,+1 Lap,12,35,1:34.141,206.957
2020,15,Bahrain Grand Prix,2020-11-29,Bahrain International Circuit,Bahrain,russell,63,RUS,George,Russell,British,williams,Williams,British,14,12,12,0,56,+1 Lap,17,47,1:35.042,204.995
2020,15,Bahrain Grand Prix,2020-11-29,Bahrain International Circuit,Bahrain,vettel,5,VET,Sebastian,Vettel,German,ferrari,Ferrari,Italian,11,13,13,0,56,+1 Lap,11,41,1:33.861,207.575
2020,15,Bahrain Grand Prix,2020-11-29,Bahrain International Circuit,Bahrain,latifi,6,LAT,Nicholas,Latifi,Canadian,williams,Williams,British,20,14,14,0,56,+1 Lap,15,39,1:34.591,205.973
2020,15,Bahrain Grand Prix,2020-11-29,Bahrain International Circuit,Bahrain,raikkonen,7,RAI,Kimi,Räikkönen,Finnish,alfa,Alfa Romeo,Swiss,17,15,15,0,56,+1 Lap,6,43,1:33.573,208.213
2020,15,Bahrain Grand Prix,2020-11-29,Bahrain International Circuit,Bahrain,giovinazzi,99,GIO,Antonio,Giovinazzi,Italian,alfa,Alfa Romeo,Swiss,16,16,16,0,56,+1 Lap,14,22,1:34.536,206.092
2020,15,Bahrain Grand Prix,2020-11-29,Bahrain International Circuit,Bahrain,kevin_magnussen,20,MAG,Kevin,Magnussen,Danish,haas,Haas F1 Team,American,18,17,17,0,56,+1 Lap,18,29,1:35.241,204.567
2020,15,Bahrain Grand Prix,2020-11-29,Bahrain International Circuit,Bahrain,perez,11,PER,Sergio,Pérez,Mexican,racing_point,Racing Point,British,5,18,18,0,53,Engine,9,40,1:33.629,208.089
2020,15,Bahrain Grand Prix,2020-11-29,Bahrain International Circuit,Bahrain,stroll,18,STR,Lance,Stroll,Canadian,racing_point,Racing Point,British,13,19,R,0,2,Collision,,,,
2020,15,Bahrain Grand Prix,2020-11-29,Bahrain International Circuit,Bahrain,grosjean,8,GRO,Romain,Grosjean,French,haas,Haas F1 Team,American,19,20,R,0,0,Collision,,,,
2020,16,Sakhir Grand Prix,2020-12-06,Bahrain International Circuit,Bahrain,perez,11,PER,Sergio,Pérez,Mexican,racing_point,Racing Point,British,5,1,1,25,87,Finished,3,69,56.789,224.599
2020,16,Sakhir Grand Prix,2020-12-06,Bahrain International Circuit,Bahrain,ocon,31,OCO,Esteban,Ocon,French,renault,Renault,French,11,2,2,18,87,Finished,12,75,57.350,222.402
2020,16,Sakhir Grand Prix,2020-12-06,Bahrain International Circuit,Bahrain,stroll,18,STR,Lance,Stroll,Canadian,racing_point,Racing Point,British,10,3,3,15,87,Finished,14,85,57.388,222.255
2020,16,Sakhir Grand Prix,2020-12-06,Bahrain International Circuit,Bahrain,sainz,55,SAI,Carlos,Sainz,Spanish,mclaren,McLaren,British,8,4,4,12,87,Finished,9,80,57.165,223.122
2020,16,Sakhir Grand Prix,2020-12-06,Bahrain International Circuit,Bahrain,ricciardo,3,RIC,Daniel,Ricciardo,Australian,renault,Renault,French,7,5,5,10,87,Finished,6,57,56.979,223.850
2020,16,Sakhir Grand Prix,2020-12-06,Bahrain International Circuit,Bahrain,albon,23,ALB,Alexander,Albon,Thai,red_bull,Red Bull,Austrian,12,6,6,8,87,Finished,8,52,57.056,223.548
2020,16,Sakhir Grand Prix,2020-12-06,Bahrain International Circuit,Bahrain,kvyat,26,KVY,Daniil,Kvyat,Russian,alphatauri,AlphaTauri,Italian,6,7,7,6,87,Finished,7,80,57.001,223.764
2020,16,Sakhir Grand Prix,2020-12-06,Bahrain International Circuit,Bahrain,bottas,77,BOT,Valtteri,Bottas,Finnish,mercedes,Mercedes,German,1,8,8,4,87,Finished,2,60,56.563,225.497
2020,16,Sakhir Grand Prix,2020-12-06,Bahrain International Circuit,Bahrain,russell,63,RUS,George,Russell,British,mercedes,Mercedes,German,2,9,9,3,87,Finished,1,80,55.404,230.214
2020,16,Sakhir Grand Prix,2020-12-06,Bahrain International Circuit,Bahrain,norris,4,NOR,Lando,Norris,British,mclaren,McLaren,British,19,10,10,1,87,Finished,11,85,57.270,222.713
2020,16,Sakhir Grand Prix,2020-12-06,Bahrain International Circuit,Bahrain,gasly,10,GAS,Pierre,Gasly,French,alphatauri,AlphaTauri,Italian,9,11,11,0,87,Finished,10,53,57.220,222.908
2020,16,Sakhir Grand Prix,2020-12-06,Bahrain International Circuit,Bahrain,vettel,5,VET,Sebastian,Vettel,German,ferrari,Ferrari,Italian,13,12,12,0,87,Finished,5,56,56.905,224.141
2020,16,Sakhir Grand Prix,2020-12-06,Bahrain International Circuit,Bahrain,giovinazzi,99,GIO,Antonio,Giovinazzi,Italian,alfa,Alfa Romeo,Swiss,14,13,13,0,87,Finished,4,56,56.887,224.212
2020,16,Sakhir Grand Prix,2020-12-06,Bahrain International Circuit,Bahrain,raikkonen,7,RAI,Kimi,Räikkönen,Finnish,alfa,Alfa Romeo,Swiss,18,14,14,0,87,Finished,13,56,57.375,222.305
2020,16,Sakhir Grand Prix,2020-12-06,Bahrain International Circuit,Bahrain,kevin_magnussen,20,MAG,Kevin,Magnussen,Danish,haas,Haas F1 Team,American,15,15,15,0,87,Finished,16,57,57.516,221.760
2020,16,Sakhir Grand Prix,2020-12-06,Bahrain International Circuit,Bahrain,aitken,89,AIT,Jack,Aitken,British,williams,Williams,British,17,16,16,0,87,Finished,15,56,57.392,222.240
2020,16,Sakhir Grand Prix,2020-12-06,Bahrain International Circuit,Bahrain,pietro_fittipaldi,51,FIT,Pietro,Fittipaldi,Brazilian,haas,Haas F1 Team,American,20,17,17,0,87,Finished,17,56,57.742,220.892
2020,16,Sakhir Grand Prix,2020-12-06,Bahrain International Circuit,Bahrain,latifi,6,LAT,Nicholas,Latifi,Canadian,williams,Williams,British,16,18,R,0,52,Engine,18,29,58.206,219.132
2020,16,Sakhir Grand Prix,2020-12-06,Bahrain International Circuit,Bahrain,max_verstappen,33,VER,Max,Verstappen,Dutch,red_bull,Red Bull,Austrian,3,19,R,0,0,Accident,,,,
2020,16,Sakhir Grand Prix,2020-12-06,Bahrain International Circuit,Bahrain,leclerc,16,LEC,Charles,Leclerc,Monegasque,ferrari,Ferrari,Italian,4,20,R,0,0,Collision,,,,
2020,17,Abu Dhabi Grand Prix,2020-12-13,Yas Marina Circuit,UAE,max_verstappen,33,VER,Max,Verstappen,Dutch,red_bull,Red Bull,Austrian,1,1,1,25,55,Finished,2,14,1:40.958,198.046
2020,17,Abu Dhabi Grand Prix,2020-12-13,Yas Marina Circuit,UAE,bottas,77,BOT,Valtteri,Bottas,Finnish,mercedes,Mercedes,German,2,2,2,18,55,Finished,3,40,1:41.131,197.707
2020,17,Abu Dhabi Grand Prix,2020-12-13,Yas Marina Circuit,UAE,hamilton,44,HAM,Lewis,Hamilton,British,mercedes,Mercedes,German,3,3,3,15,55,Finished,5,37,1:41.420,197.144
2020,17,Abu Dhabi Grand Prix,2020-12-13,Yas Marina Circuit,UAE,albon,23,ALB,Alexander,Albon,Thai,red_bull,Red Bull,Austrian,5,4,4,12,55,Finished,4,42,1:41.227,197.520
2020,17,Abu Dhabi Grand Prix,2020-12-13,Yas Marina Circuit,UAE,norris,4,NOR,Lando,Norris,British,mclaren,McLaren,British,4,5,5,10,55,Finished,12,53,1:41.964,196.092
2020,17,Abu Dhabi Grand Prix,2020-12-13,Yas Marina Circuit,UAE,sainz,55,SAI,Carlos,Sainz,Spanish,mclaren,McLaren,British,6,6,6,8,55,Finished,11,48,1:41.947,196.125
2020,17,Abu Dhabi Grand Prix,2020-12-13,Yas Marina Circuit,UAE,ricciardo,3,RIC,Daniel,Ricciardo,Australian,renault,Renault,French,11,7,7,7,55,Finished,1,55,1:40.926,198.109
2020,17,Abu Dhabi Grand Prix,2020-12-13,Yas Marina Circuit,UAE,gasly,10,GAS,Pierre,Gasly,French,alphatauri,AlphaTauri,Italian,9,8,8,4,55,Finished,15,53,1:42.474,195.116
2020,17,Abu Dhabi Grand Prix,2020-12-13,Yas Marina Circuit,UAE,ocon,31,OCO,Esteban,Ocon,French,renault,Renault,French,10,9,9,2,55,Finished,18,47,1:42.894,194.320
2020,17,Abu Dhabi Grand Prix,2020-12-13,Yas Marina Circuit,UAE,stroll,18,STR,Lance,Stroll,Canadian,racing_point,Racing Point,British,8,10,10,1,55,Finished,9,41,1:41.866,196.281
2020,17,Abu Dhabi Grand Prix,2020-12-13,Yas Marina Circuit,UAE,kvyat,26,KVY,Daniil,Kvyat,Russian,alphatauri,AlphaTauri,Italian,7,11,11,0,54,+1 Lap,17,47,1:42.704,194.679
2020,17,Abu Dhabi Grand Prix,2020-12-13,Yas Marina Circuit,UAE,raikkonen,7,RAI,Kimi,Räikkönen,Finnish,alfa,Alfa Romeo,Swiss,15,12,12,0,54,+1 Lap,14,53,1:42.148,195.739
2020,17,Abu Dhabi Grand Prix,2020-12-13,Yas Marina Circuit,UAE,leclerc,16,LEC,Charles,Leclerc,Monegasque,ferrari,Ferrari,Italian,12,13,13,0,54,+1 Lap,10,24,1:41.908,196.200
2020,17,Abu Dhabi Grand Prix,2020-12-13,Yas Marina Circuit,UAE,vettel,5,VET,Sebastian,Vettel,German,ferrari,Ferrari,Italian,13,14,14,0,54,+1 Lap,6,37,1:41.475,197.037
2020,17,Abu Dhabi Grand Prix,2020-12-13,Yas Marina Circuit,UAE,russell,63,RUS,George,Russell,British,williams,Williams,British,16,15,15,0,54,+1 Lap,20,54,1:43.328,193.504
2020,17,Abu Dhabi Grand Prix,2020-12-13,Yas Marina Circuit,UAE,giovinazzi,99,GIO,Antonio,Giovinazzi,Italian,alfa,Alfa Romeo,Swiss,14,16,16,0,54,+1 Lap,7,29,1:41.675,196.650
2020,17,Abu Dhabi Grand Prix,2020-12-13,Yas Marina Circuit,UAE,latifi,6,LAT,Nicholas,Latifi,Canadian,williams,Williams,British,18,17,17,0,54,+1 Lap,16,49,1:42.497,195.073
2020,17,Abu Dhabi Grand Prix,2020-12-13,Yas Marina Circuit,UAE,kevin_magnussen,20,MAG,Kevin,Magnussen,Danish,haas,Haas F1 Team,American,20,18,18,0,54,+1 Lap,13,50,1:41.999,196.025
2020,17,Abu Dhabi Grand Prix,2020-12-13,Yas Marina Circuit,UAE,pietro_fittipaldi,51,FIT,Pietro,Fittipaldi,Brazilian,haas,Haas F1 Team,American,17,19,19,0,53,+2 Laps,8,50,1:41.707,196.588
2020,17,Abu Dhabi Grand Prix,2020-12-13,Yas Marina Circuit,UAE,perez,11,PER,Sergio,Pérez,Mexican,racing_point,Racing Point,British,19,20,R,0,8,Transmission,19,6,1:43.263,193.625
2021,1,Bahrain Grand Prix,2021-03-28,Bahrain International Circuit,Bahrain,hamilton,44,HAM,Lewis,Hamilton,British,mercedes,Mercedes,German,2,1,1,25,56,Finished,4,44,1:34.015,207.235
2021,1,Bahrain Grand Prix,2021-03-28,Bahrain International Circuit,Bahrain,max_verstappen,33,VER,Max,Verstappen,Dutch,red_bull,Red Bull,Austrian,1,2,2,18,56,Finished,2,41,1:33.228,208.984
2021,1,Bahrain Grand Prix,2021-03-28,Bahrain International Circuit,Bahrain,bottas,77,BOT,Valtteri,Bottas,Finnish,mercedes,Mercedes,German,3,3,3,16,56,Finished,1,56,1:32.090,211.566
2021,1,Bahrain Grand Prix,2021-03-28,Bahrain International Circuit,Bahrain,norris,4,NOR,Lando,Norris,British,mclaren,McLaren,British,7,4,4,12,56,Finished,6,38,1:34.396,206.398
2021,1,Bahrain Grand Prix,2021-03-28,Bahrain International Circuit,Bahrain,perez,11,PER,Sergio,Pérez,Mexican,red_bull,Red Bull,Austrian,0,5,5,10,56,Finished,3,44,1:33.970,207.334
2021,1,Bahrain Grand Prix,2021-03-28,Bahrain International Circuit,Bahrain,leclerc,16,LEC,Charles,Leclerc,Monegasque,ferrari,Ferrari,Italian,4,6,6,8,56,Finished,11,39,1:34.988,205.112
2021,1,Bahrain Grand Prix,2021-03-28,Bahrain International Circuit,Bahrain,ricciardo,3,RIC,Daniel,Ricciardo,Australian,mclaren,McLaren,British,6,7,7,6,56,Finished,10,36,1:34.932,205.233
2021,1,Bahrain Grand Prix,2021-03-28,Bahrain International Circuit,Bahrain,sainz,55,SAI,Carlos,Sainz,Spanish,ferrari,Ferrari,Italian,8,8,8,4,56,Finished,7,48,1:34.509,206.151
2021,1,Bahrain Grand Prix,2021-03-28,Bahrain International Circuit,Bahrain,tsunoda,22,TSU,Yuki,Tsunoda,Japanese,alphatauri,AlphaTauri,Italian,13,9,9,2,56,Finished,8,38,1:34.761,205.603
2021,1,Bahrain Grand Prix,2021-03-28,Bahrain International Circuit,Bahrain,stroll,18,STR,Lance,Stroll,Canadian,aston_martin,Aston Martin,British,10,10,10,1,56,Finished,9,31,1:34.865,205.378
2021,1,Bahrain Grand Prix,2021-03-28,Bahrain International Circuit,Bahrain,raikkonen,7,RAI,Kimi,Räikkönen,Finnish,alfa,Alfa Romeo,Swiss,14,11,11,0,56,Finished,14,45,1:35.192,204.672
2021,1,Bahrain Grand Prix,2021-03-28,Bahrain International Circuit,Bahrain,giovinazzi,99,GIO,Antonio,Giovinazzi,Italian,alfa,Alfa Romeo,Swiss,12,12,12,0,55,+1 Lap,13,32,1:35.122,204.823
2021,1,Bahrain Grand Prix,2021-03-28,Bahrain International Circuit,Bahrain,ocon,31,OCO,Esteban,Ocon,French,alpine,Alpine F1 Team,French,16,13,13,0,55,+1 Lap,15,33,1:35.250,204.548
2021,1,Bahrain Grand Prix,2021-03-28,Bahrain International Circuit,Bahrain,russell,63,RUS,George,Russell,British,williams,Williams,British,15,14,14,0,55,+1 Lap,12,40,1:35.036,205.008
2021,1,Bahrain Grand Prix,2021-03-28,Bahrain International Circuit,Bahrain,vettel,5,VET,Sebastian,Vettel,German,aston_martin,Aston Martin,British,20,15,15,0,55,+1 Lap,16,26,1:35.566,203.871
2021,1,Bahrain Grand Prix,2021-03-28,Bahrain International Circuit,Bahrain,mick_schumacher,47,MSC,Mick,Schumacher,German,haas,Haas F1 Team,American,18,16,16,0,55,+1 Lap,18,38,1:36.134,202.667
2021,1,Bahrain Grand Prix,2021-03-28,Bahrain International Circuit,Bahrain,gasly,10,GAS,Pierre,Gasly,French,alphatauri,AlphaTauri,Italian,5,17,17,0,52,Retired,5,48,1:34.090,207.069
2021,1,Bahrain Grand Prix,2021-03-28,Bahrain International Circuit,Bahrain,latifi,6,LAT,Nicholas,Latifi,Canadian,williams,Williams,British,17,18,18,0,51,Retired,19,16,1:36.602,201.685
2021,1,Bahrain Grand Prix,2021-03-28,Bahrain International Circuit,Bahrain,alonso,14,ALO,Fernando,Alonso,Spanish,alpine,Alpine F1 Team,French,9,19,R,0,32,Brakes,17,31,1:36.063,202.816
2021,1,Bahrain Grand Prix,2021-03-28,Bahrain International Circuit,Bahrain,mazepin,9,MAZ,Nikita,Mazepin,Russian,haas,Haas F1 Team,American,19,20,R,0,0,Accident,,,,
2021,2,Emilia Romagna Grand Prix,2021-04-18,Autodromo Enzo e Dino Ferrari,Italy,max_verstappen,33,VER,Max,Verstappen,Dutch,red_bull,Red Bull,Austrian,3,1,1,25,63,Finished,2,60,1:17.524,227.960
2021,2,Emilia Romagna Grand Prix,2021-04-18,Autodromo Enzo e Dino Ferrari,Italy,hamilton,44,HAM,Lewis,Hamilton,British,mercedes,Mercedes,German,1,2,2,19,63,Finished,1,60,1:16.702,230.403
2021,2,Emilia Romagna Grand Prix,2021-04-18,Autodromo Enzo e Dino Ferrari,Italy,norris,4,NOR,Lando,Norris,British,mclaren,McLaren,British,7,3,3,15,63,Finished,3,63,1:18.259,225.819
2021,2,Emilia Romagna Grand Prix,2021-04-18,Autodromo Enzo e Dino Ferrari,Italy,leclerc,16,LEC,Charles,Leclerc,Monegasque,ferrari,Ferrari,Italian,4,4,4,12,63,Finished,6,60,1:18.379,225.473
2021,2,Emilia Romagna Grand Prix,2021-04-18,Autodromo Enzo e Dino Ferrari,Italy,sainz,55,SAI,Carlos,Sainz,Spanish,ferrari,Ferrari,Italian,11,5,5,10,63,Finished,7,60,1:18.490,225.154
2021,2,Emilia Romagna Grand Prix,2021-04-18,Autodromo Enzo e Dino Ferrari,Italy,ricciardo,3,RIC,Daniel,Ricciardo,Australian,mclaren,McLaren,British,6,6,6,8,63,Finished,12,54,1:19.341,222.739
2021,2,Emilia Romagna Grand Prix,2021-04-18,Autodromo Enzo e Dino Ferrari,Italy,gasly,10,GAS,Pierre,Gasly,French,alphatauri,AlphaTauri,Italian,5,7,7,6,63,Finished,9,52,1:18.994,223.718
2021,2,Emilia Romagna Grand Prix,2021-04-18,Autodromo Enzo e Dino Ferrari,Italy,stroll,18,STR,Lance,Stroll,Canadian,aston_martin,Aston Martin,British,10,8,8,4,63,Finished,8,59,1:18.782,224.320
2021,2,Emilia Romagna Grand Prix,2021-04-18,Autodromo Enzo e Dino Ferrari,Italy,ocon,31,OCO,Esteban,Ocon,French,alpine,Alpine F1 Team,French,9,9,9,2,63,Finished,15,62,1:19.422,222.512
2021,2,Emilia Romagna Grand Prix,2021-04-18,Autodromo Enzo e Dino Ferrari,Italy,alonso,14,ALO,Fernando,Alonso,Spanish,alpine,Alpine F1 Team,French,15,10,10,1,63,Finished,14,62,1:19.417,222.526
2021,2,Emilia Romagna Grand Prix,2021-04-18,Autodromo Enzo e Dino Ferrari,Italy,perez,11,PER,Sergio,Pérez,Mexican,red_bull,Red Bull,Austrian,2,11,11,0,63,Finished,13,62,1:19.396,222.585
2021,2,Emilia Romagna Grand Prix,2021-04-18,Autodromo Enzo e Dino Ferrari,Italy,tsunoda,22,TSU,Yuki,Tsunoda,Japanese,alphatauri,AlphaTauri,Italian,20,12,12,0,63,Finished,4,49,1:18.334,225.603
2021,2,Emilia Romagna Grand Prix,2021-04-18,Autodromo Enzo e Dino Ferrari,Italy,raikkonen,7,RAI,Kimi,Räikkönen,Finnish,alfa,Alfa Romeo,Swiss,16,13,13,0,63,Finished,5,62,1:18.353,225.548
2021,2,Emilia Romagna Grand Prix,2021-04-18,Autodromo Enzo e Dino Ferrari,Italy,giovinazzi,99,GIO,Antonio,Giovinazzi,Italian,alfa,Alfa Romeo,Swiss,17,14,14,0,62,+1 Lap,16,57,1:19.470,222.378
2021,2,Emilia Romagna Grand Prix,2021-04-18,Autodromo Enzo e Dino Ferrari,Italy,vettel,5,VET,Sebastian,Vettel,German,aston_martin,Aston Martin,British,0,15,15,0,61,Gearbox,10,59,1:19.074,223.491
2021,2,Emilia Romagna Grand Prix,2021-04-18,Autodromo Enzo e Dino Ferrari,Italy,mick_schumacher,47,MSC,Mick,Schumacher,German,haas,Haas F1 Team,American,18,16,16,0,61,+2 Laps,11,58,1:19.193,223.156
2021,2,Emilia Romagna Grand Prix,2021-04-18,Autodromo Enzo e Dino Ferrari,Italy,mazepin,9,MAZ,Nikita,Mazepin,Russian,haas,Haas F1 Team,American,19,17,17,0,61,+2 Laps,17,55,1:20.402,219.800
2021,2,Emilia Romagna Grand Prix,2021-04-18,Autodromo Enzo e Dino Ferrari,Italy,bottas,77,BOT,Valtteri,Bottas,Finnish,mercedes,Mercedes,German,8,18,R,0,30,Collision,19,30,1:28.485,199.721
2021,2,Emilia Romagna Grand Prix,2021-04-18,Autodromo Enzo e Dino Ferrari,Italy,russell,63,RUS,George,Russell,British,williams,Williams,British,12,19,R,0,30,Collision,18,28,1:26.543,204.203
2021,2,Emilia Romagna Grand Prix,2021-04-18,Autodromo Enzo e Dino Ferrari,Italy,latifi,6,LAT,Nicholas,Latifi,Canadian,williams,Williams,British,14,20,R,0,0,Collision,,,,
2021,3,Portuguese Grand Prix,2021-05-02,Autódromo Internacional do Algarve,Portugal,hamilton,44,HAM,Lewis,Hamilton,British,mercedes,Mercedes,German,2,1,1,25,66,Finished,4,47,1:20.933,206.971
2021,3,Portuguese Grand Prix,2021-05-02,Autódromo Internacional do Algarve,Portugal,max_verstappen,33,VER,Max,Verstappen,Dutch,red_bull,Red Bull,Austrian,3,2,2,18,66,Finished,3,62,1:20.695,207.581
2021,3,Portuguese Grand Prix,2021-05-02,Autódromo Internacional do Algarve,Portugal,bottas,77,BOT,Valtteri,Bottas,Finnish,mercedes,Mercedes,German,1,3,3,16,66,Finished,1,65,1:19.865,209.738
2021,3,Portuguese Grand Prix,2021-05-02,Autódromo Internacional do Algarve,Portugal,perez,11,PER,Sergio,Pérez,Mexican,red_bull,Red Bull,Austrian,4,4,4,12,66,Finished,2,55,1:20.643,207.715
2021,3,Portuguese Grand Prix,2021-05-02,Autódromo Internacional do Algarve,Portugal,norris,4,NOR,Lando,Norris,British,mclaren,McLaren,British,7,5,5,10,66,Finished,7,55,1:21.696,205.038
2021,3,Portuguese Grand Prix,2021-05-02,Autódromo Internacional do Algarve,Portugal,leclerc,16,LEC,Charles,Leclerc,Monegasque,ferrari,Ferrari,Italian,8,6,6,8,66,Finished,6,63,1:21.496,205.541
2021,3,Portuguese Grand Prix,2021-05-02,Autódromo Internacional do Algarve,Portugal,ocon,31,OCO,Esteban,Ocon,French,alpine,Alpine F1 Team,French,6,7,7,6,66,Finished,8,34,1:21.886,204.562
2021,3,Portuguese Grand Prix,2021-05-02,Autódromo Internacional do Algarve,Portugal,alonso,14,ALO,Fernando,Alonso,Spanish,alpine,Alpine F1 Team,French,13,8,8,4,66,Finished,5,66,1:21.032,206.718
2021,3,Portuguese Grand Prix,2021-05-02,Autódromo Internacional do Algarve,Portugal,ricciardo,3,RIC,Daniel,Ricciardo,Australian,mclaren,McLaren,British,16,9,9,2,66,Finished,10,64,1:21.987,204.310
2021,3,Portuguese Grand Prix,2021-05-02,Autódromo Internacional do Algarve,Portugal,gasly,10,GAS,Pierre,Gasly,French,alphatauri,AlphaTauri,Italian,9,10,10,1,66,Finished,11,65,1:22.014,204.243
2021,3,Portuguese Grand Prix,2021-05-02,Autódromo Internacional do Algarve,Portugal,sainz,55,SAI,Carlos,Sainz,Spanish,ferrari,Ferrari,Italian,5,11,11,0,66,Finished,14,60,1:22.325,203.471
2021,3,Portuguese Grand Prix,2021-05-02,Autódromo Internacional do Algarve,Portugal,giovinazzi,99,GIO,Antonio,Giovinazzi,Italian,alfa,Alfa Romeo,Swiss,12,12,12,0,65,+1 Lap,13,60,1:22.167,203.862
2021,3,Portuguese Grand Prix,2021-05-02,Autódromo Internacional do Algarve,Portugal,vettel,5,VET,Sebastian,Vettel,German,aston_martin,Aston Martin,British,10,13,13,0,65,+1 Lap,15,60,1:22.416,203.246
2021,3,Portuguese Grand Prix,2021-05-02,Autódromo Internacional do Algarve,Portugal,stroll,18,STR,Lance,Stroll,Canadian,aston_martin,Aston Martin,British,17,14,14,0,65,+1 Lap,9,59,1:21.970,204.352
2021,3,Portuguese Grand Prix,2021-05-02,Autódromo Internacional do Algarve,Portugal,tsunoda,22,TSU,Yuki,Tsunoda,Japanese,alphatauri,AlphaTauri,Italian,14,15,15,0,65,+1 Lap,12,61,1:22.058,204.133
2021,3,Portuguese Grand Prix,2021-05-02,Autódromo Internacional do Algarve,Portugal,russell,63,RUS,George,Russell,British,williams,Williams,British,11,16,16,0,65,+1 Lap,16,60,1:22.654,202.661
2021,3,Portuguese Grand Prix,2021-05-02,Autódromo Internacional do Algarve,Portugal,mick_schumacher,47,MSC,Mick,Schumacher,German,haas,Haas F1 Team,American,19,17,17,0,64,+2 Laps,17,61,1:22.755,202.414
2021,3,Portuguese Grand Prix,2021-05-02,Autódromo Internacional do Algarve,Portugal,latifi,6,LAT,Nicholas,Latifi,Canadian,williams,Williams,British,18,18,18,0,64,+2 Laps,18,60,1:23.155,201.440
2021,3,Portuguese Grand Prix,2021-05-02,Autódromo Internacional do Algarve,Portugal,mazepin,9,MAZ,Nikita,Mazepin,Russian,haas,Haas F1 Team,American,20,19,19,0,64,+2 Laps,19,64,1:23.641,200.270
2021,3,Portuguese Grand Prix,2021-05-02,Autódromo Internacional do Algarve,Portugal,raikkonen,7,RAI,Kimi,Räikkönen,Finnish,alfa,Alfa Romeo,Swiss,15,20,R,0,1,Collision damage,,,,
2021,4,Spanish Grand Prix,2021-05-09,Circuit de Barcelona-Catalunya,Spain,hamilton,44,HAM,Lewis,Hamilton,British,mercedes,Mercedes,German,1,1,1,25,66,Finished,5,54,1:20.665,208.640
2021,4,Spanish Grand Prix,2021-05-09,Circuit de Barcelona-Catalunya,Spain,max_verstappen,33,VER,Max,Verstappen,Dutch,red_bull,Red Bull,Austrian,2,2,2,19,66,Finished,1,62,1:18.149,215.357
2021,4,Spanish Grand Prix,2021-05-09,Circuit de Barcelona-Catalunya,Spain,bottas,77,BOT,Valtteri,Bottas,Finnish,mercedes,Mercedes,German,3,3,3,15,66,Finished,2,65,1:19.430,211.884
2021,4,Spanish Grand Prix,2021-05-09,Circuit de Barcelona-Catalunya,Spain,leclerc,16,LEC,Charles,Leclerc,Monegasque,ferrari,Ferrari,Italian,4,4,4,12,66,Finished,4,64,1:20.459,209.174
2021,4,Spanish Grand Prix,2021-05-09,Circuit de Barcelona-Catalunya,Spain,perez,11,PER,Sergio,Pérez,Mexican,red_bull,Red Bull,Austrian,8,5,5,10,66,Finished,3,60,1:19.483,211.743
2021,4,Spanish Grand Prix,2021-05-09,Circuit de Barcelona-Catalunya,Spain,ricciardo,3,RIC,Daniel,Ricciardo,Australian,mclaren,McLaren,British,7,6,6,8,66,Finished,10,60,1:21.853,205.612
2021,4,Spanish Grand Prix,2021-05-09,Circuit de Barcelona-Catalunya,Spain,sainz,55,SAI,Carlos,Sainz,Spanish,ferrari,Ferrari,Italian,6,7,7,6,66,Finished,9,53,1:21.568,206.330
2021,4,Spanish Grand Prix,2021-05-09,Circuit de Barcelona-Catalunya,Spain,norris,4,NOR,Lando,Norris,British,mclaren,McLaren,British,9,8,8,4,65,+1 Lap,7,56,1:21.279,207.064
2021,4,Spanish Grand Prix,2021-05-09,Circuit de Barcelona-Catalunya,Spain,ocon,31,OCO,Esteban,Ocon,French,alpine,Alpine F1 Team,French,5,9,9,2,65,+1 Lap,18,46,1:23.311,202.014
2021,4,Spanish Grand Prix,2021-05-09,Circuit de Barcelona-Catalunya,Spain,gasly,10,GAS,Pierre,Gasly,French,alphatauri,AlphaTauri,Italian,12,10,10,1,65,+1 Lap,8,64,1:21.375,206.820
2021,4,Spanish Grand Prix,2021-05-09,Circuit de Barcelona-Catalunya,Spain,stroll,18,STR,Lance,Stroll,Canadian,aston_martin,Aston Martin,British,11,11,11,0,65,+1 Lap,11,47,1:22.607,203.735
2021,4,Spanish Grand Prix,2021-05-09,Circuit de Barcelona-Catalunya,Spain,raikkonen,7,RAI,Kimi,Räikkönen,Finnish,alfa,Alfa Romeo,Swiss,17,12,12,0,65,+1 Lap,15,54,1:22.868,203.094
2021,4,Spanish Grand Prix,2021-05-09,Circuit de Barcelona-Catalunya,Spain,vettel,5,VET,Sebastian,Vettel,German,aston_martin,Aston Martin,British,13,13,13,0,65,+1 Lap,14,56,1:22.820,203.211
2021,4,Spanish Grand Prix,2021-05-09,Circuit de Barcelona-Catalunya,Spain,russell,63,RUS,George,Russell,British,williams,Williams,British,15,14,14,0,65,+1 Lap,17,30,1:23.208,202.264
2021,4,Spanish Grand Prix,2021-05-09,Circuit de Barcelona-Catalunya,Spain,giovinazzi,99,GIO,Antonio,Giovinazzi,Italian,alfa,Alfa Romeo,Swiss,14,15,15,0,65,+1 Lap,13,42,1:22.802,203.255
2021,4,Spanish Grand Prix,2021-05-09,Circuit de Barcelona-Catalunya,Spain,latifi,6,LAT,Nicholas,Latifi,Canadian,williams,Williams,British,19,16,16,0,65,+1 Lap,16,57,1:22.905,203.003
2021,4,Spanish Grand Prix,2021-05-09,Circuit de Barcelona-Catalunya,Spain,alonso,14,ALO,Fernando,Alonso,Spanish,alpine,Alpine F1 Team,French,10,17,17,0,65,+1 Lap,6,63,1:21.182,207.311
2021,4,Spanish Grand Prix,2021-05-09,Circuit de Barcelona-Catalunya,Spain,mick_schumacher,47,MSC,Mick,Schumacher,German,haas,Haas F1 Team,American,18,18,18,0,64,+2 Laps,12,54,1:22.637,203.661
2021,4,Spanish Grand Prix,2021-05-09,Circuit de Barcelona-Catalunya,Spain,mazepin,9,MAZ,Nikita,Mazepin,Russian,haas,Haas F1 Team,American,20,19,19,0,64,+2 Laps,19,45,1:24.040,200.261
2021,4,Spanish Grand Prix,2021-05-09,Circuit de Barcelona-Catalunya,Spain,tsunoda,22,TSU,Yuki,Tsunoda,Japanese,alphatauri,AlphaTauri,Italian,16,20,R,0,6,Electrical,20,5,1:24.825,198.408
2021,5,Monaco Grand Prix,2021-05-23,Circuit de Monaco,Monaco,max_verstappen,33,VER,Max,Verstappen,Dutch,red_bull,Red Bull,Austrian,2,1,1,25,78,Finished,6,58,1:14.649,160.929
2021,5,Monaco Grand Prix,2021-05-23,Circuit de Monaco,Monaco,sainz,55,SAI,Carlos,Sainz,Spanish,ferrari,Ferrari,Italian,4,2,2,18,78,Finished,5,35,1:14.621,160.989
2021,5,Monaco Grand Prix,2021-05-23,Circuit de Monaco,Monaco,norris,4,NOR,Lando,Norris,British,mclaren,McLaren,British,5,3,3,15,78,Finished,7,76,1:14.670,160.883
2021,5,Monaco Grand Prix,2021-05-23,Circuit de Monaco,Monaco,perez,11,PER,Sergio,Pérez,Mexican,red_bull,Red Bull,Austrian,9,4,4,12,78,Finished,3,32,1:14.552,161.138
2021,5,Monaco Grand Prix,2021-05-23,Circuit de Monaco,Monaco,vettel,5,VET,Sebastian,Vettel,German,aston_martin,Aston Martin,British,8,5,5,10,78,Finished,11,33,1:15.316,159.503
2021,5,Monaco Grand Prix,2021-05-23,Circuit de Monaco,Monaco,gasly,10,GAS,Pierre,Gasly,French,alphatauri,AlphaTauri,Italian,6,6,6,8,78,Finished,14,71,1:15.412,159.300
2021,5,Monaco Grand Prix,2021-05-23,Circuit de Monaco,Monaco,hamilton,44,HAM,Lewis,Hamilton,British,mercedes,Mercedes,German,7,7,7,7,78,Finished,1,69,1:12.909,164.769
2021,5,Monaco Grand Prix,2021-05-23,Circuit de Monaco,Monaco,stroll,18,STR,Lance,Stroll,Canadian,aston_martin,Aston Martin,British,13,8,8,4,77,+1 Lap,8,74,1:14.674,160.875
2021,5,Monaco Grand Prix,2021-05-23,Circuit de Monaco,Monaco,ocon,31,OCO,Esteban,Ocon,French,alpine,Alpine F1 Team,French,11,9,9,2,77,+1 Lap,12,41,1:15.316,159.503
2021,5,Monaco Grand Prix,2021-05-23,Circuit de Monaco,Monaco,giovinazzi,99,GIO,Antonio,Giovinazzi,Italian,alfa,Alfa Romeo,Swiss,10,10,10,1,77,+1 Lap,13,41,1:15.331,159.472
2021,5,Monaco Grand Prix,2021-05-23,Circuit de Monaco,Monaco,raikkonen,7,RAI,Kimi,Räikkönen,Finnish,alfa,Alfa Romeo,Swiss,14,11,11,0,77,+1 Lap,9,55,1:14.971,160.237
2021,5,Monaco Grand Prix,2021-05-23,Circuit de Monaco,Monaco,ricciardo,3,RIC,Daniel,Ricciardo,Australian,mclaren,McLaren,British,12,12,12,0,77,+1 Lap,4,43,1:14.578,161.082
2021,5,Monaco Grand Prix,2021-05-23,Circuit de Monaco,Monaco,alonso,14,ALO,Fernando,Alonso,Spanish,alpine,Alpine F1 Team,French,17,13,13,0,77,+1 Lap,10,70,1:15.026,160.120
2021,5,Monaco Grand Prix,2021-05-23,Circuit de Monaco,Monaco,russell,63,RUS,George,Russell,British,williams,Williams,British,15,14,14,0,77,+1 Lap,15,59,1:15.539,159.033
2021,5,Monaco Grand Prix,2021-05-23,Circuit de Monaco,Monaco,latifi,6,LAT,Nicholas,Latifi,Canadian,williams,Williams,British,18,15,15,0,77,+1 Lap,16,66,1:15.573,158.961
2021,5,Monaco Grand Prix,2021-05-23,Circuit de Monaco,Monaco,tsunoda,22,TSU,Yuki,Tsunoda,Japanese,alphatauri,AlphaTauri,Italian,16,16,16,0,77,+1 Lap,2,66,1:14.037,162.259
2021,5,Monaco Grand Prix,2021-05-23,Circuit de Monaco,Monaco,mazepin,9,MAZ,Nikita,Mazepin,Russian,haas,Haas F1 Team,American,19,17,17,0,75,+3 Laps,19,64,1:16.866,156.287
2021,5,Monaco Grand Prix,2021-05-23,Circuit de Monaco,Monaco,mick_schumacher,47,MSC,Mick,Schumacher,German,haas,Haas F1 Team,American,20,18,18,0,75,+3 Laps,18,51,1:16.425,157.189
2021,5,Monaco Grand Prix,2021-05-23,Circuit de Monaco,Monaco,bottas,77,BOT,Valtteri,Bottas,Finnish,mercedes,Mercedes,German,3,19,R,0,29,Wheel nut,17,18,1:15.706,158.682
2021,5,Monaco Grand Prix,2021-05-23,Circuit de Monaco,Monaco,leclerc,16,LEC,Charles,Leclerc,Monegasque,ferrari,Ferrari,Italian,1,20,W,0,0,Driveshaft,,,,
2021,6,Azerbaijan Grand Prix,2021-06-06,Baku City Circuit,Azerbaijan,perez,11,PER,Sergio,Pérez,Mexican,red_bull,Red Bull,Austrian,6,1,1,25,51,Finished,2,45,1:44.687,206.432
2021,6,Azerbaijan Grand Prix,2021-06-06,Baku City Circuit,Azerbaijan,vettel,5,VET,Sebastian,Vettel,German,aston_martin,Aston Martin,British,11,2,2,18,51,Finished,4,41,1:44.890,206.032
2021,6,Azerbaijan Grand Prix,2021-06-06,Baku City Circuit,Azerbaijan,gasly,10,GAS,Pierre,Gasly,French,alphatauri,AlphaTauri,Italian,4,3,3,15,51,Finished,6,44,1:45.220,205.386
2021,6,Azerbaijan Grand Prix,2021-06-06,Baku City Circuit,Azerbaijan,leclerc,16,LEC,Charles,Leclerc,Monegasque,ferrari,Ferrari,Italian,1,4,4,12,51,Finished,8,46,1:45.382,205.071
2021,6,Azerbaijan Grand Prix,2021-06-06,Baku City Circuit,Azerbaijan,norris,4,NOR,Lando,Norris,British,mclaren,McLaren,British,9,5,5,10,51,Finished,7,41,1:45.326,205.180
2021,6,Azerbaijan Grand Prix,2021-06-06,Baku City Circuit,Azerbaijan,alonso,14,ALO,Fernando,Alonso,Spanish,alpine,Alpine F1 Team,French,8,6,6,8,51,Finished,11,42,1:45.624,204.601
2021,6,Azerbaijan Grand Prix,2021-06-06,Baku City Circuit,Azerbaijan,tsunoda,22,TSU,Yuki,Tsunoda,Japanese,alphatauri,AlphaTauri,Italian,7,7,7,6,51,Finished,5,46,1:44.939,205.936
2021,6,Azerbaijan Grand Prix,2021-06-06,Baku City Circuit,Azerbaijan,sainz,55,SAI,Carlos,Sainz,Spanish,ferrari,Ferrari,Italian,5,8,8,4,51,Finished,13,42,1:45.700,204.454
2021,6,Azerbaijan Grand Prix,2021-06-06,Baku City Circuit,Azerbaijan,ricciardo,3,RIC,Daniel,Ricciardo,Australian,mclaren,McLaren,British,13,9,9,2,51,Finished,14,43,1:45.713,204.428
2021,6,Azerbaijan Grand Prix,2021-06-06,Baku City Circuit,Azerbaijan,raikkonen,7,RAI,Kimi,Räikkönen,Finnish,alfa,Alfa Romeo,Swiss,14,10,10,1,51,Finished,10,43,1:45.601,204.645
2021,6,Azerbaijan Grand Prix,2021-06-06,Baku City Circuit,Azerbaijan,giovinazzi,99,GIO,Antonio,Giovinazzi,Italian,alfa,Alfa Romeo,Swiss,20,11,11,0,51,Finished,9,44,1:45.575,204.696
2021,6,Azerbaijan Grand Prix,2021-06-06,Baku City Circuit,Azerbaijan,bottas,77,BOT,Valtteri,Bottas,Finnish,mercedes,Mercedes,German,10,12,12,0,51,Finished,12,43,1:45.665,204.521
2021,6,Azerbaijan Grand Prix,2021-06-06,Baku City Circuit,Azerbaijan,mick_schumacher,47,MSC,Mick,Schumacher,German,haas,Haas F1 Team,American,17,13,13,0,51,Finished,18,41,1:47.624,200.799
2021,6,Azerbaijan Grand Prix,2021-06-06,Baku City Circuit,Azerbaijan,mazepin,9,MAZ,Nikita,Mazepin,Russian,haas,Haas F1 Team,American,18,14,14,0,51,Finished,19,40,1:47.747,200.569
2021,6,Azerbaijan Grand Prix,2021-06-06,Baku City Circuit,Azerbaijan,hamilton,44,HAM,Lewis,Hamilton,British,mercedes,Mercedes,German,2,15,15,0,51,Finished,3,43,1:44.769,206.270
2021,6,Azerbaijan Grand Prix,2021-06-06,Baku City Circuit,Azerbaijan,latifi,6,LAT,Nicholas,Latifi,Canadian,williams,Williams,British,16,16,16,0,51,Finished,17,42,1:46.608,202.712
2021,6,Azerbaijan Grand Prix,2021-06-06,Baku City Circuit,Azerbaijan,russell,63,RUS,George,Russell,British,williams,Williams,British,15,17,R,0,48,Gearbox,15,43,1:45.959,203.954
2021,6,Azerbaijan Grand Prix,2021-06-06,Baku City Circuit,Azerbaijan,max_verstappen,33,VER,Max,Verstappen,Dutch,red_bull,Red Bull,Austrian,3,18,R,0,45,Accident,1,44,1:44.481,206.839
2021,6,Azerbaijan Grand Prix,2021-06-06,Baku City Circuit,Azerbaijan,stroll,18,STR,Lance,Stroll,Canadian,aston_martin,Aston Martin,British,19,19,R,0,29,Accident,16,28,1:46.207,203.478
2021,6,Azerbaijan Grand Prix,2021-06-06,Baku City Circuit,Azerbaijan,ocon,31,OCO,Esteban,Ocon,French,alpine,Alpine F1 Team,French,12,20,R,0,3,Turbo,20,2,1:50.850,194.955
2021,7,French Grand Prix,2021-06-20,Circuit Paul Ricard,France,max_verstappen,33,VER,Max,Verstappen,Dutch,red_bull,Red Bull,Austrian,1,1,1,26,53,Finished,1,35,1:36.404,218.156
2021,7,French Grand Prix,2021-06-20,Circuit Paul Ricard,France,hamilton,44,HAM,Lewis,Hamilton,British,mercedes,Mercedes,German,2,2,2,18,53,Finished,5,44,1:37.410,215.903
2021,7,French Grand Prix,2021-06-20,Circuit Paul Ricard,France,perez,11,PER,Sergio,Pérez,Mexican,red_bull,Red Bull,Austrian,4,3,3,15,53,Finished,2,53,1:36.693,217.504
2021,7,French Grand Prix,2021-06-20,Circuit Paul Ricard,France,bottas,77,BOT,Valtteri,Bottas,Finnish,mercedes,Mercedes,German,3,4,4,12,53,Finished,3,19,1:36.960,216.905
2021,7,French Grand Prix,2021-06-20,Circuit Paul Ricard,France,norris,4,NOR,Lando,Norris,British,mclaren,McLaren,British,8,5,5,10,53,Finished,6,52,1:37.425,215.870
2021,7,French Grand Prix,2021-06-20,Circuit Paul Ricard,France,ricciardo,3,RIC,Daniel,Ricciardo,Australian,mclaren,McLaren,British,10,6,6,8,53,Finished,14,45,1:38.324,213.896
2021,7,French Grand Prix,2021-06-20,Circuit Paul Ricard,France,gasly,10,GAS,Pierre,Gasly,French,alphatauri,AlphaTauri,Italian,6,7,7,6,53,Finished,11,44,1:38.103,214.378
2021,7,French Grand Prix,2021-06-20,Circuit Paul Ricard,France,alonso,14,ALO,Fernando,Alonso,Spanish,alpine,Alpine F1 Team,French,9,8,8,4,53,Finished,7,44,1:37.646,215.382
2021,7,French Grand Prix,2021-06-20,Circuit Paul Ricard,France,vettel,5,VET,Sebastian,Vettel,German,aston_martin,Aston Martin,British,12,9,9,2,53,Finished,4,52,1:37.138,216.508
2021,7,French Grand Prix,2021-06-20,Circuit Paul Ricard,France,stroll,18,STR,Lance,Stroll,Canadian,aston_martin,Aston Martin,British,19,10,10,1,53,Finished,9,44,1:37.828,214.981
2021,7,French Grand Prix,2021-06-20,Circuit Paul Ricard,France,sainz,55,SAI,Carlos,Sainz,Spanish,ferrari,Ferrari,Italian,5,11,11,0,53,Finished,18,19,1:38.931,212.584
2021,7,French Grand Prix,2021-06-20,Circuit Paul Ricard,France,russell,63,RUS,George,Russell,British,williams,Williams,British,14,12,12,0,52,+1 Lap,13,52,1:38.314,213.918
2021,7,French Grand Prix,2021-06-20,Circuit Paul Ricard,France,tsunoda,22,TSU,Yuki,Tsunoda,Japanese,alphatauri,AlphaTauri,Italian,0,13,13,0,52,+1 Lap,19,18,1:38.980,212.479
2021,7,French Grand Prix,2021-06-20,Circuit Paul Ricard,France,ocon,31,OCO,Esteban,Ocon,French,alpine,Alpine F1 Team,French,11,14,14,0,52,+1 Lap,15,33,1:38.645,213.200
2021,7,French Grand Prix,2021-06-20,Circuit Paul Ricard,France,giovinazzi,99,GIO,Antonio,Giovinazzi,Italian,alfa,Alfa Romeo,Swiss,13,15,15,0,52,+1 Lap,16,36,1:38.702,213.077
2021,7,French Grand Prix,2021-06-20,Circuit Paul Ricard,France,leclerc,16,LEC,Charles,Leclerc,Monegasque,ferrari,Ferrari,Italian,7,16,16,0,52,+1 Lap,8,43,1:37.681,215.304
2021,7,French Grand Prix,2021-06-20,Circuit Paul Ricard,France,raikkonen,7,RAI,Kimi,Räikkönen,Finnish,alfa,Alfa Romeo,Swiss,17,17,17,0,52,+1 Lap,10,46,1:37.992,214.621
2021,7,French Grand Prix,2021-06-20,Circuit Paul Ricard,France,latifi,6,LAT,Nicholas,Latifi,Canadian,williams,Williams,British,16,18,18,0,52,+1 Lap,12,50,1:38.313,213.920
2021,7,French Grand Prix,2021-06-20,Circuit Paul Ricard,France,mick_schumacher,47,MSC,Mick,Schumacher,German,haas,Haas F1 Team,American,15,19,19,0,52,+1 Lap,17,51,1:38.847,212.765
2021,7,French Grand Prix,2021-06-20,Circuit Paul Ricard,France,mazepin,9,MAZ,Nikita,Mazepin,Russian,haas,Haas F1 Team,American,18,20,20,0,52,+1 Lap,20,34,1:39.317,211.758
2021,8,Styrian Grand Prix,2021-06-27,Red Bull Ring,Austria,max_verstappen,33,VER,Max,Verstappen,Dutch,red_bull,Red Bull,Austrian,1,1,1,25,71,Finished,3,68,1:08.017,228.542
2021,8,Styrian Grand Prix,2021-06-27,Red Bull Ring,Austria,hamilton,44,HAM,Lewis,Hamilton,British,mercedes,Mercedes,German,2,2,2,19,71,Finished,1,71,1:07.058,231.811
2021,8,Styrian Grand Prix,2021-06-27,Red Bull Ring,Austria,bottas,77,BOT,Valtteri,Bottas,Finnish,mercedes,Mercedes,German,5,3,3,15,71,Finished,5,43,1:08.619,226.537
2021,8,Styrian Grand Prix,2021-06-27,Red Bull Ring,Austria,perez,11,PER,Sergio,Pérez,Mexican,red_bull,Red Bull,Austrian,4,4,4,12,71,Finished,2,57,1:07.894,228.956
2021,8,Styrian Grand Prix,2021-06-27,Red Bull Ring,Austria,norris,4,NOR,Lando,Norris,British,mclaren,McLaren,British,3,5,5,10,70,+1 Lap,7,65,1:08.903,225.604
2021,8,Styrian Grand Prix,2021-06-27,Red Bull Ring,Austria,sainz,55,SAI,Carlos,Sainz,Spanish,ferrari,Ferrari,Italian,12,6,6,8,70,+1 Lap,4,64,1:08.609,226.570
2021,8,Styrian Grand Prix,2021-06-27,Red Bull Ring,Austria,leclerc,16,LEC,Charles,Leclerc,Monegasque,ferrari,Ferrari,Italian,7,7,7,6,70,+1 Lap,6,64,1:08.738,226.145
2021,8,Styrian Grand Prix,2021-06-27,Red Bull Ring,Austria,stroll,18,STR,Lance,Stroll,Canadian,aston_martin,Aston Martin,British,9,8,8,4,70,+1 Lap,14,32,1:09.787,222.746
2021,8,Styrian Grand Prix,2021-06-27,Red Bull Ring,Austria,alonso,14,ALO,Fernando,Alonso,Spanish,alpine,Alpine F1 Team,French,8,9,9,2,70,+1 Lap,13,61,1:09.749,222.867
2021,8,Styrian Grand Prix,2021-06-27,Red Bull Ring,Austria,tsunoda,22,TSU,Yuki,Tsunoda,Japanese,alphatauri,AlphaTauri,Italian,11,10,10,1,70,+1 Lap,11,41,1:09.650,223.184
2021,8,Styrian Grand Prix,2021-06-27,Red Bull Ring,Austria,raikkonen,7,RAI,Kimi,Räikkönen,Finnish,alfa,Alfa Romeo,Swiss,18,11,11,0,70,+1 Lap,8,57,1:09.128,224.869
2021,8,Styrian Grand Prix,2021-06-27,Red Bull Ring,Austria,vettel,5,VET,Sebastian,Vettel,German,aston_martin,Aston Martin,British,14,12,12,0,70,+1 Lap,15,64,1:09.821,222.637
2021,8,Styrian Grand Prix,2021-06-27,Red Bull Ring,Austria,ricciardo,3,RIC,Daniel,Ricciardo,Australian,mclaren,McLaren,British,13,13,13,0,70,+1 Lap,9,45,1:09.305,224.295
2021,8,Styrian Grand Prix,2021-06-27,Red Bull Ring,Austria,ocon,31,OCO,Esteban,Ocon,French,alpine,Alpine F1 Team,French,17,14,14,0,70,+1 Lap,10,70,1:09.576,223.421
2021,8,Styrian Grand Prix,2021-06-27,Red Bull Ring,Austria,giovinazzi,99,GIO,Antonio,Giovinazzi,Italian,alfa,Alfa Romeo,Swiss,15,15,15,0,70,+1 Lap,12,39,1:09.723,222.950
2021,8,Styrian Grand Prix,2021-06-27,Red Bull Ring,Austria,mick_schumacher,47,MSC,Mick,Schumacher,German,haas,Haas F1 Team,American,19,16,16,0,69,+2 Laps,16,57,1:10.005,222.052
2021,8,Styrian Grand Prix,2021-06-27,Red Bull Ring,Austria,latifi,6,LAT,Nicholas,Latifi,Canadian,williams,Williams,British,16,17,17,0,68,+3 Laps,17,34,1:10.104,221.739
2021,8,Styrian Grand Prix,2021-06-27,Red Bull Ring,Austria,mazepin,9,MAZ,Nikita,Mazepin,Russian,haas,Haas F1 Team,American,20,18,18,0,68,+3 Laps,19,39,1:10.951,219.092
2021,8,Styrian Grand Prix,2021-06-27,Red Bull Ring,Austria,russell,63,RUS,George,Russell,British,williams,Williams,British,10,19,R,0,36,Engine,18,28,1:10.499,220.496
2021,8,Styrian Grand Prix,2021-06-27,Red Bull Ring,Austria,gasly,10,GAS,Pierre,Gasly,French,alphatauri,AlphaTauri,Italian,6,20,R,0,1,Collision,,,,
2021,9,Austrian Grand Prix,2021-07-04,Red Bull Ring,Austria,max_verstappen,33,VER,Max,Verstappen,Dutch,red_bull,Red Bull,Austrian,1,1,1,26,71,Finished,1,62,1:06.200,234.815
2021,9,Austrian Grand Prix,2021-07-04,Red Bull Ring,Austria,bottas,77,BOT,Valtteri,Bottas,Finnish,mercedes,Mercedes,German,5,2,2,18,71,Finished,6,52,1:08.374,227.349
2021,9,Austrian Grand Prix,2021-07-04,Red Bull Ring,Austria,norris,4,NOR,Lando,Norris,British,mclaren,McLaren,British,2,3,3,15,71,Finished,10,62,1:08.471,227.027
2021,9,Austrian Grand Prix,2021-07-04,Red Bull Ring,Austria,hamilton,44,HAM,Lewis,Hamilton,British,mercedes,Mercedes,German,4,4,4,12,71,Finished,3,55,1:08.126,228.177
2021,9,Austrian Grand Prix,2021-07-04,Red Bull Ring,Austria,sainz,55,SAI,Carlos,Sainz,Spanish,ferrari,Ferrari,Italian,10,5,5,10,71,Finished,2,70,1:07.762,229.402
2021,9,Austrian Grand Prix,2021-07-04,Red Bull Ring,Austria,perez,11,PER,Sergio,Pérez,Mexican,red_bull,Red Bull,Austrian,3,6,6,8,71,Finished,5,55,1:08.192,227.956
2021,9,Austrian Grand Prix,2021-07-04,Red Bull Ring,Austria,ricciardo,3,RIC,Daniel,Ricciardo,Australian,mclaren,McLaren,British,13,7,7,6,71,Finished,14,56,1:08.820,225.876
2021,9,Austrian Grand Prix,2021-07-04,Red Bull Ring,Austria,leclerc,16,LEC,Charles,Leclerc,Monegasque,ferrari,Ferrari,Italian,12,8,8,4,71,Finished,13,55,1:08.698,226.277
2021,9,Austrian Grand Prix,2021-07-04,Red Bull Ring,Austria,gasly,10,GAS,Pierre,Gasly,French,alphatauri,AlphaTauri,Italian,6,9,9,2,71,Finished,4,54,1:08.146,228.110
2021,9,Austrian Grand Prix,2021-07-04,Red Bull Ring,Austria,alonso,14,ALO,Fernando,Alonso,Spanish,alpine,Alpine F1 Team,French,14,10,10,1,70,+1 Lap,7,70,1:08.405,227.246
2021,9,Austrian Grand Prix,2021-07-04,Red Bull Ring,Austria,russell,63,RUS,George,Russell,British,williams,Williams,British,8,11,11,0,70,+1 Lap,16,56,1:08.900,225.613
2021,9,Austrian Grand Prix,2021-07-04,Red Bull Ring,Austria,tsunoda,22,TSU,Yuki,Tsunoda,Japanese,alphatauri,AlphaTauri,Italian,7,12,12,0,70,+1 Lap,9,54,1:08.455,227.080
2021,9,Austrian Grand Prix,2021-07-04,Red Bull Ring,Austria,stroll,18,STR,Lance,Stroll,Canadian,aston_martin,Aston Martin,British,9,13,13,0,70,+1 Lap,12,54,1:08.659,226.405
2021,9,Austrian Grand Prix,2021-07-04,Red Bull Ring,Austria,giovinazzi,99,GIO,Antonio,Giovinazzi,Italian,alfa,Alfa Romeo,Swiss,15,14,14,0,70,+1 Lap,17,55,1:09.042,225.149
2021,9,Austrian Grand Prix,2021-07-04,Red Bull Ring,Austria,raikkonen,7,RAI,Kimi,Räikkönen,Finnish,alfa,Alfa Romeo,Swiss,16,15,15,0,70,+1 Lap,15,69,1:08.874,225.699
2021,9,Austrian Grand Prix,2021-07-04,Red Bull Ring,Austria,latifi,6,LAT,Nicholas,Latifi,Canadian,williams,Williams,British,18,16,16,0,70,+1 Lap,11,62,1:08.520,226.865
2021,9,Austrian Grand Prix,2021-07-04,Red Bull Ring,Austria,vettel,5,VET,Sebastian,Vettel,German,aston_martin,Aston Martin,British,11,17,17,0,69,Collision,8,51,1:08.420,227.196
2021,9,Austrian Grand Prix,2021-07-04,Red Bull Ring,Austria,mick_schumacher,47,MSC,Mick,Schumacher,German,haas,Haas F1 Team,American,19,18,18,0,69,+2 Laps,18,56,1:09.394,224.007
2021,9,Austrian Grand Prix,2021-07-04,Red Bull Ring,Austria,mazepin,9,MAZ,Nikita,Mazepin,Russian,haas,Haas F1 Team,American,20,19,19,0,69,+2 Laps,19,49,1:09.757,222.842
2021,9,Austrian Grand Prix,2021-07-04,Red Bull Ring,Austria,ocon,31,OCO,Esteban,Ocon,French,alpine,Alpine F1 Team,French,17,20,R,0,0,Collision,,,,
2021,10,British Grand Prix,2021-07-18,Silverstone Circuit,UK,hamilton,44,HAM,Lewis,Hamilton,British,mercedes,Mercedes,German,2,1,1,25,52,Finished,2,45,1:29.699,236.430
2021,10,British Grand Prix,2021-07-18,Silverstone Circuit,UK,leclerc,16,LEC,Charles,Leclerc,Monegasque,ferrari,Ferrari,Italian,4,2,2,18,52,Finished,5,45,1:30.569,234.159
2021,10,British Grand Prix,2021-07-18,Silverstone Circuit,UK,bottas,77,BOT,Valtteri,Bottas,Finnish,mercedes,Mercedes,German,3,3,3,15,52,Finished,4,45,1:30.524,234.275
2021,10,British Grand Prix,2021-07-18,Silverstone Circuit,UK,norris,4,NOR,Lando,Norris,British,mclaren,McLaren,British,5,4,4,12,52,Finished,9,44,1:31.420,231.979
2021,10,British Grand Prix,2021-07-18,Silverstone Circuit,UK,ricciardo,3,RIC,Daniel,Ricciardo,Australian,mclaren,McLaren,British,6,5,5,10,52,Finished,8,51,1:31.284,232.325
2021,10,British Grand Prix,2021-07-18,Silverstone Circuit,UK,sainz,55,SAI,Carlos,Sainz,Spanish,ferrari,Ferrari,Italian,10,6,6,8,52,Finished,7,51,1:31.223,232.480
2021,10,British Grand Prix,2021-07-18,Silverstone Circuit,UK,alonso,14,ALO,Fernando,Alonso,Spanish,alpine,Alpine F1 Team,French,7,7,7,6,52,Finished,10,48,1:31.698,231.276
2021,10,British Grand Prix,2021-07-18,Silverstone Circuit,UK,stroll,18,STR,Lance,Stroll,Canadian,aston_martin,Aston Martin,British,14,8,8,4,52,Finished,12,48,1:31.992,230.537
2021,10,British Grand Prix,2021-07-18,Silverstone Circuit,UK,ocon,31,OCO,Esteban,Ocon,French,alpine,Alpine F1 Team,French,9,9,9,2,52,Finished,14,48,1:32.210,229.992
2021,10,British Grand Prix,2021-07-18,Silverstone Circuit,UK,tsunoda,22,TSU,Yuki,Tsunoda,Japanese,alphatauri,AlphaTauri,Italian,16,10,10,1,52,Finished,6,51,1:30.826,233.497
2021,10,British Grand Prix,2021-07-18,Silverstone Circuit,UK,gasly,10,GAS,Pierre,Gasly,French,alphatauri,AlphaTauri,Italian,11,11,11,0,52,Finished,3,52,1:30.266,234.945
2021,10,British Grand Prix,2021-07-18,Silverstone Circuit,UK,russell,63,RUS,George,Russell,British,williams,Williams,British,12,12,12,0,51,+1 Lap,13,49,1:32.049,230.394
2021,10,British Grand Prix,2021-07-18,Silverstone Circuit,UK,giovinazzi,99,GIO,Antonio,Giovinazzi,Italian,alfa,Alfa Romeo,Swiss,15,13,13,0,51,+1 Lap,15,49,1:32.346,229.653
2021,10,British Grand Prix,2021-07-18,Silverstone Circuit,UK,latifi,6,LAT,Nicholas,Latifi,Canadian,williams,Williams,British,17,14,14,0,51,+1 Lap,16,51,1:32.477,229.328
2021,10,British Grand Prix,2021-07-18,Silverstone Circuit,UK,raikkonen,7,RAI,Kimi,Räikkönen,Finnish,alfa,Alfa Romeo,Swiss,13,15,15,0,51,+1 Lap,11,48,1:31.895,230.780
2021,10,British Grand Prix,2021-07-18,Silverstone Circuit,UK,perez,11,PER,Sergio,Pérez,Mexican,red_bull,Red Bull,Austrian,0,16,16,0,51,+1 Lap,1,50,1:28.617,239.317
2021,10,British Grand Prix,2021-07-18,Silverstone Circuit,UK,mazepin,9,MAZ,Nikita,Mazepin,Russian,haas,Haas F1 Team,American,19,17,17,0,51,+1 Lap,18,51,1:32.909,228.262
2021,10,British Grand Prix,2021-07-18,Silverstone Circuit,UK,mick_schumacher,47,MSC,Mick,Schumacher,German,haas,Haas F1 Team,American,18,18,18,0,51,+1 Lap,17,50,1:32.862,228.377
2021,10,British Grand Prix,2021-07-18,Silverstone Circuit,UK,vettel,5,VET,Sebastian,Vettel,German,aston_martin,Aston Martin,British,8,19,R,0,40,Retired,19,35,1:33.059,227.894
2021,10,British Grand Prix,2021-07-18,Silverstone Circuit,UK,max_verstappen,33,VER,Max,Verstappen,Dutch,red_bull,Red Bull,Austrian,1,20,R,0,0,Collision,,,,
2021,11,Hungarian Grand Prix,2021-08-01,Hungaroring,Hungary,ocon,31,OCO,Esteban,Ocon,French,alpine,Alpine F1 Team,French,8,1,1,25,70,Finished,5,54,1:21.421,193.704
2021,11,Hungarian Grand Prix,2021-08-01,Hungaroring,Hungary,hamilton,44,HAM,Lewis,Hamilton,British,mercedes,Mercedes,German,1,2,2,18,70,Finished,2,49,1:18.715,200.363
2021,11,Hungarian Grand Prix,2021-08-01,Hungaroring,Hungary,sainz,55,SAI,Carlos,Sainz,Spanish,ferrari,Ferrari,Italian,15,3,3,15,70,Finished,6,54,1:21.423,193.699
2021,11,Hungarian Grand Prix,2021-08-01,Hungaroring,Hungary,alonso,14,ALO,Fernando,Alonso,Spanish,alpine,Alpine F1 Team,French,9,4,4,12,70,Finished,3,41,1:20.359,196.264
2021,11,Hungarian Grand Prix,2021-08-01,Hungaroring,Hungary,gasly,10,GAS,Pierre,Gasly,French,alphatauri,AlphaTauri,Italian,5,5,5,11,70,Finished,1,70,1:18.394,201.183
2021,11,Hungarian Grand Prix,2021-08-01,Hungaroring,Hungary,tsunoda,22,TSU,Yuki,Tsunoda,Japanese,alphatauri,AlphaTauri,Italian,16,6,6,8,70,Finished,10,43,1:22.450,191.286
2021,11,Hungarian Grand Prix,2021-08-01,Hungaroring,Hungary,latifi,6,LAT,Nicholas,Latifi,Canadian,williams,Williams,British,18,7,7,6,70,Finished,14,62,1:22.831,190.406
2021,11,Hungarian Grand Prix,2021-08-01,Hungaroring,Hungary,russell,63,RUS,George,Russell,British,williams,Williams,British,17,8,8,4,70,Finished,9,62,1:22.112,192.074
2021,11,Hungarian Grand Prix,2021-08-01,Hungaroring,Hungary,max_verstappen,33,VER,Max,Verstappen,Dutch,red_bull,Red Bull,Austrian,3,9,9,2,70,Finished,4,43,1:20.945,194.843
2021,11,Hungarian Grand Prix,2021-08-01,Hungaroring,Hungary,raikkonen,7,RAI,Kimi,Räikkönen,Finnish,alfa,Alfa Romeo,Swiss,13,10,10,1,69,+1 Lap,8,58,1:21.518,193.473
2021,11,Hungarian Grand Prix,2021-08-01,Hungaroring,Hungary,ricciardo,3,RIC,Daniel,Ricciardo,Australian,mclaren,McLaren,British,11,11,11,0,69,+1 Lap,13,58,1:22.802,190.473
2021,11,Hungarian Grand Prix,2021-08-01,Hungaroring,Hungary,mick_schumacher,47,MSC,Mick,Schumacher,German,haas,Haas F1 Team,American,20,12,12,0,69,+1 Lap,11,44,1:22.711,190.683
2021,11,Hungarian Grand Prix,2021-08-01,Hungaroring,Hungary,giovinazzi,99,GIO,Antonio,Giovinazzi,Italian,alfa,Alfa Romeo,Swiss,0,13,13,0,69,+1 Lap,12,44,1:22.736,190.625
2021,11,Hungarian Grand Prix,2021-08-01,Hungaroring,Hungary,mazepin,9,MAZ,Nikita,Mazepin,Russian,haas,Haas F1 Team,American,19,14,R,0,3,Collision,,,,
2021,11,Hungarian Grand Prix,2021-08-01,Hungaroring,Hungary,norris,4,NOR,Lando,Norris,British,mclaren,McLaren,British,6,15,R,0,2,Collision,,,,
2021,11,Hungarian Grand Prix,2021-08-01,Hungaroring,Hungary,bottas,77,BOT,Valtteri,Bottas,Finnish,mercedes,Mercedes,German,2,16,R,0,0,Collision,,,,
2021,11,Hungarian Grand Prix,2021-08-01,Hungaroring,Hungary,perez,11,PER,Sergio,Pérez,Mexican,red_bull,Red Bull,Austrian,4,17,R,0,0,Collision,,,,
2021,11,Hungarian Grand Prix,2021-08-01,Hungaroring,Hungary,leclerc,16,LEC,Charles,Leclerc,Monegasque,ferrari,Ferrari,Italian,7,18,R,0,0,Collision,,,,
2021,11,Hungarian Grand Prix,2021-08-01,Hungaroring,Hungary,stroll,18,STR,Lance,Stroll,Canadian,aston_martin,Aston Martin,British,12,19,R,0,0,Collision,,,,
2021,11,Hungarian Grand Prix,2021-08-01,Hungaroring,Hungary,vettel,5,VET,Sebastian,Vettel,German,aston_martin,Aston Martin,British,10,20,D,0,70,Disqualified,7,60,1:21.459,193.613
2021,12,Belgian Grand Prix,2021-08-29,Circuit de Spa-Francorchamps,Belgium,max_verstappen,33,VER,Max,Verstappen,Dutch,red_bull,Red Bull,Austrian,1,1,1,12.5,1,Finished,,,,
2021,12,Belgian Grand Prix,2021-08-29,Circuit de Spa-Francorchamps,Belgium,russell,63,RUS,George,Russell,British,williams,Williams,British,2,2,2,9,1,Finished,,,,
2021,12,Belgian Grand Prix,2021-08-29,Circuit de Spa-Francorchamps,Belgium,hamilton,44,HAM,Lewis,Hamilton,British,mercedes,Mercedes,German,3,3,3,7.5,1,Finished,,,,
2021,12,Belgian Grand Prix,2021-08-29,Circuit de Spa-Francorchamps,Belgium,ricciardo,3,RIC,Daniel,Ricciardo,Australian,mclaren,McLaren,British,4,4,4,6,1,Finished,,,,
2021,12,Belgian Grand Prix,2021-08-29,Circuit de Spa-Francorchamps,Belgium,vettel,5,VET,Sebastian,Vettel,German,aston_martin,Aston Martin,British,5,5,5,5,1,Finished,,,,
2021,12,Belgian Grand Prix,2021-08-29,Circuit de Spa-Francorchamps,Belgium,gasly,10,GAS,Pierre,Gasly,French,alphatauri,AlphaTauri,Italian,6,6,6,4,1,Finished,,,,
2021,12,Belgian Grand Prix,2021-08-29,Circuit de Spa-Francorchamps,Belgium,ocon,31,OCO,Esteban,Ocon,French,alpine,Alpine F1 Team,French,8,7,7,3,1,Finished,,,,
2021,12,Belgian Grand Prix,2021-08-29,Circuit de Spa-Francorchamps,Belgium,leclerc,16,LEC,Charles,Leclerc,Monegasque,ferrari,Ferrari,Italian,9,8,8,2,1,Finished,,,,
2021,12,Belgian Grand Prix,2021-08-29,Circuit de Spa-Francorchamps,Belgium,latifi,6,LAT,Nicholas,Latifi,Canadian,williams,Williams,British,10,9,9,1,1,Finished,,,,
2021,12,Belgian Grand Prix,2021-08-29,Circuit de Spa-Francorchamps,Belgium,sainz,55,SAI,Carlos,Sainz,Spanish,ferrari,Ferrari,Italian,11,10,10,0.5,1,Finished,,,,
2021,12,Belgian Grand Prix,2021-08-29,Circuit de Spa-Francorchamps,Belgium,alonso,14,ALO,Fernando,Alonso,Spanish,alpine,Alpine F1 Team,French,12,11,11,0,1,Finished,,,,
2021,12,Belgian Grand Prix,2021-08-29,Circuit de Spa-Francorchamps,Belgium,bottas,77,BOT,Valtteri,Bottas,Finnish,mercedes,Mercedes,German,13,12,12,0,1,Finished,,,,
2021,12,Belgian Grand Prix,2021-08-29,Circuit de Spa-Francorchamps,Belgium,giovinazzi,99,GIO,Antonio,Giovinazzi,Italian,alfa,Alfa Romeo,Swiss,14,13,13,0,1,Finished,,,,
2021,12,Belgian Grand Prix,2021-08-29,Circuit de Spa-Francorchamps,Belgium,norris,4,NOR,Lando,Norris,British,mclaren,McLaren,British,15,14,14,0,1,Finished,,,,
2021,12,Belgian Grand Prix,2021-08-29,Circuit de Spa-Francorchamps,Belgium,tsunoda,22,TSU,Yuki,Tsunoda,Japanese,alphatauri,AlphaTauri,Italian,16,15,15,0,1,Finished,,,,
2021,12,Belgian Grand Prix,2021-08-29,Circuit de Spa-Francorchamps,Belgium,mick_schumacher,47,MSC,Mick,Schumacher,German,haas,Haas F1 Team,American,17,16,16,0,1,Finished,,,,
2021,12,Belgian Grand Prix,2021-08-29,Circuit de Spa-Francorchamps,Belgium,mazepin,9,MAZ,Nikita,Mazepin,Russian,haas,Haas F1 Team,American,18,17,17,0,1,Finished,,,,
2021,12,Belgian Grand Prix,2021-08-29,Circuit de Spa-Francorchamps,Belgium,raikkonen,7,RAI,Kimi,Räikkönen,Finnish,alfa,Alfa Romeo,Swiss,0,18,18,0,1,Finished,,,,
2021,12,Belgian Grand Prix,2021-08-29,Circuit de Spa-Francorchamps,Belgium,perez,11,PER,Sergio,Pérez,Mexican,red_bull,Red Bull,Austrian,0,19,19,0,1,Finished,,,,
2021,12,Belgian Grand Prix,2021-08-29,Circuit de Spa-Francorchamps,Belgium,stroll,18,STR,Lance,Stroll,Canadian,aston_martin,Aston Martin,British,19,20,20,0,1,Finished,,,,
2021,13,Dutch Grand Prix,2021-09-05,Circuit Park Zandvoort,Netherlands,max_verstappen,33,VER,Max,Verstappen,Dutch,red_bull,Red Bull,Austrian,1,1,1,25,72,Finished,3,60,1:13.275,209.244
2021,13,Dutch Grand Prix,2021-09-05,Circuit Park Zandvoort,Netherlands,hamilton,44,HAM,Lewis,Hamilton,British,mercedes,Mercedes,German,2,2,2,19,72,Finished,1,72,1:11.097,215.654
2021,13,Dutch Grand Prix,2021-09-05,Circuit Park Zandvoort,Netherlands,bottas,77,BOT,Valtteri,Bottas,Finnish,mercedes,Mercedes,German,3,3,3,15,72,Finished,2,69,1:12.549,211.338
2021,13,Dutch Grand Prix,2021-09-05,Circuit Park Zandvoort,Netherlands,gasly,10,GAS,Pierre,Gasly,French,alphatauri,AlphaTauri,Italian,4,4,4,12,71,+1 Lap,10,57,1:14.818,204.929
2021,13,Dutch Grand Prix,2021-09-05,Circuit Park Zandvoort,Netherlands,leclerc,16,LEC,Charles,Leclerc,Monegasque,ferrari,Ferrari,Italian,5,5,5,10,71,+1 Lap,9,58,1:14.780,205.033
2021,13,Dutch Grand Prix,2021-09-05,Circuit Park Zandvoort,Netherlands,alonso,14,ALO,Fernando,Alonso,Spanish,alpine,Alpine F1 Team,French,9,6,6,8,71,+1 Lap,7,60,1:14.323,206.294
2021,13,Dutch Grand Prix,2021-09-05,Circuit Park Zandvoort,Netherlands,sainz,55,SAI,Carlos,Sainz,Spanish,ferrari,Ferrari,Italian,6,7,7,6,71,+1 Lap,13,45,1:15.260,203.725
2021,13,Dutch Grand Prix,2021-09-05,Circuit Park Zandvoort,Netherlands,perez,11,PER,Sergio,Pérez,Mexican,red_bull,Red Bull,Austrian,0,8,8,4,71,+1 Lap,4,59,1:13.461,208.714
2021,13,Dutch Grand Prix,2021-09-05,Circuit Park Zandvoort,Netherlands,ocon,31,OCO,Esteban,Ocon,French,alpine,Alpine F1 Team,French,8,9,9,2,71,+1 Lap,8,54,1:14.675,205.321
2021,13,Dutch Grand Prix,2021-09-05,Circuit Park Zandvoort,Netherlands,norris,4,NOR,Lando,Norris,British,mclaren,McLaren,British,13,10,10,1,71,+1 Lap,6,48,1:14.236,206.535
2021,13,Dutch Grand Prix,2021-09-05,Circuit Park Zandvoort,Netherlands,ricciardo,3,RIC,Daniel,Ricciardo,Australian,mclaren,McLaren,British,10,11,11,0,71,+1 Lap,11,59,1:14.920,204.650
2021,13,Dutch Grand Prix,2021-09-05,Circuit Park Zandvoort,Netherlands,stroll,18,STR,Lance,Stroll,Canadian,aston_martin,Aston Martin,British,12,12,12,0,70,+2 Laps,15,57,1:15.611,202.780
2021,13,Dutch Grand Prix,2021-09-05,Circuit Park Zandvoort,Netherlands,vettel,5,VET,Sebastian,Vettel,German,aston_martin,Aston Martin,British,15,13,13,0,70,+2 Laps,5,63,1:13.958,207.312
2021,13,Dutch Grand Prix,2021-09-05,Circuit Park Zandvoort,Netherlands,giovinazzi,99,GIO,Antonio,Giovinazzi,Italian,alfa,Alfa Romeo,Swiss,7,14,14,0,70,+2 Laps,12,66,1:15.125,204.091
2021,13,Dutch Grand Prix,2021-09-05,Circuit Park Zandvoort,Netherlands,kubica,88,KUB,Robert,Kubica,Polish,alfa,Alfa Romeo,Swiss,16,15,15,0,70,+2 Laps,14,44,1:15.442,203.234
2021,13,Dutch Grand Prix,2021-09-05,Circuit Park Zandvoort,Netherlands,latifi,6,LAT,Nicholas,Latifi,Canadian,williams,Williams,British,0,16,16,0,70,+2 Laps,18,25,1:15.790,202.301
2021,13,Dutch Grand Prix,2021-09-05,Circuit Park Zandvoort,Netherlands,russell,63,RUS,George,Russell,British,williams,Williams,British,11,17,17,0,69,Gearbox,16,57,1:15.628,202.734
2021,13,Dutch Grand Prix,2021-09-05,Circuit Park Zandvoort,Netherlands,mick_schumacher,47,MSC,Mick,Schumacher,German,haas,Haas F1 Team,American,17,18,18,0,69,+3 Laps,19,36,1:15.927,201.936
2021,13,Dutch Grand Prix,2021-09-05,Circuit Park Zandvoort,Netherlands,tsunoda,22,TSU,Yuki,Tsunoda,Japanese,alphatauri,AlphaTauri,Italian,14,19,R,0,48,Power Unit,17,44,1:15.783,202.319
2021,13,Dutch Grand Prix,2021-09-05,Circuit Park Zandvoort,Netherlands,mazepin,9,MAZ,Nikita,Mazepin,Russian,haas,Haas F1 Team,American,18,20,R,0,41,Hydraulics,20,35,1:16.066,201.567
2021,14,Italian Grand Prix,2021-09-12,Autodromo Nazionale di Monza,Italy,ricciardo,3,RIC,Daniel,Ricciardo,Australian,mclaren,McLaren,British,2,1,1,26,53,Finished,1,53,1:24.812,245.894
2021,14,Italian Grand Prix,2021-09-12,Autodromo Nazionale di Monza,Italy,norris,4,NOR,Lando,Norris,British,mclaren,McLaren,British,3,2,2,18,53,Finished,3,53,1:24.971,245.434
2021,14,Italian Grand Prix,2021-09-12,Autodromo Nazionale di Monza,Italy,bottas,77,BOT,Valtteri,Bottas,Finnish,mercedes,Mercedes,German,19,3,3,15,53,Finished,2,34,1:24.827,245.850
2021,14,Italian Grand Prix,2021-09-12,Autodromo Nazionale di Monza,Italy,leclerc,16,LEC,Charles,Leclerc,Monegasque,ferrari,Ferrari,Italian,5,4,4,12,53,Finished,6,53,1:25.319,244.433
2021,14,Italian Grand Prix,2021-09-12,Autodromo Nazionale di Monza,Italy,perez,11,PER,Sergio,Pérez,Mexican,red_bull,Red Bull,Austrian,8,5,5,10,53,Finished,4,53,1:25.156,244.901
2021,14,Italian Grand Prix,2021-09-12,Autodromo Nazionale di Monza,Italy,sainz,55,SAI,Carlos,Sainz,Spanish,ferrari,Ferrari,Italian,6,6,6,8,53,Finished,8,53,1:25.559,243.747
2021,14,Italian Grand Prix,2021-09-12,Autodromo Nazionale di Monza,Italy,stroll,18,STR,Lance,Stroll,Canadian,aston_martin,Aston Martin,British,9,7,7,6,53,Finished,13,52,1:25.853,242.912
2021,14,Italian Grand Prix,2021-09-12,Autodromo Nazionale di Monza,Italy,alonso,14,ALO,Fernando,Alonso,Spanish,alpine,Alpine F1 Team,French,10,8,8,4,53,Finished,7,52,1:25.472,243.995
2021,14,Italian Grand Prix,2021-09-12,Autodromo Nazionale di Monza,Italy,russell,63,RUS,George,Russell,British,williams,Williams,British,14,9,9,2,53,Finished,11,53,1:25.835,242.963
2021,14,Italian Grand Prix,2021-09-12,Autodromo Nazionale di Monza,Italy,ocon,31,OCO,Esteban,Ocon,French,alpine,Alpine F1 Team,French,12,10,10,1,53,Finished,9,53,1:25.566,243.727
2021,14,Italian Grand Prix,2021-09-12,Autodromo Nazionale di Monza,Italy,latifi,6,LAT,Nicholas,Latifi,Canadian,williams,Williams,British,13,11,11,0,53,Finished,16,50,1:25.953,242.630
2021,14,Italian Grand Prix,2021-09-12,Autodromo Nazionale di Monza,Italy,vettel,5,VET,Sebastian,Vettel,German,aston_martin,Aston Martin,British,11,12,12,0,53,Finished,15,50,1:25.938,242.672
2021,14,Italian Grand Prix,2021-09-12,Autodromo Nazionale di Monza,Italy,giovinazzi,99,GIO,Antonio,Giovinazzi,Italian,alfa,Alfa Romeo,Swiss,7,13,13,0,53,Finished,10,50,1:25.718,243.295
2021,14,Italian Grand Prix,2021-09-12,Autodromo Nazionale di Monza,Italy,kubica,88,KUB,Robert,Kubica,Polish,alfa,Alfa Romeo,Swiss,17,14,14,0,53,Finished,12,53,1:25.849,242.924
2021,14,Italian Grand Prix,2021-09-12,Autodromo Nazionale di Monza,Italy,mick_schumacher,47,MSC,Mick,Schumacher,German,haas,Haas F1 Team,American,18,15,15,0,53,Finished,17,52,1:26.707,240.520
2021,14,Italian Grand Prix,2021-09-12,Autodromo Nazionale di Monza,Italy,mazepin,9,MAZ,Nikita,Mazepin,Russian,haas,Haas F1 Team,American,16,16,R,0,41,Power Unit,18,41,1:27.202,239.155
2021,14,Italian Grand Prix,2021-09-12,Autodromo Nazionale di Monza,Italy,hamilton,44,HAM,Lewis,Hamilton,British,mercedes,Mercedes,German,4,17,R,0,25,Collision,14,3,1:25.870,242.864
2021,14,Italian Grand Prix,2021-09-12,Autodromo Nazionale di Monza,Italy,max_verstappen,33,VER,Max,Verstappen,Dutch,red_bull,Red Bull,Austrian,1,18,R,0,25,Collision,5,25,1:25.173,244.852
2021,14,Italian Grand Prix,2021-09-12,Autodromo Nazionale di Monza,Italy,gasly,10,GAS,Pierre,Gasly,French,alphatauri,AlphaTauri,Italian,0,19,R,0,3,Suspension,19,2,1:29.005,234.310
2021,14,Italian Grand Prix,2021-09-12,Autodromo Nazionale di Monza,Italy,tsunoda,22,TSU,Yuki,Tsunoda,Japanese,alphatauri,AlphaTauri,Italian,0,20,W,0,0,Brakes,,,,
2021,15,Russian Grand Prix,2021-09-26,Sochi Autodrom,Russia,hamilton,44,HAM,Lewis,Hamilton,British,mercedes,Mercedes,German,4,1,1,25,53,Finished,2,43,1:37.575,215.760
2021,15,Russian Grand Prix,2021-09-26,Sochi Autodrom,Russia,max_verstappen,33,VER,Max,Verstappen,Dutch,red_bull,Red Bull,Austrian,20,2,2,18,53,Finished,5,28,1:38.396,213.959
2021,15,Russian Grand Prix,2021-09-26,Sochi Autodrom,Russia,sainz,55,SAI,Carlos,Sainz,Spanish,ferrari,Ferrari,Italian,2,3,3,15,53,Finished,12,40,1:39.294,212.024
2021,15,Russian Grand Prix,2021-09-26,Sochi Autodrom,Russia,ricciardo,3,RIC,Daniel,Ricciardo,Australian,mclaren,McLaren,British,5,4,4,12,53,Finished,9,24,1:39.124,212.388
2021,15,Russian Grand Prix,2021-09-26,Sochi Autodrom,Russia,bottas,77,BOT,Valtteri,Bottas,Finnish,mercedes,Mercedes,German,16,5,5,10,53,Finished,3,31,1:38.216,214.352
2021,15,Russian Grand Prix,2021-09-26,Sochi Autodrom,Russia,alonso,14,ALO,Fernando,Alonso,Spanish,alpine,Alpine F1 Team,French,6,6,6,8,53,Finished,6,44,1:38.686,213.331
2021,15,Russian Grand Prix,2021-09-26,Sochi Autodrom,Russia,norris,4,NOR,Lando,Norris,British,mclaren,McLaren,British,1,7,7,7,53,Finished,1,39,1:37.423,216.096
2021,15,Russian Grand Prix,2021-09-26,Sochi Autodrom,Russia,raikkonen,7,RAI,Kimi,Räikkönen,Finnish,alfa,Alfa Romeo,Swiss,13,8,8,4,53,Finished,16,34,1:40.289,209.921
2021,15,Russian Grand Prix,2021-09-26,Sochi Autodrom,Russia,perez,11,PER,Sergio,Pérez,Mexican,red_bull,Red Bull,Austrian,8,9,9,2,53,Finished,10,45,1:39.215,212.193
2021,15,Russian Grand Prix,2021-09-26,Sochi Autodrom,Russia,russell,63,RUS,George,Russell,British,williams,Williams,British,3,10,10,1,53,Finished,18,40,1:40.596,209.280
2021,15,Russian Grand Prix,2021-09-26,Sochi Autodrom,Russia,stroll,18,STR,Lance,Stroll,Canadian,aston_martin,Aston Martin,British,7,11,11,0,53,Finished,17,35,1:40.464,209.555
2021,15,Russian Grand Prix,2021-09-26,Sochi Autodrom,Russia,vettel,5,VET,Sebastian,Vettel,German,aston_martin,Aston Martin,British,10,12,12,0,52,+1 Lap,11,44,1:39.251,212.116
2021,15,Russian Grand Prix,2021-09-26,Sochi Autodrom,Russia,gasly,10,GAS,Pierre,Gasly,French,alphatauri,AlphaTauri,Italian,11,13,13,0,52,+1 Lap,4,35,1:38.279,214.214
2021,15,Russian Grand Prix,2021-09-26,Sochi Autodrom,Russia,ocon,31,OCO,Esteban,Ocon,French,alpine,Alpine F1 Team,French,9,14,14,0,52,+1 Lap,19,34,1:40.598,209.276
2021,15,Russian Grand Prix,2021-09-26,Sochi Autodrom,Russia,leclerc,16,LEC,Charles,Leclerc,Monegasque,ferrari,Ferrari,Italian,19,15,15,0,52,+1 Lap,7,45,1:38.994,212.667
2021,15,Russian Grand Prix,2021-09-26,Sochi Autodrom,Russia,giovinazzi,99,GIO,Antonio,Giovinazzi,Italian,alfa,Alfa Romeo,Swiss,17,16,16,0,52,+1 Lap,8,39,1:39.058,212.530
2021,15,Russian Grand Prix,2021-09-26,Sochi Autodrom,Russia,tsunoda,22,TSU,Yuki,Tsunoda,Japanese,alphatauri,AlphaTauri,Italian,12,17,17,0,52,+1 Lap,13,42,1:39.960,210.612
2021,15,Russian Grand Prix,2021-09-26,Sochi Autodrom,Russia,mazepin,9,MAZ,Nikita,Mazepin,Russian,haas,Haas F1 Team,American,15,18,18,0,51,+2 Laps,20,24,1:41.713,206.982
2021,15,Russian Grand Prix,2021-09-26,Sochi Autodrom,Russia,latifi,6,LAT,Nicholas,Latifi,Canadian,williams,Williams,British,18,19,19,0,47,Accident,14,42,1:40.000,210.528
2021,15,Russian Grand Prix,2021-09-26,Sochi Autodrom,Russia,mick_schumacher,47,MSC,Mick,Schumacher,German,haas,Haas F1 Team,American,14,20,R,0,32,Oil leak,15,22,1:40.276,209.948
2021,16,Turkish Grand Prix,2021-10-10,Istanbul Park,Turkey,bottas,77,BOT,Valtteri,Bottas,Finnish,mercedes,Mercedes,German,1,1,1,26,58,Finished,1,58,1:30.432,212.500
2021,16,Turkish Grand Prix,2021-10-10,Istanbul Park,Turkey,max_verstappen,33,VER,Max,Verstappen,Dutch,red_bull,Red Bull,Austrian,2,2,2,18,58,Finished,9,53,1:32.759,207.169
2021,16,Turkish Grand Prix,2021-10-10,Istanbul Park,Turkey,perez,11,PER,Sergio,Pérez,Mexican,red_bull,Red Bull,Austrian,6,3,3,15,58,Finished,4,53,1:32.459,207.841
2021,16,Turkish Grand Prix,2021-10-10,Istanbul Park,Turkey,leclerc,16,LEC,Charles,Leclerc,Monegasque,ferrari,Ferrari,Italian,3,4,4,12,58,Finished,8,57,1:32.737,207.218
2021,16,Turkish Grand Prix,2021-10-10,Istanbul Park,Turkey,hamilton,44,HAM,Lewis,Hamilton,British,mercedes,Mercedes,German,11,5,5,10,58,Finished,10,52,1:32.763,207.160
2021,16,Turkish Grand Prix,2021-10-10,Istanbul Park,Turkey,gasly,10,GAS,Pierre,Gasly,French,alphatauri,AlphaTauri,Italian,4,6,6,8,58,Finished,11,50,1:32.814,207.046
2021,16,Turkish Grand Prix,2021-10-10,Istanbul Park,Turkey,norris,4,NOR,Lando,Norris,British,mclaren,McLaren,British,7,7,7,6,58,Finished,3,50,1:32.446,207.870
2021,16,Turkish Grand Prix,2021-10-10,Istanbul Park,Turkey,sainz,55,SAI,Carlos,Sainz,Spanish,ferrari,Ferrari,Italian,19,8,8,4,58,Finished,2,49,1:31.921,209.057
2021,16,Turkish Grand Prix,2021-10-10,Istanbul Park,Turkey,stroll,18,STR,Lance,Stroll,Canadian,aston_martin,Aston Martin,British,8,9,9,2,58,Finished,6,58,1:32.608,207.506
2021,16,Turkish Grand Prix,2021-10-10,Istanbul Park,Turkey,ocon,31,OCO,Esteban,Ocon,French,alpine,Alpine F1 Team,French,12,10,10,1,57,+1 Lap,19,24,1:34.584,203.171
2021,16,Turkish Grand Prix,2021-10-10,Istanbul Park,Turkey,giovinazzi,99,GIO,Antonio,Giovinazzi,Italian,alfa,Alfa Romeo,Swiss,16,11,11,0,57,+1 Lap,13,57,1:32.904,206.845
2021,16,Turkish Grand Prix,2021-10-10,Istanbul Park,Turkey,raikkonen,7,RAI,Kimi,Räikkönen,Finnish,alfa,Alfa Romeo,Swiss,17,12,12,0,57,+1 Lap,5,50,1:32.586,207.556
2021,16,Turkish Grand Prix,2021-10-10,Istanbul Park,Turkey,ricciardo,3,RIC,Daniel,Ricciardo,Australian,mclaren,McLaren,British,20,13,13,0,57,+1 Lap,15,34,1:33.255,206.067
2021,16,Turkish Grand Prix,2021-10-10,Istanbul Park,Turkey,tsunoda,22,TSU,Yuki,Tsunoda,Japanese,alphatauri,AlphaTauri,Italian,9,14,14,0,57,+1 Lap,12,54,1:32.844,206.979
2021,16,Turkish Grand Prix,2021-10-10,Istanbul Park,Turkey,russell,63,RUS,George,Russell,British,williams,Williams,British,13,15,15,0,57,+1 Lap,16,53,1:33.399,205.749
2021,16,Turkish Grand Prix,2021-10-10,Istanbul Park,Turkey,alonso,14,ALO,Fernando,Alonso,Spanish,alpine,Alpine F1 Team,French,5,16,16,0,57,+1 Lap,14,55,1:33.252,206.073
2021,16,Turkish Grand Prix,2021-10-10,Istanbul Park,Turkey,latifi,6,LAT,Nicholas,Latifi,Canadian,williams,Williams,British,15,17,17,0,57,+1 Lap,17,48,1:33.672,205.149
2021,16,Turkish Grand Prix,2021-10-10,Istanbul Park,Turkey,vettel,5,VET,Sebastian,Vettel,German,aston_martin,Aston Martin,British,10,18,18,0,57,+1 Lap,7,54,1:32.730,207.233
2021,16,Turkish Grand Prix,2021-10-10,Istanbul Park,Turkey,mick_schumacher,47,MSC,Mick,Schumacher,German,haas,Haas F1 Team,American,14,19,19,0,56,+2 Laps,18,52,1:34.209,203.980
2021,16,Turkish Grand Prix,2021-10-10,Istanbul Park,Turkey,mazepin,9,MAZ,Nikita,Mazepin,Russian,haas,Haas F1 Team,American,18,20,20,0,56,+2 Laps,20,52,1:35.438,201.353
2021,17,United States Grand Prix,2021-10-24,Circuit of the Americas,USA,max_verstappen,33,VER,Max,Verstappen,Dutch,red_bull,Red Bull,Austrian,1,1,1,25,56,Finished,2,52,1:39.096,200.278
2021,17,United States Grand Prix,2021-10-24,Circuit of the Americas,USA,hamilton,44,HAM,Lewis,Hamilton,British,mercedes,Mercedes,German,2,2,2,19,56,Finished,1,41,1:38.485,201.521
2021,17,United States Grand Prix,2021-10-24,Circuit of the Americas,USA,perez,11,PER,Sergio,Pérez,Mexican,red_bull,Red Bull,Austrian,3,3,3,15,56,Finished,4,32,1:39.566,199.333
2021,17,United States Grand Prix,2021-10-24,Circuit of the Americas,USA,leclerc,16,LEC,Charles,Leclerc,Monegasque,ferrari,Ferrari,Italian,4,4,4,12,56,Finished,3,41,1:39.303,199.861
2021,17,United States Grand Prix,2021-10-24,Circuit of the Americas,USA,ricciardo,3,RIC,Daniel,Ricciardo,Australian,mclaren,McLaren,British,6,5,5,10,56,Finished,8,43,1:40.345,197.785
2021,17,United States Grand Prix,2021-10-24,Circuit of the Americas,USA,bottas,77,BOT,Valtteri,Bottas,Finnish,mercedes,Mercedes,German,9,6,6,8,56,Finished,6,41,1:40.147,198.176
2021,17,United States Grand Prix,2021-10-24,Circuit of the Americas,USA,sainz,55,SAI,Carlos,Sainz,Spanish,ferrari,Ferrari,Italian,5,7,7,6,56,Finished,9,40,1:40.377,197.722
2021,17,United States Grand Prix,2021-10-24,Circuit of the Americas,USA,norris,4,NOR,Lando,Norris,British,mclaren,McLaren,British,7,8,8,4,56,Finished,7,41,1:40.228,198.016
2021,17,United States Grand Prix,2021-10-24,Circuit of the Americas,USA,tsunoda,22,TSU,Yuki,Tsunoda,Japanese,alphatauri,AlphaTauri,Italian,10,9,9,2,55,+1 Lap,13,47,1:41.151,196.209
2021,17,United States Grand Prix,2021-10-24,Circuit of the Americas,USA,vettel,5,VET,Sebastian,Vettel,German,aston_martin,Aston Martin,British,18,10,10,1,55,+1 Lap,10,40,1:40.481,197.517
2021,17,United States Grand Prix,2021-10-24,Circuit of the Americas,USA,giovinazzi,99,GIO,Antonio,Giovinazzi,Italian,alfa,Alfa Romeo,Swiss,12,11,11,0,55,+1 Lap,12,44,1:41.145,196.221
2021,17,United States Grand Prix,2021-10-24,Circuit of the Americas,USA,stroll,18,STR,Lance,Stroll,Canadian,aston_martin,Aston Martin,British,13,12,12,0,55,+1 Lap,14,36,1:41.189,196.135
2021,17,United States Grand Prix,2021-10-24,Circuit of the Americas,USA,raikkonen,7,RAI,Kimi,Räikkönen,Finnish,alfa,Alfa Romeo,Swiss,15,13,13,0,55,+1 Lap,15,43,1:41.340,195.843
2021,17,United States Grand Prix,2021-10-24,Circuit of the Americas,USA,russell,63,RUS,George,Russell,British,williams,Williams,British,20,14,14,0,55,+1 Lap,11,36,1:41.120,196.269
2021,17,United States Grand Prix,2021-10-24,Circuit of the Americas,USA,latifi,6,LAT,Nicholas,Latifi,Canadian,williams,Williams,British,14,15,15,0,55,+1 Lap,17,46,1:41.818,194.924
2021,17,United States Grand Prix,2021-10-24,Circuit of the Americas,USA,mick_schumacher,47,MSC,Mick,Schumacher,German,haas,Haas F1 Team,American,16,16,16,0,54,+2 Laps,16,36,1:41.395,195.737
2021,17,United States Grand Prix,2021-10-24,Circuit of the Americas,USA,mazepin,9,MAZ,Nikita,Mazepin,Russian,haas,Haas F1 Team,American,17,17,17,0,54,+2 Laps,20,42,1:42.886,192.900
2021,17,United States Grand Prix,2021-10-24,Circuit of the Americas,USA,alonso,14,ALO,Fernando,Alonso,Spanish,alpine,Alpine F1 Team,French,19,18,R,0,49,Rear wing,5,46,1:40.067,198.335
2021,17,United States Grand Prix,2021-10-24,Circuit of the Americas,USA,ocon,31,OCO,Esteban,Ocon,French,alpine,Alpine F1 Team,French,11,19,R,0,40,Mechanical,19,28,1:42.194,194.207
2021,17,United States Grand Prix,2021-10-24,Circuit of the Americas,USA,gasly,10,GAS,Pierre,Gasly,French,alphatauri,AlphaTauri,Italian,8,20,R,0,14,Suspension,18,12,1:42.015,194.547
2021,18,Mexico City Grand Prix,2021-11-07,Autódromo Hermanos Rodríguez,Mexico,max_verstappen,33,VER,Max,Verstappen,Dutch,red_bull,Red Bull,Austrian,3,1,1,25,71,Finished,2,52,1:18.999,196.134
2021,18,Mexico City Grand Prix,2021-11-07,Autódromo Hermanos Rodríguez,Mexico,hamilton,44,HAM,Lewis,Hamilton,British,mercedes,Mercedes,German,2,2,2,18,71,Finished,4,66,1:19.820,194.116
2021,18,Mexico City Grand Prix,2021-11-07,Autódromo Hermanos Rodríguez,Mexico,perez,11,PER,Sergio,Pérez,Mexican,red_bull,Red Bull,Austrian,4,3,3,15,71,Finished,3,49,1:19.468,194.976
2021,18,Mexico City Grand Prix,2021-11-07,Autódromo Hermanos Rodríguez,Mexico,gasly,10,GAS,Pierre,Gasly,French,alphatauri,AlphaTauri,Italian,5,4,4,12,71,Finished,7,66,1:20.510,192.453
2021,18,Mexico City Grand Prix,2021-11-07,Autódromo Hermanos Rodríguez,Mexico,leclerc,16,LEC,Charles,Leclerc,Monegasque,ferrari,Ferrari,Italian,8,5,5,10,71,Finished,9,63,1:20.665,192.083
2021,18,Mexico City Grand Prix,2021-11-07,Autódromo Hermanos Rodríguez,Mexico,sainz,55,SAI,Carlos,Sainz,Spanish,ferrari,Ferrari,Italian,6,6,6,8,70,+1 Lap,5,63,1:20.081,193.484
2021,18,Mexico City Grand Prix,2021-11-07,Autódromo Hermanos Rodríguez,Mexico,vettel,5,VET,Sebastian,Vettel,German,aston_martin,Aston Martin,British,9,7,7,6,70,+1 Lap,6,70,1:20.460,192.572
2021,18,Mexico City Grand Prix,2021-11-07,Autódromo Hermanos Rodríguez,Mexico,raikkonen,7,RAI,Kimi,Räikkönen,Finnish,alfa,Alfa Romeo,Swiss,10,8,8,4,70,+1 Lap,11,63,1:20.713,191.969
2021,18,Mexico City Grand Prix,2021-11-07,Autódromo Hermanos Rodríguez,Mexico,alonso,14,ALO,Fernando,Alonso,Spanish,alpine,Alpine F1 Team,French,12,9,9,2,70,+1 Lap,10,54,1:20.711,191.973
2021,18,Mexico City Grand Prix,2021-11-07,Autódromo Hermanos Rodríguez,Mexico,norris,4,NOR,Lando,Norris,British,mclaren,McLaren,British,18,10,10,1,70,+1 Lap,8,67,1:20.617,192.197
2021,18,Mexico City Grand Prix,2021-11-07,Autódromo Hermanos Rodríguez,Mexico,giovinazzi,99,GIO,Antonio,Giovinazzi,Italian,alfa,Alfa Romeo,Swiss,11,11,11,0,70,+1 Lap,16,68,1:21.523,190.061
2021,18,Mexico City Grand Prix,2021-11-07,Autódromo Hermanos Rodríguez,Mexico,ricciardo,3,RIC,Daniel,Ricciardo,Australian,mclaren,McLaren,British,7,12,12,0,70,+1 Lap,13,40,1:21.069,191.126
2021,18,Mexico City Grand Prix,2021-11-07,Autódromo Hermanos Rodríguez,Mexico,ocon,31,OCO,Esteban,Ocon,French,alpine,Alpine F1 Team,French,19,13,13,0,70,+1 Lap,14,67,1:21.348,190.470
2021,18,Mexico City Grand Prix,2021-11-07,Autódromo Hermanos Rodríguez,Mexico,stroll,18,STR,Lance,Stroll,Canadian,aston_martin,Aston Martin,British,20,14,14,0,69,+2 Laps,12,61,1:20.930,191.454
2021,18,Mexico City Grand Prix,2021-11-07,Autódromo Hermanos Rodríguez,Mexico,bottas,77,BOT,Valtteri,Bottas,Finnish,mercedes,Mercedes,German,1,15,15,0,69,+2 Laps,1,69,1:17.774,199.223
2021,18,Mexico City Grand Prix,2021-11-07,Autódromo Hermanos Rodríguez,Mexico,russell,63,RUS,George,Russell,British,williams,Williams,British,16,16,16,0,69,+2 Laps,18,61,1:22.016,188.919
2021,18,Mexico City Grand Prix,2021-11-07,Autódromo Hermanos Rodríguez,Mexico,latifi,6,LAT,Nicholas,Latifi,Canadian,williams,Williams,British,13,17,17,0,69,+2 Laps,17,66,1:21.546,190.008
2021,18,Mexico City Grand Prix,2021-11-07,Autódromo Hermanos Rodríguez,Mexico,mazepin,9,MAZ,Nikita,Mazepin,Russian,haas,Haas F1 Team,American,15,18,18,0,68,+3 Laps,15,61,1:21.402,190.344
2021,18,Mexico City Grand Prix,2021-11-07,Autódromo Hermanos Rodríguez,Mexico,mick_schumacher,47,MSC,Mick,Schumacher,German,haas,Haas F1 Team,American,14,19,R,0,0,Collision,,,,
2021,18,Mexico City Grand Prix,2021-11-07,Autódromo Hermanos Rodríguez,Mexico,tsunoda,22,TSU,Yuki,Tsunoda,Japanese,alphatauri,AlphaTauri,Italian,17,20,R,0,0,Collision,,,,
2021,19,São Paulo Grand Prix,2021-11-14,Autódromo José Carlos Pace,Brazil,hamilton,44,HAM,Lewis,Hamilton,British,mercedes,Mercedes,German,10,1,1,25,71,Finished,2,46,1:11.982,215.503
2021,19,São Paulo Grand Prix,2021-11-14,Autódromo José Carlos Pace,Brazil,max_verstappen,33,VER,Max,Verstappen,Dutch,red_bull,Red Bull,Austrian,2,2,2,18,71,Finished,3,47,1:12.486,214.005
2021,19,São Paulo Grand Prix,2021-11-14,Autódromo José Carlos Pace,Brazil,bottas,77,BOT,Valtteri,Bottas,Finnish,mercedes,Mercedes,German,1,3,3,15,71,Finished,4,49,1:12.526,213.887
2021,19,São Paulo Grand Prix,2021-11-14,Autódromo José Carlos Pace,Brazil,perez,11,PER,Sergio,Pérez,Mexican,red_bull,Red Bull,Austrian,4,4,4,13,71,Finished,1,71,1:11.010,218.453
2021,19,São Paulo Grand Prix,2021-11-14,Autódromo José Carlos Pace,Brazil,leclerc,16,LEC,Charles,Leclerc,Monegasque,ferrari,Ferrari,Italian,6,5,5,10,71,Finished,7,61,1:12.822,213.018
2021,19,São Paulo Grand Prix,2021-11-14,Autódromo José Carlos Pace,Brazil,sainz,55,SAI,Carlos,Sainz,Spanish,ferrari,Ferrari,Italian,3,6,6,8,71,Finished,6,63,1:12.710,213.346
2021,19,São Paulo Grand Prix,2021-11-14,Autódromo José Carlos Pace,Brazil,gasly,10,GAS,Pierre,Gasly,French,alphatauri,AlphaTauri,Italian,7,7,7,6,70,+1 Lap,8,53,1:13.227,211.839
2021,19,São Paulo Grand Prix,2021-11-14,Autódromo José Carlos Pace,Brazil,ocon,31,OCO,Esteban,Ocon,French,alpine,Alpine F1 Team,French,8,8,8,4,70,+1 Lap,16,48,1:14.430,208.415
2021,19,São Paulo Grand Prix,2021-11-14,Autódromo José Carlos Pace,Brazil,alonso,14,ALO,Fernando,Alonso,Spanish,alpine,Alpine F1 Team,French,12,9,9,2,70,+1 Lap,12,37,1:13.922,209.848
2021,19,São Paulo Grand Prix,2021-11-14,Autódromo José Carlos Pace,Brazil,norris,4,NOR,Lando,Norris,British,mclaren,McLaren,British,5,10,10,1,70,+1 Lap,10,53,1:13.761,210.306
2021,19,São Paulo Grand Prix,2021-11-14,Autódromo José Carlos Pace,Brazil,vettel,5,VET,Sebastian,Vettel,German,aston_martin,Aston Martin,British,9,11,11,0,70,+1 Lap,9,69,1:13.634,210.668
2021,19,São Paulo Grand Prix,2021-11-14,Autódromo José Carlos Pace,Brazil,raikkonen,7,RAI,Kimi,Räikkönen,Finnish,alfa,Alfa Romeo,Swiss,0,12,12,0,70,+1 Lap,5,54,1:12.621,213.607
2021,19,São Paulo Grand Prix,2021-11-14,Autódromo José Carlos Pace,Brazil,russell,63,RUS,George,Russell,British,williams,Williams,British,17,13,13,0,70,+1 Lap,15,45,1:14.355,208.626
2021,19,São Paulo Grand Prix,2021-11-14,Autódromo José Carlos Pace,Brazil,giovinazzi,99,GIO,Antonio,Giovinazzi,Italian,alfa,Alfa Romeo,Swiss,13,14,14,0,70,+1 Lap,14,44,1:14.227,208.985
2021,19,São Paulo Grand Prix,2021-11-14,Autódromo José Carlos Pace,Brazil,tsunoda,22,TSU,Yuki,Tsunoda,Japanese,alphatauri,AlphaTauri,Italian,15,15,15,0,70,+1 Lap,13,62,1:14.204,209.050
2021,19,São Paulo Grand Prix,2021-11-14,Autódromo José Carlos Pace,Brazil,latifi,6,LAT,Nicholas,Latifi,Canadian,williams,Williams,British,16,16,16,0,70,+1 Lap,18,57,1:14.616,207.896
2021,19,São Paulo Grand Prix,2021-11-14,Autódromo José Carlos Pace,Brazil,mazepin,9,MAZ,Nikita,Mazepin,Russian,haas,Haas F1 Team,American,19,17,17,0,69,+2 Laps,19,36,1:14.954,206.958
2021,19,São Paulo Grand Prix,2021-11-14,Autódromo José Carlos Pace,Brazil,mick_schumacher,47,MSC,Mick,Schumacher,German,haas,Haas F1 Team,American,18,18,18,0,69,+2 Laps,11,66,1:13.793,210.215
2021,19,São Paulo Grand Prix,2021-11-14,Autódromo José Carlos Pace,Brazil,ricciardo,3,RIC,Daniel,Ricciardo,Australian,mclaren,McLaren,British,11,19,R,0,49,Power loss,17,40,1:14.443,208.379
2021,19,São Paulo Grand Prix,2021-11-14,Autódromo José Carlos Pace,Brazil,stroll,18,STR,Lance,Stroll,Canadian,aston_martin,Aston Martin,British,14,20,R,0,47,Collision damage,20,25,1:15.344,205.887
2021,20,Qatar Grand Prix,2021-11-21,Lusail International Circuit,Qatar,hamilton,44,HAM,Lewis,Hamilton,British,mercedes,Mercedes,German,1,1,1,25,57,Finished,2,50,1:25.084,227.633
2021,20,Qatar Grand Prix,2021-11-21,Lusail International Circuit,Qatar,max_verstappen,33,VER,Max,Verstappen,Dutch,red_bull,Red Bull,Austrian,7,2,2,19,57,Finished,1,57,1:23.196,232.799
2021,20,Qatar Grand Prix,2021-11-21,Lusail International Circuit,Qatar,alonso,14,ALO,Fernando,Alonso,Spanish,alpine,Alpine F1 Team,French,3,3,3,15,57,Finished,10,48,1:26.682,223.437
2021,20,Qatar Grand Prix,2021-11-21,Lusail International Circuit,Qatar,perez,11,PER,Sergio,Pérez,Mexican,red_bull,Red Bull,Austrian,11,4,4,12,57,Finished,3,49,1:25.613,226.227
2021,20,Qatar Grand Prix,2021-11-21,Lusail International Circuit,Qatar,ocon,31,OCO,Esteban,Ocon,French,alpine,Alpine F1 Team,French,9,5,5,10,57,Finished,13,46,1:27.061,222.464
2021,20,Qatar Grand Prix,2021-11-21,Lusail International Circuit,Qatar,stroll,18,STR,Lance,Stroll,Canadian,aston_martin,Aston Martin,British,12,6,6,8,57,Finished,17,44,1:27.356,221.713
2021,20,Qatar Grand Prix,2021-11-21,Lusail International Circuit,Qatar,sainz,55,SAI,Carlos,Sainz,Spanish,ferrari,Ferrari,Italian,5,7,7,6,57,Finished,9,46,1:26.570,223.726
2021,20,Qatar Grand Prix,2021-11-21,Lusail International Circuit,Qatar,leclerc,16,LEC,Charles,Leclerc,Monegasque,ferrari,Ferrari,Italian,13,8,8,4,57,Finished,8,46,1:26.555,223.765
2021,20,Qatar Grand Prix,2021-11-21,Lusail International Circuit,Qatar,norris,4,NOR,Lando,Norris,British,mclaren,McLaren,British,4,9,9,2,56,+1 Lap,4,51,1:25.746,225.876
2021,20,Qatar Grand Prix,2021-11-21,Lusail International Circuit,Qatar,vettel,5,VET,Sebastian,Vettel,German,aston_martin,Aston Martin,British,10,10,10,1,56,+1 Lap,7,53,1:26.434,224.078
2021,20,Qatar Grand Prix,2021-11-21,Lusail International Circuit,Qatar,gasly,10,GAS,Pierre,Gasly,French,alphatauri,AlphaTauri,Italian,2,11,11,0,56,+1 Lap,11,46,1:27.019,222.572
2021,20,Qatar Grand Prix,2021-11-21,Lusail International Circuit,Qatar,ricciardo,3,RIC,Daniel,Ricciardo,Australian,mclaren,McLaren,British,14,12,12,0,56,+1 Lap,14,50,1:27.198,222.115
2021,20,Qatar Grand Prix,2021-11-21,Lusail International Circuit,Qatar,tsunoda,22,TSU,Yuki,Tsunoda,Japanese,alphatauri,AlphaTauri,Italian,8,13,13,0,56,+1 Lap,12,50,1:27.043,222.510
2021,20,Qatar Grand Prix,2021-11-21,Lusail International Circuit,Qatar,raikkonen,7,RAI,Kimi,Räikkönen,Finnish,alfa,Alfa Romeo,Swiss,16,14,14,0,56,+1 Lap,6,53,1:26.358,224.275
2021,20,Qatar Grand Prix,2021-11-21,Lusail International Circuit,Qatar,giovinazzi,99,GIO,Antonio,Giovinazzi,Italian,alfa,Alfa Romeo,Swiss,18,15,15,0,56,+1 Lap,18,40,1:27.823,220.534
2021,20,Qatar Grand Prix,2021-11-21,Lusail International Circuit,Qatar,mick_schumacher,47,MSC,Mick,Schumacher,German,haas,Haas F1 Team,American,19,16,16,0,56,+1 Lap,19,46,1:28.412,219.065
2021,20,Qatar Grand Prix,2021-11-21,Lusail International Circuit,Qatar,russell,63,RUS,George,Russell,British,williams,Williams,British,15,17,17,0,55,+2 Laps,5,55,1:25.768,225.818
2021,20,Qatar Grand Prix,2021-11-21,Lusail International Circuit,Qatar,mazepin,9,MAZ,Nikita,Mazepin,Russian,haas,Haas F1 Team,American,20,18,18,0,55,+2 Laps,16,55,1:27.340,221.754
2021,20,Qatar Grand Prix,2021-11-21,Lusail International Circuit,Qatar,latifi,6,LAT,Nicholas,Latifi,Canadian,williams,Williams,British,17,19,R,0,50,Puncture,20,44,1:28.732,218.275
2021,20,Qatar Grand Prix,2021-11-21,Lusail International Circuit,Qatar,bottas,77,BOT,Valtteri,Bottas,Finnish,mercedes,Mercedes,German,6,20,R,0,48,Damage,15,39,1:27.246,221.992
2021,21,Saudi Arabian Grand Prix,2021-12-05,Jeddah Corniche Circuit,Saudi Arabia,hamilton,44,HAM,Lewis,Hamilton,British,mercedes,Mercedes,German,1,1,1,26,50,Finished,1,47,1:30.734,244.962
2021,21,Saudi Arabian Grand Prix,2021-12-05,Jeddah Corniche Circuit,Saudi Arabia,max_verstappen,33,VER,Max,Verstappen,Dutch,red_bull,Red Bull,Austrian,3,2,2,18,50,Finished,3,35,1:31.488,242.943
2021,21,Saudi Arabian Grand Prix,2021-12-05,Jeddah Corniche Circuit,Saudi Arabia,bottas,77,BOT,Valtteri,Bottas,Finnish,mercedes,Mercedes,German,2,3,3,15,50,Finished,2,47,1:31.408,243.155
2021,21,Saudi Arabian Grand Prix,2021-12-05,Jeddah Corniche Circuit,Saudi Arabia,ocon,31,OCO,Esteban,Ocon,French,alpine,Alpine F1 Team,French,9,4,4,12,50,Finished,6,47,1:31.797,242.125
2021,21,Saudi Arabian Grand Prix,2021-12-05,Jeddah Corniche Circuit,Saudi Arabia,ricciardo,3,RIC,Daniel,Ricciardo,Australian,mclaren,McLaren,British,11,5,5,10,50,Finished,11,43,1:32.716,239.725
2021,21,Saudi Arabian Grand Prix,2021-12-05,Jeddah Corniche Circuit,Saudi Arabia,gasly,10,GAS,Pierre,Gasly,French,alphatauri,AlphaTauri,Italian,6,6,6,8,50,Finished,9,46,1:32.297,240.813
2021,21,Saudi Arabian Grand Prix,2021-12-05,Jeddah Corniche Circuit,Saudi Arabia,leclerc,16,LEC,Charles,Leclerc,Monegasque,ferrari,Ferrari,Italian,4,7,7,6,50,Finished,4,46,1:31.601,242.643
2021,21,Saudi Arabian Grand Prix,2021-12-05,Jeddah Corniche Circuit,Saudi Arabia,sainz,55,SAI,Carlos,Sainz,Spanish,ferrari,Ferrari,Italian,15,8,8,4,50,Finished,7,37,1:31.851,241.983
2021,21,Saudi Arabian Grand Prix,2021-12-05,Jeddah Corniche Circuit,Saudi Arabia,giovinazzi,99,GIO,Antonio,Giovinazzi,Italian,alfa,Alfa Romeo,Swiss,10,9,9,2,50,Finished,15,37,1:32.865,239.340
2021,21,Saudi Arabian Grand Prix,2021-12-05,Jeddah Corniche Circuit,Saudi Arabia,norris,4,NOR,Lando,Norris,British,mclaren,McLaren,British,7,10,10,1,50,Finished,8,49,1:31.914,241.817
2021,21,Saudi Arabian Grand Prix,2021-12-05,Jeddah Corniche Circuit,Saudi Arabia,stroll,18,STR,Lance,Stroll,Canadian,aston_martin,Aston Martin,British,18,11,11,0,50,Finished,14,45,1:32.804,239.498
2021,21,Saudi Arabian Grand Prix,2021-12-05,Jeddah Corniche Circuit,Saudi Arabia,latifi,6,LAT,Nicholas,Latifi,Canadian,williams,Williams,British,16,12,12,0,50,Finished,12,49,1:32.751,239.635
2021,21,Saudi Arabian Grand Prix,2021-12-05,Jeddah Corniche Circuit,Saudi Arabia,alonso,14,ALO,Fernando,Alonso,Spanish,alpine,Alpine F1 Team,French,13,13,13,0,49,+1 Lap,5,46,1:31.633,242.558
2021,21,Saudi Arabian Grand Prix,2021-12-05,Jeddah Corniche Circuit,Saudi Arabia,tsunoda,22,TSU,Yuki,Tsunoda,Japanese,alphatauri,AlphaTauri,Italian,8,14,14,0,49,+1 Lap,10,44,1:32.506,240.269
2021,21,Saudi Arabian Grand Prix,2021-12-05,Jeddah Corniche Circuit,Saudi Arabia,raikkonen,7,RAI,Kimi,Räikkönen,Finnish,alfa,Alfa Romeo,Swiss,12,15,15,0,49,+1 Lap,13,45,1:32.778,239.565
2021,21,Saudi Arabian Grand Prix,2021-12-05,Jeddah Corniche Circuit,Saudi Arabia,vettel,5,VET,Sebastian,Vettel,German,aston_martin,Aston Martin,British,17,16,R,0,44,Collision damage,16,41,1:34.030,236.375
2021,21,Saudi Arabian Grand Prix,2021-12-05,Jeddah Corniche Circuit,Saudi Arabia,perez,11,PER,Sergio,Pérez,Mexican,red_bull,Red Bull,Austrian,5,17,R,0,14,Collision,17,9,1:34.138,236.104
2021,21,Saudi Arabian Grand Prix,2021-12-05,Jeddah Corniche Circuit,Saudi Arabia,mazepin,9,MAZ,Nikita,Mazepin,Russian,haas,Haas F1 Team,American,20,18,R,0,14,Collision,20,7,1:37.043,229.036
2021,21,Saudi Arabian Grand Prix,2021-12-05,Jeddah Corniche Circuit,Saudi Arabia,russell,63,RUS,George,Russell,British,williams,Williams,British,14,19,R,0,14,Collision,19,7,1:36.130,231.211
2021,21,Saudi Arabian Grand Prix,2021-12-05,Jeddah Corniche Circuit,Saudi Arabia,mick_schumacher,47,MSC,Mick,Schumacher,German,haas,Haas F1 Team,American,19,20,R,0,8,Accident,18,8,1:36.043,231.421
2021,22,Abu Dhabi Grand Prix,2021-12-12,Yas Marina Circuit,UAE,max_verstappen,33,VER,Max,Verstappen,Dutch,red_bull,Red Bull,Austrian,1,1,1,26,58,Finished,1,39,1:26.103,220.800
2021,22,Abu Dhabi Grand Prix,2021-12-12,Yas Marina Circuit,UAE,hamilton,44,HAM,Lewis,Hamilton,British,mercedes,Mercedes,German,2,2,2,18,58,Finished,3,43,1:26.615,219.495
2021,22,Abu Dhabi Grand Prix,2021-12-12,Yas Marina Circuit,UAE,sainz,55,SAI,Carlos,Sainz,Spanish,ferrari,Ferrari,Italian,5,3,3,15,58,Finished,9,51,1:27.618,216.982
2021,22,Abu Dhabi Grand Prix,2021-12-12,Yas Marina Circuit,UAE,tsunoda,22,TSU,Yuki,Tsunoda,Japanese,alphatauri,AlphaTauri,Italian,8,4,4,12,58,Finished,7,50,1:27.496,217.285
2021,22,Abu Dhabi Grand Prix,2021-12-12,Yas Marina Circuit,UAE,gasly,10,GAS,Pierre,Gasly,French,alphatauri,AlphaTauri,Italian,12,5,5,10,58,Finished,6,49,1:27.342,217.668
2021,22,Abu Dhabi Grand Prix,2021-12-12,Yas Marina Circuit,UAE,bottas,77,BOT,Valtteri,Bottas,Finnish,mercedes,Mercedes,German,6,6,6,8,58,Finished,5,51,1:26.862,218.871
2021,22,Abu Dhabi Grand Prix,2021-12-12,Yas Marina Circuit,UAE,norris,4,NOR,Lando,Norris,British,mclaren,McLaren,British,3,7,7,6,58,Finished,4,58,1:26.762,219.123
2021,22,Abu Dhabi Grand Prix,2021-12-12,Yas Marina Circuit,UAE,alonso,14,ALO,Fernando,Alonso,Spanish,alpine,Alpine F1 Team,French,11,8,8,4,58,Finished,8,58,1:27.607,217.010
2021,22,Abu Dhabi Grand Prix,2021-12-12,Yas Marina Circuit,UAE,ocon,31,OCO,Esteban,Ocon,French,alpine,Alpine F1 Team,French,9,9,9,2,58,Finished,10,58,1:28.249,215.431
2021,22,Abu Dhabi Grand Prix,2021-12-12,Yas Marina Circuit,UAE,leclerc,16,LEC,Charles,Leclerc,Monegasque,ferrari,Ferrari,Italian,7,10,10,1,58,Finished,12,40,1:28.433,214.983
2021,22,Abu Dhabi Grand Prix,2021-12-12,Yas Marina Circuit,UAE,vettel,5,VET,Sebastian,Vettel,German,aston_martin,Aston Martin,British,15,11,11,0,58,Finished,11,58,1:28.303,215.299
2021,22,Abu Dhabi Grand Prix,2021-12-12,Yas Marina Circuit,UAE,ricciardo,3,RIC,Daniel,Ricciardo,Australian,mclaren,McLaren,British,10,12,12,0,57,+1 Lap,14,48,1:28.723,214.280
2021,22,Abu Dhabi Grand Prix,2021-12-12,Yas Marina Circuit,UAE,stroll,18,STR,Lance,Stroll,Canadian,aston_martin,Aston Martin,British,13,13,13,0,57,+1 Lap,13,48,1:28.567,214.657
2021,22,Abu Dhabi Grand Prix,2021-12-12,Yas Marina Circuit,UAE,mick_schumacher,47,MSC,Mick,Schumacher,German,haas,Haas F1 Team,American,19,14,14,0,57,+1 Lap,17,42,1:29.457,212.522
2021,22,Abu Dhabi Grand Prix,2021-12-12,Yas Marina Circuit,UAE,perez,11,PER,Sergio,Pérez,Mexican,red_bull,Red Bull,Austrian,4,15,15,0,55,Engine,2,51,1:26.419,219.993
2021,22,Abu Dhabi Grand Prix,2021-12-12,Yas Marina Circuit,UAE,latifi,6,LAT,Nicholas,Latifi,Canadian,williams,Williams,British,16,16,R,0,50,Accident,15,30,1:29.293,212.912
2021,22,Abu Dhabi Grand Prix,2021-12-12,Yas Marina Circuit,UAE,giovinazzi,99,GIO,Antonio,Giovinazzi,Italian,alfa,Alfa Romeo,Swiss,14,17,R,0,33,Gearbox,16,33,1:29.442,212.557
2021,22,Abu Dhabi Grand Prix,2021-12-12,Yas Marina Circuit,UAE,russell,63,RUS,George,Russell,British,williams,Williams,British,17,18,R,0,26,Gearbox,19,23,1:30.647,209.732
2021,22,Abu Dhabi Grand Prix,2021-12-12,Yas Marina Circuit,UAE,raikkonen,7,RAI,Kimi,Räikkönen,Finnish,alfa,Alfa Romeo,Swiss,18,19,R,0,25,Brakes,18,23,1:29.698,211.951
2021,22,Abu Dhabi Grand Prix,2021-12-12,Yas Marina Circuit,UAE,mazepin,9,MAZ,Nikita,Mazepin,Russian,haas,Haas F1 Team,American,20,20,W,0,0,Illness,,,,
2022,1,Bahrain Grand Prix,2022-03-20,Bahrain International Circuit,Bahrain,leclerc,16,LEC,Charles,Leclerc,Monegasque,ferrari,Ferrari,Italian,1,1,1,26,57,Finished,1,51,1:34.570,206.018
2022,1,Bahrain Grand Prix,2022-03-20,Bahrain International Circuit,Bahrain,sainz,55,SAI,Carlos,Sainz,Spanish,ferrari,Ferrari,Italian,3,2,2,18,57,Finished,3,52,1:35.740,203.501
2022,1,Bahrain Grand Prix,2022-03-20,Bahrain International Circuit,Bahrain,hamilton,44,HAM,Lewis,Hamilton,British,mercedes,Mercedes,German,5,3,3,15,57,Finished,5,53,1:36.228,202.469
2022,1,Bahrain Grand Prix,2022-03-20,Bahrain International Circuit,Bahrain,russell,63,RUS,George,Russell,British,mercedes,Mercedes,German,9,4,4,12,57,Finished,6,56,1:36.302,202.313
2022,1,Bahrain Grand Prix,2022-03-20,Bahrain International Circuit,Bahrain,kevin_magnussen,20,MAG,Kevin,Magnussen,Danish,haas,Haas F1 Team,American,7,5,5,10,57,Finished,8,53,1:36.623,201.641
2022,1,Bahrain Grand Prix,2022-03-20,Bahrain International Circuit,Bahrain,bottas,77,BOT,Valtteri,Bottas,Finnish,alfa,Alfa Romeo,Swiss,6,6,6,8,57,Finished,7,53,1:36.599,201.691
2022,1,Bahrain Grand Prix,2022-03-20,Bahrain International Circuit,Bahrain,ocon,31,OCO,Esteban,Ocon,French,alpine,Alpine F1 Team,French,11,7,7,6,57,Finished,14,53,1:37.110,200.630
2022,1,Bahrain Grand Prix,2022-03-20,Bahrain International Circuit,Bahrain,tsunoda,22,TSU,Yuki,Tsunoda,Japanese,alphatauri,AlphaTauri,Italian,16,8,8,4,57,Finished,13,53,1:37.104,200.642
2022,1,Bahrain Grand Prix,2022-03-20,Bahrain International Circuit,Bahrain,alonso,14,ALO,Fernando,Alonso,Spanish,alpine,Alpine F1 Team,French,8,9,9,2,57,Finished,10,44,1:36.733,201.412
2022,1,Bahrain Grand Prix,2022-03-20,Bahrain International Circuit,Bahrain,zhou,24,ZHO,Guanyu,Zhou,Chinese,alfa,Alfa Romeo,Swiss,15,10,10,1,57,Finished,9,39,1:36.685,201.512
2022,1,Bahrain Grand Prix,2022-03-20,Bahrain International Circuit,Bahrain,mick_schumacher,47,MSC,Mick,Schumacher,German,haas,Haas F1 Team,American,12,11,11,0,57,Finished,11,37,1:36.956,200.948
2022,1,Bahrain Grand Prix,2022-03-20,Bahrain International Circuit,Bahrain,stroll,18,STR,Lance,Stroll,Canadian,aston_martin,Aston Martin,British,19,12,12,0,57,Finished,15,49,1:37.146,200.555
2022,1,Bahrain Grand Prix,2022-03-20,Bahrain International Circuit,Bahrain,albon,23,ALB,Alexander,Albon,Thai,williams,Williams,British,14,13,13,0,57,Finished,18,50,1:37.355,200.125
2022,1,Bahrain Grand Prix,2022-03-20,Bahrain International Circuit,Bahrain,ricciardo,3,RIC,Daniel,Ricciardo,Australian,mclaren,McLaren,British,18,14,14,0,57,Finished,16,50,1:37.261,200.318
2022,1,Bahrain Grand Prix,2022-03-20,Bahrain International Circuit,Bahrain,norris,4,NOR,Lando,Norris,British,mclaren,McLaren,British,13,15,15,0,57,Finished,12,51,1:36.988,200.882
2022,1,Bahrain Grand Prix,2022-03-20,Bahrain International Circuit,Bahrain,latifi,6,LAT,Nicholas,Latifi,Canadian,williams,Williams,British,20,16,16,0,57,Finished,20,51,1:38.251,198.300
2022,1,Bahrain Grand Prix,2022-03-20,Bahrain International Circuit,Bahrain,hulkenberg,27,HUL,Nico,Hülkenberg,German,aston_martin,Aston Martin,British,17,17,17,0,57,Finished,19,49,1:38.201,198.401
2022,1,Bahrain Grand Prix,2022-03-20,Bahrain International Circuit,Bahrain,perez,11,PER,Sergio,Pérez,Mexican,red_bull,Red Bull,Austrian,4,18,18,0,56,Fuel pressure,4,52,1:36.089,202.762
2022,1,Bahrain Grand Prix,2022-03-20,Bahrain International Circuit,Bahrain,max_verstappen,1,VER,Max,Verstappen,Dutch,red_bull,Red Bull,Austrian,2,19,19,0,54,Fuel pressure,2,51,1:35.440,204.140
2022,1,Bahrain Grand Prix,2022-03-20,Bahrain International Circuit,Bahrain,gasly,10,GAS,Pierre,Gasly,French,alphatauri,AlphaTauri,Italian,10,20,R,0,44,Power Unit,17,34,1:37.324,200.189
2022,2,Saudi Arabian Grand Prix,2022-03-27,Jeddah Corniche Circuit,Saudi Arabia,max_verstappen,1,VER,Max,Verstappen,Dutch,red_bull,Red Bull,Austrian,4,1,1,25,50,Finished,2,50,1:31.772,242.191
2022,2,Saudi Arabian Grand Prix,2022-03-27,Jeddah Corniche Circuit,Saudi Arabia,leclerc,16,LEC,Charles,Leclerc,Monegasque,ferrari,Ferrari,Italian,2,2,2,19,50,Finished,1,48,1:31.634,242.556
2022,2,Saudi Arabian Grand Prix,2022-03-27,Jeddah Corniche Circuit,Saudi Arabia,sainz,55,SAI,Carlos,Sainz,Spanish,ferrari,Ferrari,Italian,3,3,3,15,50,Finished,3,48,1:31.905,241.841
2022,2,Saudi Arabian Grand Prix,2022-03-27,Jeddah Corniche Circuit,Saudi Arabia,perez,11,PER,Sergio,Pérez,Mexican,red_bull,Red Bull,Austrian,1,4,4,12,50,Finished,4,46,1:32.042,241.481
2022,2,Saudi Arabian Grand Prix,2022-03-27,Jeddah Corniche Circuit,Saudi Arabia,russell,63,RUS,George,Russell,British,mercedes,Mercedes,German,6,5,5,10,50,Finished,7,43,1:32.821,239.454
2022,2,Saudi Arabian Grand Prix,2022-03-27,Jeddah Corniche Circuit,Saudi Arabia,ocon,31,OCO,Esteban,Ocon,French,alpine,Alpine F1 Team,French,5,6,6,8,50,Finished,9,46,1:33.103,238.729
2022,2,Saudi Arabian Grand Prix,2022-03-27,Jeddah Corniche Circuit,Saudi Arabia,norris,4,NOR,Lando,Norris,British,mclaren,McLaren,British,11,7,7,6,50,Finished,5,46,1:32.753,239.629
2022,2,Saudi Arabian Grand Prix,2022-03-27,Jeddah Corniche Circuit,Saudi Arabia,gasly,10,GAS,Pierre,Gasly,French,alphatauri,AlphaTauri,Italian,9,8,8,4,50,Finished,10,42,1:33.468,237.796
2022,2,Saudi Arabian Grand Prix,2022-03-27,Jeddah Corniche Circuit,Saudi Arabia,kevin_magnussen,20,MAG,Kevin,Magnussen,Danish,haas,Haas F1 Team,American,10,9,9,2,50,Finished,6,48,1:32.779,239.562
2022,2,Saudi Arabian Grand Prix,2022-03-27,Jeddah Corniche Circuit,Saudi Arabia,hamilton,44,HAM,Lewis,Hamilton,British,mercedes,Mercedes,German,15,10,10,1,50,Finished,8,47,1:32.997,239.001
2022,2,Saudi Arabian Grand Prix,2022-03-27,Jeddah Corniche Circuit,Saudi Arabia,zhou,24,ZHO,Guanyu,Zhou,Chinese,alfa,Alfa Romeo,Swiss,12,11,11,0,50,Finished,13,45,1:33.924,236.642
2022,2,Saudi Arabian Grand Prix,2022-03-27,Jeddah Corniche Circuit,Saudi Arabia,hulkenberg,27,HUL,Nico,Hülkenberg,German,aston_martin,Aston Martin,British,17,12,12,0,50,Finished,11,47,1:33.651,237.332
2022,2,Saudi Arabian Grand Prix,2022-03-27,Jeddah Corniche Circuit,Saudi Arabia,stroll,18,STR,Lance,Stroll,Canadian,aston_martin,Aston Martin,British,13,13,13,0,49,+1 Lap,16,46,1:34.446,235.334
2022,2,Saudi Arabian Grand Prix,2022-03-27,Jeddah Corniche Circuit,Saudi Arabia,albon,23,ALB,Alexander,Albon,Thai,williams,Williams,British,16,14,14,0,47,Collision damage,15,46,1:34.368,235.528
2022,2,Saudi Arabian Grand Prix,2022-03-27,Jeddah Corniche Circuit,Saudi Arabia,bottas,77,BOT,Valtteri,Bottas,Finnish,alfa,Alfa Romeo,Swiss,8,15,R,0,36,Cooling system,14,31,1:33.979,236.503
2022,2,Saudi Arabian Grand Prix,2022-03-27,Jeddah Corniche Circuit,Saudi Arabia,alonso,14,ALO,Fernando,Alonso,Spanish,alpine,Alpine F1 Team,French,7,16,R,0,35,Water pump,12,33,1:33.831,236.876
2022,2,Saudi Arabian Grand Prix,2022-03-27,Jeddah Corniche Circuit,Saudi Arabia,ricciardo,3,RIC,Daniel,Ricciardo,Australian,mclaren,McLaren,British,14,17,R,0,35,Gearbox,17,34,1:34.487,235.232
2022,2,Saudi Arabian Grand Prix,2022-03-27,Jeddah Corniche Circuit,Saudi Arabia,latifi,6,LAT,Nicholas,Latifi,Canadian,williams,Williams,British,18,18,R,0,14,Accident,18,9,1:37.530,227.892
2022,2,Saudi Arabian Grand Prix,2022-03-27,Jeddah Corniche Circuit,Saudi Arabia,tsunoda,22,TSU,Yuki,Tsunoda,Japanese,alphatauri,AlphaTauri,Italian,19,19,R,0,0,Power Unit,,,,
2022,2,Saudi Arabian Grand Prix,2022-03-27,Jeddah Corniche Circuit,Saudi Arabia,mick_schumacher,47,MSC,Mick,Schumacher,German,haas,Haas F1 Team,American,0,20,W,0,0,Withdrew,,,,
2022,3,Australian Grand Prix,2022-04-10,Albert Park Grand Prix Circuit,Australia,leclerc,16,LEC,Charles,Leclerc,Monegasque,ferrari,Ferrari,Italian,1,1,1,26,58,Finished,1,58,1:20.260,236.740
2022,3,Australian Grand Prix,2022-04-10,Albert Park Grand Prix Circuit,Australia,perez,11,PER,Sergio,Pérez,Mexican,red_bull,Red Bull,Austrian,3,2,2,18,58,Finished,3,58,1:21.094,234.305
2022,3,Australian Grand Prix,2022-04-10,Albert Park Grand Prix Circuit,Australia,russell,63,RUS,George,Russell,British,mercedes,Mercedes,German,6,3,3,15,58,Finished,4,53,1:21.495,233.152
2022,3,Australian Grand Prix,2022-04-10,Albert Park Grand Prix Circuit,Australia,hamilton,44,HAM,Lewis,Hamilton,British,mercedes,Mercedes,German,5,4,4,12,58,Finished,7,51,1:21.886,232.039
2022,3,Australian Grand Prix,2022-04-10,Albert Park Grand Prix Circuit,Australia,norris,4,NOR,Lando,Norris,British,mclaren,McLaren,British,4,5,5,10,58,Finished,8,55,1:22.248,231.018
2022,3,Australian Grand Prix,2022-04-10,Albert Park Grand Prix Circuit,Australia,ricciardo,3,RIC,Daniel,Ricciardo,Australian,mclaren,McLaren,British,7,6,6,8,58,Finished,9,54,1:22.451,230.449
2022,3,Australian Grand Prix,2022-04-10,Albert Park Grand Prix Circuit,Australia,ocon,31,OCO,Esteban,Ocon,French,alpine,Alpine F1 Team,French,8,7,7,6,58,Finished,10,58,1:22.469,230.399
2022,3,Australian Grand Prix,2022-04-10,Albert Park Grand Prix Circuit,Australia,bottas,77,BOT,Valtteri,Bottas,Finnish,alfa,Alfa Romeo,Swiss,12,8,8,4,58,Finished,5,54,1:21.651,232.707
2022,3,Australian Grand Prix,2022-04-10,Albert Park Grand Prix Circuit,Australia,gasly,10,GAS,Pierre,Gasly,French,alphatauri,AlphaTauri,Italian,11,9,9,2,58,Finished,13,52,1:22.731,229.669
2022,3,Australian Grand Prix,2022-04-10,Albert Park Grand Prix Circuit,Australia,albon,23,ALB,Alexander,Albon,Thai,williams,Williams,British,20,10,10,1,58,Finished,12,54,1:22.589,230.064
2022,3,Australian Grand Prix,2022-04-10,Albert Park Grand Prix Circuit,Australia,zhou,24,ZHO,Guanyu,Zhou,Chinese,alfa,Alfa Romeo,Swiss,14,11,11,0,58,Finished,11,55,1:22.541,230.198
2022,3,Australian Grand Prix,2022-04-10,Albert Park Grand Prix Circuit,Australia,stroll,18,STR,Lance,Stroll,Canadian,aston_martin,Aston Martin,British,19,12,12,0,58,Finished,17,48,1:23.592,227.304
2022,3,Australian Grand Prix,2022-04-10,Albert Park Grand Prix Circuit,Australia,mick_schumacher,47,MSC,Mick,Schumacher,German,haas,Haas F1 Team,American,15,13,13,0,57,+1 Lap,14,55,1:23.006,228.908
2022,3,Australian Grand Prix,2022-04-10,Albert Park Grand Prix Circuit,Australia,kevin_magnussen,20,MAG,Kevin,Magnussen,Danish,haas,Haas F1 Team,American,16,14,14,0,57,+1 Lap,15,44,1:23.071,228.729
2022,3,Australian Grand Prix,2022-04-10,Albert Park Grand Prix Circuit,Australia,tsunoda,22,TSU,Yuki,Tsunoda,Japanese,alphatauri,AlphaTauri,Italian,13,15,15,0,57,+1 Lap,16,56,1:23.342,227.985
2022,3,Australian Grand Prix,2022-04-10,Albert Park Grand Prix Circuit,Australia,latifi,6,LAT,Nicholas,Latifi,Canadian,williams,Williams,British,18,16,16,0,57,+1 Lap,18,49,1:23.882,226.518
2022,3,Australian Grand Prix,2022-04-10,Albert Park Grand Prix Circuit,Australia,alonso,14,ALO,Fernando,Alonso,Spanish,alpine,Alpine F1 Team,French,10,17,17,0,57,+1 Lap,2,57,1:20.846,235.024
2022,3,Australian Grand Prix,2022-04-10,Albert Park Grand Prix Circuit,Australia,max_verstappen,1,VER,Max,Verstappen,Dutch,red_bull,Red Bull,Austrian,2,18,R,0,38,Fuel leak,6,37,1:21.677,232.633
2022,3,Australian Grand Prix,2022-04-10,Albert Park Grand Prix Circuit,Australia,vettel,5,VET,Sebastian,Vettel,German,aston_martin,Aston Martin,British,17,19,R,0,22,Accident,19,17,1:25.189,223.042
2022,3,Australian Grand Prix,2022-04-10,Albert Park Grand Prix Circuit,Australia,sainz,55,SAI,Carlos,Sainz,Spanish,ferrari,Ferrari,Italian,9,20,R,0,1,Spun off,,,,
2022,4,Emilia Romagna Grand Prix,2022-04-24,Autodromo Enzo e Dino Ferrari,Italy,max_verstappen,1,VER,Max,Verstappen,Dutch,red_bull,Red Bull,Austrian,1,1,1,26,63,Finished,1,55,1:18.446,225.281
2022,4,Emilia Romagna Grand Prix,2022-04-24,Autodromo Enzo e Dino Ferrari,Italy,perez,11,PER,Sergio,Pérez,Mexican,red_bull,Red Bull,Austrian,3,2,2,18,63,Finished,3,52,1:18.949,223.845
2022,4,Emilia Romagna Grand Prix,2022-04-24,Autodromo Enzo e Dino Ferrari,Italy,norris,4,NOR,Lando,Norris,British,mclaren,McLaren,British,5,3,3,15,63,Finished,7,61,1:20.903,218.439
2022,4,Emilia Romagna Grand Prix,2022-04-24,Autodromo Enzo e Dino Ferrari,Italy,russell,63,RUS,George,Russell,British,mercedes,Mercedes,German,11,4,4,12,63,Finished,8,57,1:20.962,218.280
2022,4,Emilia Romagna Grand Prix,2022-04-24,Autodromo Enzo e Dino Ferrari,Italy,bottas,77,BOT,Valtteri,Bottas,Finnish,alfa,Alfa Romeo,Swiss,7,5,5,10,63,Finished,6,43,1:20.758,218.831
2022,4,Emilia Romagna Grand Prix,2022-04-24,Autodromo Enzo e Dino Ferrari,Italy,leclerc,16,LEC,Charles,Leclerc,Monegasque,ferrari,Ferrari,Italian,2,6,6,8,63,Finished,2,63,1:18.574,224.914
2022,4,Emilia Romagna Grand Prix,2022-04-24,Autodromo Enzo e Dino Ferrari,Italy,tsunoda,22,TSU,Yuki,Tsunoda,Japanese,alphatauri,AlphaTauri,Italian,12,7,7,6,63,Finished,5,61,1:20.544,219.412
2022,4,Emilia Romagna Grand Prix,2022-04-24,Autodromo Enzo e Dino Ferrari,Italy,vettel,5,VET,Sebastian,Vettel,German,aston_martin,Aston Martin,British,13,8,8,4,63,Finished,9,47,1:21.211,217.610
2022,4,Emilia Romagna Grand Prix,2022-04-24,Autodromo Enzo e Dino Ferrari,Italy,kevin_magnussen,20,MAG,Kevin,Magnussen,Danish,haas,Haas F1 Team,American,8,9,9,2,63,Finished,10,61,1:21.238,217.538
2022,4,Emilia Romagna Grand Prix,2022-04-24,Autodromo Enzo e Dino Ferrari,Italy,stroll,18,STR,Lance,Stroll,Canadian,aston_martin,Aston Martin,British,15,10,10,1,62,+1 Lap,16,46,1:21.750,216.176
2022,4,Emilia Romagna Grand Prix,2022-04-24,Autodromo Enzo e Dino Ferrari,Italy,albon,23,ALB,Alexander,Albon,Thai,williams,Williams,British,18,11,11,0,62,+1 Lap,17,61,1:21.757,216.157
2022,4,Emilia Romagna Grand Prix,2022-04-24,Autodromo Enzo e Dino Ferrari,Italy,gasly,10,GAS,Pierre,Gasly,French,alphatauri,AlphaTauri,Italian,17,12,12,0,62,+1 Lap,15,34,1:21.713,216.274
2022,4,Emilia Romagna Grand Prix,2022-04-24,Autodromo Enzo e Dino Ferrari,Italy,hamilton,44,HAM,Lewis,Hamilton,British,mercedes,Mercedes,German,14,13,13,0,62,+1 Lap,13,50,1:21.419,217.054
2022,4,Emilia Romagna Grand Prix,2022-04-24,Autodromo Enzo e Dino Ferrari,Italy,ocon,31,OCO,Esteban,Ocon,French,alpine,Alpine F1 Team,French,16,14,14,0,62,+1 Lap,18,37,1:21.887,215.814
2022,4,Emilia Romagna Grand Prix,2022-04-24,Autodromo Enzo e Dino Ferrari,Italy,zhou,24,ZHO,Guanyu,Zhou,Chinese,alfa,Alfa Romeo,Swiss,0,15,15,0,62,+1 Lap,11,61,1:21.286,217.410
2022,4,Emilia Romagna Grand Prix,2022-04-24,Autodromo Enzo e Dino Ferrari,Italy,latifi,6,LAT,Nicholas,Latifi,Canadian,williams,Williams,British,19,16,16,0,62,+1 Lap,12,62,1:21.338,217.271
2022,4,Emilia Romagna Grand Prix,2022-04-24,Autodromo Enzo e Dino Ferrari,Italy,mick_schumacher,47,MSC,Mick,Schumacher,German,haas,Haas F1 Team,American,10,17,17,0,62,+1 Lap,4,55,1:18.999,223.704
2022,4,Emilia Romagna Grand Prix,2022-04-24,Autodromo Enzo e Dino Ferrari,Italy,ricciardo,3,RIC,Daniel,Ricciardo,Australian,mclaren,McLaren,British,6,18,18,0,62,+1 Lap,14,61,1:21.577,216.634
2022,4,Emilia Romagna Grand Prix,2022-04-24,Autodromo Enzo e Dino Ferrari,Italy,alonso,14,ALO,Fernando,Alonso,Spanish,alpine,Alpine F1 Team,French,9,19,R,0,6,Collision damage,19,5,1:39.685,177.282
2022,4,Emilia Romagna Grand Prix,2022-04-24,Autodromo Enzo e Dino Ferrari,Italy,sainz,55,SAI,Carlos,Sainz,Spanish,ferrari,Ferrari,Italian,4,20,R,0,0,Collision,,,,
2022,5,Miami Grand Prix,2022-05-08,Miami International Autodrome,USA,max_verstappen,1,VER,Max,Verstappen,Dutch,red_bull,Red Bull,Austrian,3,1,1,26,57,Finished,1,54,1:31.361,213.255
2022,5,Miami Grand Prix,2022-05-08,Miami International Autodrome,USA,leclerc,16,LEC,Charles,Leclerc,Monegasque,ferrari,Ferrari,Italian,1,2,2,18,57,Finished,2,53,1:31.488,212.959
2022,5,Miami Grand Prix,2022-05-08,Miami International Autodrome,USA,sainz,55,SAI,Carlos,Sainz,Spanish,ferrari,Ferrari,Italian,2,3,3,15,57,Finished,3,56,1:31.790,212.258
2022,5,Miami Grand Prix,2022-05-08,Miami International Autodrome,USA,perez,11,PER,Sergio,Pérez,Mexican,red_bull,Red Bull,Austrian,4,4,4,12,57,Finished,4,54,1:31.819,212.191
2022,5,Miami Grand Prix,2022-05-08,Miami International Autodrome,USA,russell,63,RUS,George,Russell,British,mercedes,Mercedes,German,12,5,5,10,57,Finished,5,56,1:32.195,211.325
2022,5,Miami Grand Prix,2022-05-08,Miami International Autodrome,USA,hamilton,44,HAM,Lewis,Hamilton,British,mercedes,Mercedes,German,6,6,6,8,57,Finished,7,55,1:32.941,209.629
2022,5,Miami Grand Prix,2022-05-08,Miami International Autodrome,USA,bottas,77,BOT,Valtteri,Bottas,Finnish,alfa,Alfa Romeo,Swiss,5,7,7,6,57,Finished,10,56,1:33.184,209.083
2022,5,Miami Grand Prix,2022-05-08,Miami International Autodrome,USA,ocon,31,OCO,Esteban,Ocon,French,alpine,Alpine F1 Team,French,20,8,8,4,57,Finished,9,56,1:33.163,209.130
2022,5,Miami Grand Prix,2022-05-08,Miami International Autodrome,USA,albon,23,ALB,Alexander,Albon,Thai,williams,Williams,British,18,9,9,2,57,Finished,15,57,1:33.447,208.494
2022,5,Miami Grand Prix,2022-05-08,Miami International Autodrome,USA,stroll,18,STR,Lance,Stroll,Canadian,aston_martin,Aston Martin,British,0,10,10,1,57,Finished,12,52,1:33.312,208.796
2022,5,Miami Grand Prix,2022-05-08,Miami International Autodrome,USA,alonso,14,ALO,Fernando,Alonso,Spanish,alpine,Alpine F1 Team,French,11,11,11,0,57,Finished,13,53,1:33.331,208.753
2022,5,Miami Grand Prix,2022-05-08,Miami International Autodrome,USA,tsunoda,22,TSU,Yuki,Tsunoda,Japanese,alphatauri,AlphaTauri,Italian,9,12,12,0,57,Finished,8,55,1:33.035,209.417
2022,5,Miami Grand Prix,2022-05-08,Miami International Autodrome,USA,ricciardo,3,RIC,Daniel,Ricciardo,Australian,mclaren,McLaren,British,14,13,13,0,57,Finished,11,56,1:33.265,208.901
2022,5,Miami Grand Prix,2022-05-08,Miami International Autodrome,USA,latifi,6,LAT,Nicholas,Latifi,Canadian,williams,Williams,British,19,14,14,0,57,Finished,18,53,1:34.169,206.896
2022,5,Miami Grand Prix,2022-05-08,Miami International Autodrome,USA,mick_schumacher,47,MSC,Mick,Schumacher,German,haas,Haas F1 Team,American,15,15,15,0,57,Finished,6,57,1:32.528,210.565
2022,5,Miami Grand Prix,2022-05-08,Miami International Autodrome,USA,kevin_magnussen,20,MAG,Kevin,Magnussen,Danish,haas,Haas F1 Team,American,16,16,16,0,56,Front wing,17,52,1:33.511,208.351
2022,5,Miami Grand Prix,2022-05-08,Miami International Autodrome,USA,vettel,5,VET,Sebastian,Vettel,German,aston_martin,Aston Martin,British,0,17,17,0,54,Collision,16,50,1:33.479,208.423
2022,5,Miami Grand Prix,2022-05-08,Miami International Autodrome,USA,gasly,10,GAS,Pierre,Gasly,French,alphatauri,AlphaTauri,Italian,7,18,R,0,45,Suspension,19,38,1:34.487,206.199
2022,5,Miami Grand Prix,2022-05-08,Miami International Autodrome,USA,norris,4,NOR,Lando,Norris,British,mclaren,McLaren,British,8,19,R,0,39,Collision,14,37,1:33.411,208.575
2022,5,Miami Grand Prix,2022-05-08,Miami International Autodrome,USA,zhou,24,ZHO,Guanyu,Zhou,Chinese,alfa,Alfa Romeo,Swiss,17,20,R,0,6,Water leak,20,4,1:35.731,203.520
2022,6,Spanish Grand Prix,2022-05-22,Circuit de Barcelona-Catalunya,Spain,max_verstappen,1,VER,Max,Verstappen,Dutch,red_bull,Red Bull,Austrian,2,1,1,25,66,Finished,4,46,1:25.456,196.943
2022,6,Spanish Grand Prix,2022-05-22,Circuit de Barcelona-Catalunya,Spain,perez,11,PER,Sergio,Pérez,Mexican,red_bull,Red Bull,Austrian,5,2,2,19,66,Finished,1,55,1:24.108,200.099
2022,6,Spanish Grand Prix,2022-05-22,Circuit de Barcelona-Catalunya,Spain,russell,63,RUS,George,Russell,British,mercedes,Mercedes,German,4,3,3,15,66,Finished,3,53,1:24.636,198.851
2022,6,Spanish Grand Prix,2022-05-22,Circuit de Barcelona-Catalunya,Spain,sainz,55,SAI,Carlos,Sainz,Spanish,ferrari,Ferrari,Italian,3,4,4,12,66,Finished,7,49,1:25.985,195.731
2022,6,Spanish Grand Prix,2022-05-22,Circuit de Barcelona-Catalunya,Spain,hamilton,44,HAM,Lewis,Hamilton,British,mercedes,Mercedes,German,6,5,5,10,66,Finished,2,51,1:24.253,199.755
2022,6,Spanish Grand Prix,2022-05-22,Circuit de Barcelona-Catalunya,Spain,bottas,77,BOT,Valtteri,Bottas,Finnish,alfa,Alfa Romeo,Swiss,7,6,6,8,66,Finished,8,36,1:26.395,194.802
2022,6,Spanish Grand Prix,2022-05-22,Circuit de Barcelona-Catalunya,Spain,ocon,31,OCO,Esteban,Ocon,French,alpine,Alpine F1 Team,French,12,7,7,6,66,Finished,6,54,1:25.935,195.845
2022,6,Spanish Grand Prix,2022-05-22,Circuit de Barcelona-Catalunya,Spain,norris,4,NOR,Lando,Norris,British,mclaren,McLaren,British,11,8,8,4,66,Finished,5,53,1:25.619,196.568
2022,6,Spanish Grand Prix,2022-05-22,Circuit de Barcelona-Catalunya,Spain,alonso,14,ALO,Fernando,Alonso,Spanish,alpine,Alpine F1 Team,French,20,9,9,2,65,+1 Lap,9,56,1:26.599,194.344
2022,6,Spanish Grand Prix,2022-05-22,Circuit de Barcelona-Catalunya,Spain,tsunoda,22,TSU,Yuki,Tsunoda,Japanese,alphatauri,AlphaTauri,Italian,13,10,10,1,65,+1 Lap,10,59,1:26.828,193.831
2022,6,Spanish Grand Prix,2022-05-22,Circuit de Barcelona-Catalunya,Spain,vettel,5,VET,Sebastian,Vettel,German,aston_martin,Aston Martin,British,16,11,11,0,65,+1 Lap,18,59,1:27.629,192.059
2022,6,Spanish Grand Prix,2022-05-22,Circuit de Barcelona-Catalunya,Spain,ricciardo,3,RIC,Daniel,Ricciardo,Australian,mclaren,McLaren,British,9,12,12,0,65,+1 Lap,15,54,1:27.285,192.816
2022,6,Spanish Grand Prix,2022-05-22,Circuit de Barcelona-Catalunya,Spain,gasly,10,GAS,Pierre,Gasly,French,alphatauri,AlphaTauri,Italian,14,13,13,0,65,+1 Lap,12,51,1:26.987,193.477
2022,6,Spanish Grand Prix,2022-05-22,Circuit de Barcelona-Catalunya,Spain,mick_schumacher,47,MSC,Mick,Schumacher,German,haas,Haas F1 Team,American,10,14,14,0,65,+1 Lap,16,32,1:27.447,192.459
2022,6,Spanish Grand Prix,2022-05-22,Circuit de Barcelona-Catalunya,Spain,stroll,18,STR,Lance,Stroll,Canadian,aston_martin,Aston Martin,British,17,15,15,0,65,+1 Lap,11,54,1:26.876,193.724
2022,6,Spanish Grand Prix,2022-05-22,Circuit de Barcelona-Catalunya,Spain,latifi,6,LAT,Nicholas,Latifi,Canadian,williams,Williams,British,19,16,16,0,64,+2 Laps,14,52,1:27.246,192.902
2022,6,Spanish Grand Prix,2022-05-22,Circuit de Barcelona-Catalunya,Spain,kevin_magnussen,20,MAG,Kevin,Magnussen,Danish,haas,Haas F1 Team,American,8,17,17,0,64,+2 Laps,17,3,1:27.537,192.261
2022,6,Spanish Grand Prix,2022-05-22,Circuit de Barcelona-Catalunya,Spain,albon,23,ALB,Alexander,Albon,Thai,williams,Williams,British,18,18,18,0,64,+2 Laps,19,56,1:28.281,190.641
2022,6,Spanish Grand Prix,2022-05-22,Circuit de Barcelona-Catalunya,Spain,zhou,24,ZHO,Guanyu,Zhou,Chinese,alfa,Alfa Romeo,Swiss,15,19,R,0,28,Power loss,20,12,1:28.415,190.352
2022,6,Spanish Grand Prix,2022-05-22,Circuit de Barcelona-Catalunya,Spain,leclerc,16,LEC,Charles,Leclerc,Monegasque,ferrari,Ferrari,Italian,1,20,R,0,27,Turbo,13,25,1:27.030,193.381
2022,7,Monaco Grand Prix,2022-05-29,Circuit de Monaco,Monaco,perez,11,PER,Sergio,Pérez,Mexican,red_bull,Red Bull,Austrian,3,1,1,25,64,Finished,4,46,1:16.028,158.010
2022,7,Monaco Grand Prix,2022-05-29,Circuit de Monaco,Monaco,sainz,55,SAI,Carlos,Sainz,Spanish,ferrari,Ferrari,Italian,2,2,2,18,64,Finished,7,47,1:16.421,157.197
2022,7,Monaco Grand Prix,2022-05-29,Circuit de Monaco,Monaco,max_verstappen,1,VER,Max,Verstappen,Dutch,red_bull,Red Bull,Austrian,4,3,3,15,64,Finished,5,47,1:16.052,157.960
2022,7,Monaco Grand Prix,2022-05-29,Circuit de Monaco,Monaco,leclerc,16,LEC,Charles,Leclerc,Monegasque,ferrari,Ferrari,Italian,1,4,4,12,64,Finished,6,46,1:16.249,157.552
2022,7,Monaco Grand Prix,2022-05-29,Circuit de Monaco,Monaco,russell,63,RUS,George,Russell,British,mercedes,Mercedes,German,6,5,5,10,64,Finished,8,42,1:16.830,156.360
2022,7,Monaco Grand Prix,2022-05-29,Circuit de Monaco,Monaco,norris,4,NOR,Lando,Norris,British,mclaren,McLaren,British,5,6,6,9,64,Finished,1,55,1:14.693,160.834
2022,7,Monaco Grand Prix,2022-05-29,Circuit de Monaco,Monaco,alonso,14,ALO,Fernando,Alonso,Spanish,alpine,Alpine F1 Team,French,7,7,7,6,64,Finished,3,50,1:15.882,158.314
2022,7,Monaco Grand Prix,2022-05-29,Circuit de Monaco,Monaco,hamilton,44,HAM,Lewis,Hamilton,British,mercedes,Mercedes,German,8,8,8,4,64,Finished,9,51,1:17.203,155.605
2022,7,Monaco Grand Prix,2022-05-29,Circuit de Monaco,Monaco,bottas,77,BOT,Valtteri,Bottas,Finnish,alfa,Alfa Romeo,Swiss,12,9,9,2,64,Finished,14,57,1:17.600,154.809
2022,7,Monaco Grand Prix,2022-05-29,Circuit de Monaco,Monaco,vettel,5,VET,Sebastian,Vettel,German,aston_martin,Aston Martin,British,9,10,10,1,64,Finished,12,54,1:17.558,154.893
2022,7,Monaco Grand Prix,2022-05-29,Circuit de Monaco,Monaco,gasly,10,GAS,Pierre,Gasly,French,alphatauri,AlphaTauri,Italian,17,11,11,0,64,Finished,10,61,1:17.344,155.321
2022,7,Monaco Grand Prix,2022-05-29,Circuit de Monaco,Monaco,ocon,31,OCO,Esteban,Ocon,French,alpine,Alpine F1 Team,French,10,12,12,0,64,Finished,13,50,1:17.571,154.867
2022,7,Monaco Grand Prix,2022-05-29,Circuit de Monaco,Monaco,ricciardo,3,RIC,Daniel,Ricciardo,Australian,mclaren,McLaren,British,14,13,13,0,64,Finished,11,59,1:17.532,154.945
2022,7,Monaco Grand Prix,2022-05-29,Circuit de Monaco,Monaco,stroll,18,STR,Lance,Stroll,Canadian,aston_martin,Aston Martin,British,18,14,14,0,64,Finished,15,56,1:17.672,154.665
2022,7,Monaco Grand Prix,2022-05-29,Circuit de Monaco,Monaco,latifi,6,LAT,Nicholas,Latifi,Canadian,williams,Williams,British,19,15,15,0,63,+1 Lap,18,43,1:18.579,152.880
2022,7,Monaco Grand Prix,2022-05-29,Circuit de Monaco,Monaco,zhou,24,ZHO,Guanyu,Zhou,Chinese,alfa,Alfa Romeo,Swiss,20,16,16,0,63,+1 Lap,17,52,1:18.200,153.621
2022,7,Monaco Grand Prix,2022-05-29,Circuit de Monaco,Monaco,tsunoda,22,TSU,Yuki,Tsunoda,Japanese,alphatauri,AlphaTauri,Italian,11,17,17,0,63,+1 Lap,2,61,1:15.334,159.465
2022,7,Monaco Grand Prix,2022-05-29,Circuit de Monaco,Monaco,albon,23,ALB,Alexander,Albon,Thai,williams,Williams,British,16,18,R,0,48,Mechanical,16,40,1:18.023,153.969
2022,7,Monaco Grand Prix,2022-05-29,Circuit de Monaco,Monaco,mick_schumacher,47,MSC,Mick,Schumacher,German,haas,Haas F1 Team,American,15,19,R,0,24,Accident,19,24,1:24.778,141.701
2022,7,Monaco Grand Prix,2022-05-29,Circuit de Monaco,Monaco,kevin_magnussen,20,MAG,Kevin,Magnussen,Danish,haas,Haas F1 Team,American,13,20,R,0,19,Water pressure,20,18,1:33.754,128.135
2022,8,Azerbaijan Grand Prix,2022-06-12,Baku City Circuit,Azerbaijan,max_verstappen,1,VER,Max,Verstappen,Dutch,red_bull,Red Bull,Austrian,3,1,1,25,51,Finished,2,50,1:46.050,203.779
2022,8,Azerbaijan Grand Prix,2022-06-12,Baku City Circuit,Azerbaijan,perez,11,PER,Sergio,Pérez,Mexican,red_bull,Red Bull,Austrian,2,2,2,19,51,Finished,1,36,1:46.046,203.787
2022,8,Azerbaijan Grand Prix,2022-06-12,Baku City Circuit,Azerbaijan,russell,63,RUS,George,Russell,British,mercedes,Mercedes,German,5,3,3,15,51,Finished,4,42,1:47.177,201.636
2022,8,Azerbaijan Grand Prix,2022-06-12,Baku City Circuit,Azerbaijan,hamilton,44,HAM,Lewis,Hamilton,British,mercedes,Mercedes,German,7,4,4,12,51,Finished,3,39,1:47.044,201.887
2022,8,Azerbaijan Grand Prix,2022-06-12,Baku City Circuit,Azerbaijan,gasly,10,GAS,Pierre,Gasly,French,alphatauri,AlphaTauri,Italian,6,5,5,10,51,Finished,16,39,1:48.519,199.143
2022,8,Azerbaijan Grand Prix,2022-06-12,Baku City Circuit,Azerbaijan,vettel,5,VET,Sebastian,Vettel,German,aston_martin,Aston Martin,British,9,6,6,8,51,Finished,12,41,1:48.206,199.719
2022,8,Azerbaijan Grand Prix,2022-06-12,Baku City Circuit,Azerbaijan,alonso,14,ALO,Fernando,Alonso,Spanish,alpine,Alpine F1 Team,French,10,7,7,6,51,Finished,8,49,1:47.989,200.120
2022,8,Azerbaijan Grand Prix,2022-06-12,Baku City Circuit,Azerbaijan,ricciardo,3,RIC,Daniel,Ricciardo,Australian,mclaren,McLaren,British,12,8,8,4,51,Finished,13,44,1:48.276,199.589
2022,8,Azerbaijan Grand Prix,2022-06-12,Baku City Circuit,Azerbaijan,norris,4,NOR,Lando,Norris,British,mclaren,McLaren,British,11,9,9,2,51,Finished,9,37,1:47.997,200.105
2022,8,Azerbaijan Grand Prix,2022-06-12,Baku City Circuit,Azerbaijan,ocon,31,OCO,Esteban,Ocon,French,alpine,Alpine F1 Team,French,13,10,10,1,51,Finished,14,36,1:48.297,199.551
2022,8,Azerbaijan Grand Prix,2022-06-12,Baku City Circuit,Azerbaijan,bottas,77,BOT,Valtteri,Bottas,Finnish,alfa,Alfa Romeo,Swiss,15,11,11,0,50,+1 Lap,11,42,1:48.179,199.768
2022,8,Azerbaijan Grand Prix,2022-06-12,Baku City Circuit,Azerbaijan,albon,23,ALB,Alexander,Albon,Thai,williams,Williams,British,17,12,12,0,50,+1 Lap,7,48,1:47.966,200.163
2022,8,Azerbaijan Grand Prix,2022-06-12,Baku City Circuit,Azerbaijan,tsunoda,22,TSU,Yuki,Tsunoda,Japanese,alphatauri,AlphaTauri,Italian,8,13,13,0,50,+1 Lap,5,42,1:47.523,200.987
2022,8,Azerbaijan Grand Prix,2022-06-12,Baku City Circuit,Azerbaijan,mick_schumacher,47,MSC,Mick,Schumacher,German,haas,Haas F1 Team,American,20,14,14,0,50,+1 Lap,15,40,1:48.410,199.343
2022,8,Azerbaijan Grand Prix,2022-06-12,Baku City Circuit,Azerbaijan,latifi,6,LAT,Nicholas,Latifi,Canadian,williams,Williams,British,18,15,15,0,50,+1 Lap,20,37,1:49.583,197.209
2022,8,Azerbaijan Grand Prix,2022-06-12,Baku City Circuit,Azerbaijan,stroll,18,STR,Lance,Stroll,Canadian,aston_martin,Aston Martin,British,19,16,16,0,46,Vibrations,10,38,1:48.038,200.029
2022,8,Azerbaijan Grand Prix,2022-06-12,Baku City Circuit,Azerbaijan,kevin_magnussen,20,MAG,Kevin,Magnussen,Danish,haas,Haas F1 Team,American,16,17,R,0,31,Power Unit,18,12,1:48.789,198.648
2022,8,Azerbaijan Grand Prix,2022-06-12,Baku City Circuit,Azerbaijan,zhou,24,ZHO,Guanyu,Zhou,Chinese,alfa,Alfa Romeo,Swiss,14,18,R,0,23,Hydraulics,17,12,1:48.723,198.769
2022,8,Azerbaijan Grand Prix,2022-06-12,Baku City Circuit,Azerbaijan,leclerc,16,LEC,Charles,Leclerc,Monegasque,ferrari,Ferrari,Italian,1,19,R,0,21,Power Unit,6,13,1:47.531,200.972
2022,8,Azerbaijan Grand Prix,2022-06-12,Baku City Circuit,Azerbaijan,sainz,55,SAI,Carlos,Sainz,Spanish,ferrari,Ferrari,Italian,4,20,R,0,8,Hydraulics,19,3,1:48.978,198.304
2022,9,Canadian Grand Prix,2022-06-19,Circuit Gilles Villeneuve,Canada,max_verstappen,1,VER,Max,Verstappen,Dutch,red_bull,Red Bull,Austrian,1,1,1,25,70,Finished,2,64,1:15.839,207.012
2022,9,Canadian Grand Prix,2022-06-19,Circuit Gilles Villeneuve,Canada,sainz,55,SAI,Carlos,Sainz,Spanish,ferrari,Ferrari,Italian,3,2,2,19,70,Finished,1,63,1:15.749,207.258
2022,9,Canadian Grand Prix,2022-06-19,Circuit Gilles Villeneuve,Canada,hamilton,44,HAM,Lewis,Hamilton,British,mercedes,Mercedes,German,4,3,3,15,70,Finished,4,69,1:16.167,206.120
2022,9,Canadian Grand Prix,2022-06-19,Circuit Gilles Villeneuve,Canada,russell,63,RUS,George,Russell,British,mercedes,Mercedes,German,8,4,4,12,70,Finished,5,63,1:16.418,205.443
2022,9,Canadian Grand Prix,2022-06-19,Circuit Gilles Villeneuve,Canada,leclerc,16,LEC,Charles,Leclerc,Monegasque,ferrari,Ferrari,Italian,19,5,5,10,70,Finished,3,62,1:15.901,206.843
2022,9,Canadian Grand Prix,2022-06-19,Circuit Gilles Villeneuve,Canada,ocon,31,OCO,Esteban,Ocon,French,alpine,Alpine F1 Team,French,7,6,6,8,70,Finished,9,62,1:17.110,203.600
2022,9,Canadian Grand Prix,2022-06-19,Circuit Gilles Villeneuve,Canada,bottas,77,BOT,Valtteri,Bottas,Finnish,alfa,Alfa Romeo,Swiss,11,7,7,6,70,Finished,8,64,1:17.010,203.864
2022,9,Canadian Grand Prix,2022-06-19,Circuit Gilles Villeneuve,Canada,zhou,24,ZHO,Guanyu,Zhou,Chinese,alfa,Alfa Romeo,Swiss,10,8,8,4,70,Finished,7,60,1:16.927,204.084
2022,9,Canadian Grand Prix,2022-06-19,Circuit Gilles Villeneuve,Canada,alonso,14,ALO,Fernando,Alonso,Spanish,alpine,Alpine F1 Team,French,2,9,9,2,70,Finished,6,63,1:16.578,205.014
2022,9,Canadian Grand Prix,2022-06-19,Circuit Gilles Villeneuve,Canada,stroll,18,STR,Lance,Stroll,Canadian,aston_martin,Aston Martin,British,17,10,10,1,70,Finished,10,64,1:17.421,202.782
2022,9,Canadian Grand Prix,2022-06-19,Circuit Gilles Villeneuve,Canada,ricciardo,3,RIC,Daniel,Ricciardo,Australian,mclaren,McLaren,British,9,11,11,0,70,Finished,13,59,1:17.932,201.452
2022,9,Canadian Grand Prix,2022-06-19,Circuit Gilles Villeneuve,Canada,vettel,5,VET,Sebastian,Vettel,German,aston_martin,Aston Martin,British,16,12,12,0,70,Finished,15,63,1:17.956,201.390
2022,9,Canadian Grand Prix,2022-06-19,Circuit Gilles Villeneuve,Canada,albon,23,ALB,Alexander,Albon,Thai,williams,Williams,British,12,13,13,0,70,Finished,14,59,1:17.951,201.403
2022,9,Canadian Grand Prix,2022-06-19,Circuit Gilles Villeneuve,Canada,gasly,10,GAS,Pierre,Gasly,French,alphatauri,AlphaTauri,Italian,15,14,14,0,70,Finished,12,60,1:17.810,201.768
2022,9,Canadian Grand Prix,2022-06-19,Circuit Gilles Villeneuve,Canada,norris,4,NOR,Lando,Norris,British,mclaren,McLaren,British,14,15,15,0,70,Finished,11,63,1:17.495,202.588
2022,9,Canadian Grand Prix,2022-06-19,Circuit Gilles Villeneuve,Canada,latifi,6,LAT,Nicholas,Latifi,Canadian,williams,Williams,British,18,16,16,0,70,Finished,18,61,1:18.540,199.893
2022,9,Canadian Grand Prix,2022-06-19,Circuit Gilles Villeneuve,Canada,kevin_magnussen,20,MAG,Kevin,Magnussen,Danish,haas,Haas F1 Team,American,5,17,17,0,70,Finished,16,11,1:18.046,201.158
2022,9,Canadian Grand Prix,2022-06-19,Circuit Gilles Villeneuve,Canada,tsunoda,22,TSU,Yuki,Tsunoda,Japanese,alphatauri,AlphaTauri,Italian,20,18,R,0,47,Accident,17,15,1:18.309,200.482
2022,9,Canadian Grand Prix,2022-06-19,Circuit Gilles Villeneuve,Canada,mick_schumacher,47,MSC,Mick,Schumacher,German,haas,Haas F1 Team,American,6,19,R,0,18,Engine,20,13,1:18.967,198.812
2022,9,Canadian Grand Prix,2022-06-19,Circuit Gilles Villeneuve,Canada,perez,11,PER,Sergio,Pérez,Mexican,red_bull,Red Bull,Austrian,13,20,R,0,7,Gearbox,19,7,1:18.844,199.122
2022,10,British Grand Prix,2022-07-03,Silverstone Circuit,UK,sainz,55,SAI,Carlos,Sainz,Spanish,ferrari,Ferrari,Italian,1,1,1,25,52,Finished,2,44,1:30.813,233.530
2022,10,British Grand Prix,2022-07-03,Silverstone Circuit,UK,perez,11,PER,Sergio,Pérez,Mexican,red_bull,Red Bull,Austrian,4,2,2,18,52,Finished,3,47,1:30.937,233.212
2022,10,British Grand Prix,2022-07-03,Silverstone Circuit,UK,hamilton,44,HAM,Lewis,Hamilton,British,mercedes,Mercedes,German,5,3,3,16,52,Finished,1,52,1:30.510,234.312
2022,10,British Grand Prix,2022-07-03,Silverstone Circuit,UK,leclerc,16,LEC,Charles,Leclerc,Monegasque,ferrari,Ferrari,Italian,3,4,4,12,52,Finished,4,52,1:31.282,232.330
2022,10,British Grand Prix,2022-07-03,Silverstone Circuit,UK,alonso,14,ALO,Fernando,Alonso,Spanish,alpine,Alpine F1 Team,French,7,5,5,10,52,Finished,5,47,1:31.609,231.501
2022,10,British Grand Prix,2022-07-03,Silverstone Circuit,UK,norris,4,NOR,Lando,Norris,British,mclaren,McLaren,British,6,6,6,8,52,Finished,6,47,1:31.645,231.410
2022,10,British Grand Prix,2022-07-03,Silverstone Circuit,UK,max_verstappen,1,VER,Max,Verstappen,Dutch,red_bull,Red Bull,Austrian,2,7,7,6,52,Finished,8,44,1:32.354,229.633
2022,10,British Grand Prix,2022-07-03,Silverstone Circuit,UK,mick_schumacher,47,MSC,Mick,Schumacher,German,haas,Haas F1 Team,American,19,8,8,4,52,Finished,7,48,1:32.109,230.244
2022,10,British Grand Prix,2022-07-03,Silverstone Circuit,UK,vettel,5,VET,Sebastian,Vettel,German,aston_martin,Aston Martin,British,18,9,9,2,52,Finished,10,52,1:32.471,229.343
2022,10,British Grand Prix,2022-07-03,Silverstone Circuit,UK,kevin_magnussen,20,MAG,Kevin,Magnussen,Danish,haas,Haas F1 Team,American,17,10,10,1,52,Finished,12,52,1:32.661,228.872
2022,10,British Grand Prix,2022-07-03,Silverstone Circuit,UK,stroll,18,STR,Lance,Stroll,Canadian,aston_martin,Aston Martin,British,20,11,11,0,52,Finished,9,52,1:32.379,229.571
2022,10,British Grand Prix,2022-07-03,Silverstone Circuit,UK,latifi,6,LAT,Nicholas,Latifi,Canadian,williams,Williams,British,10,12,12,0,52,Finished,13,48,1:33.286,227.339
2022,10,British Grand Prix,2022-07-03,Silverstone Circuit,UK,ricciardo,3,RIC,Daniel,Ricciardo,Australian,mclaren,McLaren,British,14,13,13,0,52,Finished,11,34,1:32.644,228.914
2022,10,British Grand Prix,2022-07-03,Silverstone Circuit,UK,tsunoda,22,TSU,Yuki,Tsunoda,Japanese,alphatauri,AlphaTauri,Italian,13,14,14,0,52,Finished,15,51,1:33.832,226.016
2022,10,British Grand Prix,2022-07-03,Silverstone Circuit,UK,ocon,31,OCO,Esteban,Ocon,French,alpine,Alpine F1 Team,French,15,15,R,0,37,Fuel pump,14,37,1:33.537,226.729
2022,10,British Grand Prix,2022-07-03,Silverstone Circuit,UK,gasly,10,GAS,Pierre,Gasly,French,alphatauri,AlphaTauri,Italian,11,16,R,0,26,Collision damage,16,18,1:34.614,224.148
2022,10,British Grand Prix,2022-07-03,Silverstone Circuit,UK,bottas,77,BOT,Valtteri,Bottas,Finnish,alfa,Alfa Romeo,Swiss,12,17,R,0,20,Gearbox,17,19,1:35.103,222.996
2022,10,British Grand Prix,2022-07-03,Silverstone Circuit,UK,russell,63,RUS,George,Russell,British,mercedes,Mercedes,German,8,18,R,0,0,Collision,,,,
2022,10,British Grand Prix,2022-07-03,Silverstone Circuit,UK,zhou,24,ZHO,Guanyu,Zhou,Chinese,alfa,Alfa Romeo,Swiss,9,19,R,0,0,Collision,,,,
2022,10,British Grand Prix,2022-07-03,Silverstone Circuit,UK,albon,23,ALB,Alexander,Albon,Thai,williams,Williams,British,16,20,R,0,0,Collision,,,,
2022,11,Austrian Grand Prix,2022-07-10,Red Bull Ring,Austria,leclerc,16,LEC,Charles,Leclerc,Monegasque,ferrari,Ferrari,Italian,2,1,1,25,71,Finished,2,62,1:07.583,230.010
2022,11,Austrian Grand Prix,2022-07-10,Red Bull Ring,Austria,max_verstappen,1,VER,Max,Verstappen,Dutch,red_bull,Red Bull,Austrian,1,2,2,19,71,Finished,1,62,1:07.275,231.063
2022,11,Austrian Grand Prix,2022-07-10,Red Bull Ring,Austria,hamilton,44,HAM,Lewis,Hamilton,British,mercedes,Mercedes,German,8,3,3,15,71,Finished,5,63,1:09.000,225.286
2022,11,Austrian Grand Prix,2022-07-10,Red Bull Ring,Austria,russell,63,RUS,George,Russell,British,mercedes,Mercedes,German,4,4,4,12,71,Finished,6,61,1:09.075,225.042
2022,11,Austrian Grand Prix,2022-07-10,Red Bull Ring,Austria,ocon,31,OCO,Esteban,Ocon,French,alpine,Alpine F1 Team,French,6,5,5,10,71,Finished,10,62,1:09.559,223.476
2022,11,Austrian Grand Prix,2022-07-10,Red Bull Ring,Austria,mick_schumacher,47,MSC,Mick,Schumacher,German,haas,Haas F1 Team,American,9,6,6,8,70,+1 Lap,11,50,1:09.625,223.264
2022,11,Austrian Grand Prix,2022-07-10,Red Bull Ring,Austria,norris,4,NOR,Lando,Norris,British,mclaren,McLaren,British,10,7,7,6,70,+1 Lap,8,62,1:09.304,224.298
2022,11,Austrian Grand Prix,2022-07-10,Red Bull Ring,Austria,kevin_magnussen,20,MAG,Kevin,Magnussen,Danish,haas,Haas F1 Team,American,7,8,8,4,70,+1 Lap,14,61,1:09.938,222.265
2022,11,Austrian Grand Prix,2022-07-10,Red Bull Ring,Austria,ricciardo,3,RIC,Daniel,Ricciardo,Australian,mclaren,McLaren,British,11,9,9,2,70,+1 Lap,13,61,1:09.924,222.309
2022,11,Austrian Grand Prix,2022-07-10,Red Bull Ring,Austria,alonso,14,ALO,Fernando,Alonso,Spanish,alpine,Alpine F1 Team,French,19,10,10,1,70,+1 Lap,3,62,1:08.558,226.739
2022,11,Austrian Grand Prix,2022-07-10,Red Bull Ring,Austria,bottas,77,BOT,Valtteri,Bottas,Finnish,alfa,Alfa Romeo,Swiss,0,11,11,0,70,+1 Lap,7,61,1:09.266,224.421
2022,11,Austrian Grand Prix,2022-07-10,Red Bull Ring,Austria,albon,23,ALB,Alexander,Albon,Thai,williams,Williams,British,15,12,12,0,70,+1 Lap,12,60,1:09.669,223.123
2022,11,Austrian Grand Prix,2022-07-10,Red Bull Ring,Austria,stroll,18,STR,Lance,Stroll,Canadian,aston_martin,Aston Martin,British,12,13,13,0,70,+1 Lap,17,64,1:10.048,221.916
2022,11,Austrian Grand Prix,2022-07-10,Red Bull Ring,Austria,zhou,24,ZHO,Guanyu,Zhou,Chinese,alfa,Alfa Romeo,Swiss,13,14,14,0,70,+1 Lap,9,50,1:09.380,224.053
2022,11,Austrian Grand Prix,2022-07-10,Red Bull Ring,Austria,gasly,10,GAS,Pierre,Gasly,French,alphatauri,AlphaTauri,Italian,14,15,15,0,70,+1 Lap,18,61,1:10.104,221.739
2022,11,Austrian Grand Prix,2022-07-10,Red Bull Ring,Austria,tsunoda,22,TSU,Yuki,Tsunoda,Japanese,alphatauri,AlphaTauri,Italian,16,16,16,0,70,+1 Lap,16,62,1:10.023,221.995
2022,11,Austrian Grand Prix,2022-07-10,Red Bull Ring,Austria,vettel,5,VET,Sebastian,Vettel,German,aston_martin,Aston Martin,British,18,17,17,0,70,+1 Lap,15,62,1:10.001,222.065
2022,11,Austrian Grand Prix,2022-07-10,Red Bull Ring,Austria,sainz,55,SAI,Carlos,Sainz,Spanish,ferrari,Ferrari,Italian,3,18,R,0,56,Power Unit,4,55,1:08.649,226.438
2022,11,Austrian Grand Prix,2022-07-10,Red Bull Ring,Austria,latifi,6,LAT,Nicholas,Latifi,Canadian,williams,Williams,British,17,19,R,0,48,Undertray,19,14,1:10.890,219.280
2022,11,Austrian Grand Prix,2022-07-10,Red Bull Ring,Austria,perez,11,PER,Sergio,Pérez,Mexican,red_bull,Red Bull,Austrian,5,20,R,0,24,Collision damage,20,5,1:11.843,216.371
2022,12,French Grand Prix,2022-07-24,Circuit Paul Ricard,France,max_verstappen,1,VER,Max,Verstappen,Dutch,red_bull,Red Bull,Austrian,2,1,1,25,53,Finished,2,30,1:37.491,215.724
2022,12,French Grand Prix,2022-07-24,Circuit Paul Ricard,France,hamilton,44,HAM,Lewis,Hamilton,British,mercedes,Mercedes,German,4,2,2,18,53,Finished,4,30,1:37.668,215.333
2022,12,French Grand Prix,2022-07-24,Circuit Paul Ricard,France,russell,63,RUS,George,Russell,British,mercedes,Mercedes,German,6,3,3,15,53,Finished,3,51,1:37.548,215.598
2022,12,French Grand Prix,2022-07-24,Circuit Paul Ricard,France,perez,11,PER,Sergio,Pérez,Mexican,red_bull,Red Bull,Austrian,3,4,4,12,53,Finished,5,45,1:37.780,215.086
2022,12,French Grand Prix,2022-07-24,Circuit Paul Ricard,France,sainz,55,SAI,Carlos,Sainz,Spanish,ferrari,Ferrari,Italian,19,5,5,11,53,Finished,1,51,1:35.781,219.575
2022,12,French Grand Prix,2022-07-24,Circuit Paul Ricard,France,alonso,14,ALO,Fernando,Alonso,Spanish,alpine,Alpine F1 Team,French,7,6,6,8,53,Finished,8,53,1:38.160,214.254
2022,12,French Grand Prix,2022-07-24,Circuit Paul Ricard,France,norris,4,NOR,Lando,Norris,British,mclaren,McLaren,British,5,7,7,6,53,Finished,11,43,1:39.037,212.356
2022,12,French Grand Prix,2022-07-24,Circuit Paul Ricard,France,ocon,31,OCO,Esteban,Ocon,French,alpine,Alpine F1 Team,French,10,8,8,4,53,Finished,9,53,1:38.684,213.116
2022,12,French Grand Prix,2022-07-24,Circuit Paul Ricard,France,ricciardo,3,RIC,Daniel,Ricciardo,Australian,mclaren,McLaren,British,9,9,9,2,53,Finished,14,27,1:39.133,212.151
2022,12,French Grand Prix,2022-07-24,Circuit Paul Ricard,France,stroll,18,STR,Lance,Stroll,Canadian,aston_martin,Aston Martin,British,15,10,10,1,53,Finished,15,52,1:39.185,212.040
2022,12,French Grand Prix,2022-07-24,Circuit Paul Ricard,France,vettel,5,VET,Sebastian,Vettel,German,aston_martin,Aston Martin,British,12,11,11,0,53,Finished,12,43,1:39.044,212.341
2022,12,French Grand Prix,2022-07-24,Circuit Paul Ricard,France,gasly,10,GAS,Pierre,Gasly,French,alphatauri,AlphaTauri,Italian,14,12,12,0,53,Finished,10,53,1:38.786,212.896
2022,12,French Grand Prix,2022-07-24,Circuit Paul Ricard,France,albon,23,ALB,Alexander,Albon,Thai,williams,Williams,British,13,13,13,0,53,Finished,16,53,1:39.199,212.010
2022,12,French Grand Prix,2022-07-24,Circuit Paul Ricard,France,bottas,77,BOT,Valtteri,Bottas,Finnish,alfa,Alfa Romeo,Swiss,11,14,14,0,53,Finished,6,52,1:37.963,214.685
2022,12,French Grand Prix,2022-07-24,Circuit Paul Ricard,France,mick_schumacher,47,MSC,Mick,Schumacher,German,haas,Haas F1 Team,American,17,15,15,0,53,Finished,13,48,1:39.068,212.290
2022,12,French Grand Prix,2022-07-24,Circuit Paul Ricard,France,zhou,24,ZHO,Guanyu,Zhou,Chinese,alfa,Alfa Romeo,Swiss,16,16,16,0,47,+6 Laps,18,25,1:39.368,211.649
2022,12,French Grand Prix,2022-07-24,Circuit Paul Ricard,France,latifi,6,LAT,Nicholas,Latifi,Canadian,williams,Williams,British,18,17,R,0,40,Collision damage,19,40,1:39.650,211.050
2022,12,French Grand Prix,2022-07-24,Circuit Paul Ricard,France,kevin_magnussen,20,MAG,Kevin,Magnussen,Danish,haas,Haas F1 Team,American,20,18,R,0,37,Collision damage,17,11,1:39.265,211.869
2022,12,French Grand Prix,2022-07-24,Circuit Paul Ricard,France,leclerc,16,LEC,Charles,Leclerc,Monegasque,ferrari,Ferrari,Italian,1,19,R,0,17,Accident,7,4,1:38.088,214.411
2022,12,French Grand Prix,2022-07-24,Circuit Paul Ricard,France,tsunoda,22,TSU,Yuki,Tsunoda,Japanese,alphatauri,AlphaTauri,Italian,8,20,R,0,17,Undertray,20,4,1:40.216,209.858
2022,13,Hungarian Grand Prix,2022-07-31,Hungaroring,Hungary,max_verstappen,1,VER,Max,Verstappen,Dutch,red_bull,Red Bull,Austrian,10,1,1,25,70,Finished,6,45,1:22.126,192.041
2022,13,Hungarian Grand Prix,2022-07-31,Hungaroring,Hungary,hamilton,44,HAM,Lewis,Hamilton,British,mercedes,Mercedes,German,7,2,2,19,70,Finished,1,57,1:21.386,193.787
2022,13,Hungarian Grand Prix,2022-07-31,Hungaroring,Hungary,russell,63,RUS,George,Russell,British,mercedes,Mercedes,German,1,3,3,15,70,Finished,9,57,1:22.766,190.556
2022,13,Hungarian Grand Prix,2022-07-31,Hungaroring,Hungary,sainz,55,SAI,Carlos,Sainz,Spanish,ferrari,Ferrari,Italian,2,4,4,12,70,Finished,4,51,1:22.000,192.336
2022,13,Hungarian Grand Prix,2022-07-31,Hungaroring,Hungary,perez,11,PER,Sergio,Pérez,Mexican,red_bull,Red Bull,Austrian,11,5,5,10,70,Finished,3,44,1:21.940,192.477
2022,13,Hungarian Grand Prix,2022-07-31,Hungaroring,Hungary,leclerc,16,LEC,Charles,Leclerc,Monegasque,ferrari,Ferrari,Italian,3,6,6,8,70,Finished,2,57,1:21.622,193.227
2022,13,Hungarian Grand Prix,2022-07-31,Hungaroring,Hungary,norris,4,NOR,Lando,Norris,British,mclaren,McLaren,British,4,7,7,6,70,Finished,11,47,1:23.043,189.920
2022,13,Hungarian Grand Prix,2022-07-31,Hungaroring,Hungary,alonso,14,ALO,Fernando,Alonso,Spanish,alpine,Alpine F1 Team,French,6,8,8,4,69,+1 Lap,18,47,1:23.979,187.804
2022,13,Hungarian Grand Prix,2022-07-31,Hungaroring,Hungary,ocon,31,OCO,Esteban,Ocon,French,alpine,Alpine F1 Team,French,5,9,9,2,69,+1 Lap,20,60,1:24.149,187.424
2022,13,Hungarian Grand Prix,2022-07-31,Hungaroring,Hungary,vettel,5,VET,Sebastian,Vettel,German,aston_martin,Aston Martin,British,18,10,10,1,69,+1 Lap,10,51,1:22.824,190.423
2022,13,Hungarian Grand Prix,2022-07-31,Hungaroring,Hungary,stroll,18,STR,Lance,Stroll,Canadian,aston_martin,Aston Martin,British,14,11,11,0,69,+1 Lap,7,51,1:22.437,191.317
2022,13,Hungarian Grand Prix,2022-07-31,Hungaroring,Hungary,gasly,10,GAS,Pierre,Gasly,French,alphatauri,AlphaTauri,Italian,0,12,12,0,69,+1 Lap,14,58,1:23.199,189.564
2022,13,Hungarian Grand Prix,2022-07-31,Hungaroring,Hungary,zhou,24,ZHO,Guanyu,Zhou,Chinese,alfa,Alfa Romeo,Swiss,12,13,13,0,69,+1 Lap,5,58,1:22.029,192.268
2022,13,Hungarian Grand Prix,2022-07-31,Hungaroring,Hungary,mick_schumacher,47,MSC,Mick,Schumacher,German,haas,Haas F1 Team,American,15,14,14,0,69,+1 Lap,13,50,1:23.151,189.674
2022,13,Hungarian Grand Prix,2022-07-31,Hungaroring,Hungary,ricciardo,3,RIC,Daniel,Ricciardo,Australian,mclaren,McLaren,British,9,15,15,0,69,+1 Lap,17,63,1:23.654,188.533
2022,13,Hungarian Grand Prix,2022-07-31,Hungaroring,Hungary,kevin_magnussen,20,MAG,Kevin,Magnussen,Danish,haas,Haas F1 Team,American,13,16,16,0,69,+1 Lap,15,37,1:23.511,188.856
2022,13,Hungarian Grand Prix,2022-07-31,Hungaroring,Hungary,albon,23,ALB,Alexander,Albon,Thai,williams,Williams,British,17,17,17,0,69,+1 Lap,12,43,1:23.047,189.911
2022,13,Hungarian Grand Prix,2022-07-31,Hungaroring,Hungary,latifi,6,LAT,Nicholas,Latifi,Canadian,williams,Williams,British,19,18,18,0,69,+1 Lap,8,60,1:22.478,191.221
2022,13,Hungarian Grand Prix,2022-07-31,Hungaroring,Hungary,tsunoda,22,TSU,Yuki,Tsunoda,Japanese,alphatauri,AlphaTauri,Italian,16,19,19,0,68,+2 Laps,16,58,1:23.538,188.795
2022,13,Hungarian Grand Prix,2022-07-31,Hungaroring,Hungary,bottas,77,BOT,Valtteri,Bottas,Finnish,alfa,Alfa Romeo,Swiss,8,20,20,0,65,Power Unit,19,60,1:24.002,187.752
2022,14,Belgian Grand Prix,2022-08-28,Circuit de Spa-Francorchamps,Belgium,max_verstappen,1,VER,Max,Verstappen,Dutch,red_bull,Red Bull,Austrian,14,1,1,26,44,Finished,1,32,1:49.354,230.575
2022,14,Belgian Grand Prix,2022-08-28,Circuit de Spa-Francorchamps,Belgium,perez,11,PER,Sergio,Pérez,Mexican,red_bull,Red Bull,Austrian,2,2,2,18,44,Finished,3,29,1:50.764,227.640
2022,14,Belgian Grand Prix,2022-08-28,Circuit de Spa-Francorchamps,Belgium,sainz,55,SAI,Carlos,Sainz,Spanish,ferrari,Ferrari,Italian,1,3,3,15,44,Finished,7,32,1:51.977,225.174
2022,14,Belgian Grand Prix,2022-08-28,Circuit de Spa-Francorchamps,Belgium,russell,63,RUS,George,Russell,British,mercedes,Mercedes,German,5,4,4,12,44,Finished,4,31,1:50.793,227.581
2022,14,Belgian Grand Prix,2022-08-28,Circuit de Spa-Francorchamps,Belgium,alonso,14,ALO,Fernando,Alonso,Spanish,alpine,Alpine F1 Team,French,3,5,5,10,44,Finished,13,35,1:52.868,223.397
2022,14,Belgian Grand Prix,2022-08-28,Circuit de Spa-Francorchamps,Belgium,leclerc,16,LEC,Charles,Leclerc,Monegasque,ferrari,Ferrari,Italian,15,6,6,8,44,Finished,2,44,1:49.984,229.255
2022,14,Belgian Grand Prix,2022-08-28,Circuit de Spa-Francorchamps,Belgium,ocon,31,OCO,Esteban,Ocon,French,alpine,Alpine F1 Team,French,16,7,7,6,44,Finished,6,36,1:51.717,225.698
2022,14,Belgian Grand Prix,2022-08-28,Circuit de Spa-Francorchamps,Belgium,vettel,5,VET,Sebastian,Vettel,German,aston_martin,Aston Martin,British,10,8,8,4,44,Finished,11,40,1:52.515,224.098
2022,14,Belgian Grand Prix,2022-08-28,Circuit de Spa-Francorchamps,Belgium,gasly,10,GAS,Pierre,Gasly,French,alphatauri,AlphaTauri,Italian,0,9,9,2,44,Finished,15,24,1:53.002,223.132
2022,14,Belgian Grand Prix,2022-08-28,Circuit de Spa-Francorchamps,Belgium,albon,23,ALB,Alexander,Albon,Thai,williams,Williams,British,6,10,10,1,44,Finished,16,28,1:53.055,223.027
2022,14,Belgian Grand Prix,2022-08-28,Circuit de Spa-Francorchamps,Belgium,stroll,18,STR,Lance,Stroll,Canadian,aston_martin,Aston Martin,British,9,11,11,0,44,Finished,14,29,1:52.880,223.373
2022,14,Belgian Grand Prix,2022-08-28,Circuit de Spa-Francorchamps,Belgium,norris,4,NOR,Lando,Norris,British,mclaren,McLaren,British,17,12,12,0,44,Finished,5,31,1:51.678,225.777
2022,14,Belgian Grand Prix,2022-08-28,Circuit de Spa-Francorchamps,Belgium,tsunoda,22,TSU,Yuki,Tsunoda,Japanese,alphatauri,AlphaTauri,Italian,0,13,13,0,44,Finished,10,32,1:52.436,224.255
2022,14,Belgian Grand Prix,2022-08-28,Circuit de Spa-Francorchamps,Belgium,zhou,24,ZHO,Guanyu,Zhou,Chinese,alfa,Alfa Romeo,Swiss,18,14,14,0,44,Finished,9,30,1:52.317,224.493
2022,14,Belgian Grand Prix,2022-08-28,Circuit de Spa-Francorchamps,Belgium,ricciardo,3,RIC,Daniel,Ricciardo,Australian,mclaren,McLaren,British,7,15,15,0,44,Finished,17,34,1:53.080,222.978
2022,14,Belgian Grand Prix,2022-08-28,Circuit de Spa-Francorchamps,Belgium,kevin_magnussen,20,MAG,Kevin,Magnussen,Danish,haas,Haas F1 Team,American,12,16,16,0,43,+1 Lap,18,29,1:53.332,222.482
2022,14,Belgian Grand Prix,2022-08-28,Circuit de Spa-Francorchamps,Belgium,mick_schumacher,47,MSC,Mick,Schumacher,German,haas,Haas F1 Team,American,19,17,17,0,43,+1 Lap,12,35,1:52.646,223.837
2022,14,Belgian Grand Prix,2022-08-28,Circuit de Spa-Francorchamps,Belgium,latifi,6,LAT,Nicholas,Latifi,Canadian,williams,Williams,British,11,18,18,0,43,+1 Lap,8,38,1:52.256,224.615
2022,14,Belgian Grand Prix,2022-08-28,Circuit de Spa-Francorchamps,Belgium,bottas,77,BOT,Valtteri,Bottas,Finnish,alfa,Alfa Romeo,Swiss,13,19,R,0,1,Accident,,,,
2022,14,Belgian Grand Prix,2022-08-28,Circuit de Spa-Francorchamps,Belgium,hamilton,44,HAM,Lewis,Hamilton,British,mercedes,Mercedes,German,4,20,R,0,0,Collision damage,,,,
2022,15,Dutch Grand Prix,2022-09-04,Circuit Park Zandvoort,Netherlands,max_verstappen,1,VER,Max,Verstappen,Dutch,red_bull,Red Bull,Austrian,1,1,1,26,72,Finished,1,62,1:13.652,208.173
2022,15,Dutch Grand Prix,2022-09-04,Circuit Park Zandvoort,Netherlands,russell,63,RUS,George,Russell,British,mercedes,Mercedes,German,6,2,2,18,72,Finished,2,72,1:13.671,208.119
2022,15,Dutch Grand Prix,2022-09-04,Circuit Park Zandvoort,Netherlands,leclerc,16,LEC,Charles,Leclerc,Monegasque,ferrari,Ferrari,Italian,2,3,3,15,72,Finished,6,62,1:14.413,206.044
2022,15,Dutch Grand Prix,2022-09-04,Circuit Park Zandvoort,Netherlands,hamilton,44,HAM,Lewis,Hamilton,British,mercedes,Mercedes,German,4,4,4,12,72,Finished,3,54,1:13.854,207.604
2022,15,Dutch Grand Prix,2022-09-04,Circuit Park Zandvoort,Netherlands,perez,11,PER,Sergio,Pérez,Mexican,red_bull,Red Bull,Austrian,5,5,5,10,72,Finished,5,63,1:14.404,206.069
2022,15,Dutch Grand Prix,2022-09-04,Circuit Park Zandvoort,Netherlands,alonso,14,ALO,Fernando,Alonso,Spanish,alpine,Alpine F1 Team,French,13,6,6,8,72,Finished,4,51,1:14.144,206.792
2022,15,Dutch Grand Prix,2022-09-04,Circuit Park Zandvoort,Netherlands,norris,4,NOR,Lando,Norris,British,mclaren,McLaren,British,7,7,7,6,72,Finished,8,63,1:14.706,205.236
2022,15,Dutch Grand Prix,2022-09-04,Circuit Park Zandvoort,Netherlands,sainz,55,SAI,Carlos,Sainz,Spanish,ferrari,Ferrari,Italian,3,8,8,4,72,Finished,7,63,1:14.643,205.409
2022,15,Dutch Grand Prix,2022-09-04,Circuit Park Zandvoort,Netherlands,ocon,31,OCO,Esteban,Ocon,French,alpine,Alpine F1 Team,French,12,9,9,2,72,Finished,11,64,1:15.084,204.203
2022,15,Dutch Grand Prix,2022-09-04,Circuit Park Zandvoort,Netherlands,stroll,18,STR,Lance,Stroll,Canadian,aston_martin,Aston Martin,British,10,10,10,1,72,Finished,10,65,1:15.043,204.314
2022,15,Dutch Grand Prix,2022-09-04,Circuit Park Zandvoort,Netherlands,gasly,10,GAS,Pierre,Gasly,French,alphatauri,AlphaTauri,Italian,11,11,11,0,72,Finished,12,65,1:15.165,203.983
2022,15,Dutch Grand Prix,2022-09-04,Circuit Park Zandvoort,Netherlands,albon,23,ALB,Alexander,Albon,Thai,williams,Williams,British,15,12,12,0,72,Finished,15,65,1:15.534,202.986
2022,15,Dutch Grand Prix,2022-09-04,Circuit Park Zandvoort,Netherlands,mick_schumacher,47,MSC,Mick,Schumacher,German,haas,Haas F1 Team,American,8,13,13,0,72,Finished,13,51,1:15.233,203.798
2022,15,Dutch Grand Prix,2022-09-04,Circuit Park Zandvoort,Netherlands,vettel,5,VET,Sebastian,Vettel,German,aston_martin,Aston Martin,British,19,14,14,0,72,Finished,9,50,1:14.862,204.808
2022,15,Dutch Grand Prix,2022-09-04,Circuit Park Zandvoort,Netherlands,kevin_magnussen,20,MAG,Kevin,Magnussen,Danish,haas,Haas F1 Team,American,18,15,15,0,72,Finished,14,53,1:15.369,203.431
2022,15,Dutch Grand Prix,2022-09-04,Circuit Park Zandvoort,Netherlands,zhou,24,ZHO,Guanyu,Zhou,Chinese,alfa,Alfa Romeo,Swiss,14,16,16,0,72,Finished,17,63,1:15.940,201.901
2022,15,Dutch Grand Prix,2022-09-04,Circuit Park Zandvoort,Netherlands,ricciardo,3,RIC,Daniel,Ricciardo,Australian,mclaren,McLaren,British,17,17,17,0,72,Finished,16,52,1:15.577,202.871
2022,15,Dutch Grand Prix,2022-09-04,Circuit Park Zandvoort,Netherlands,latifi,6,LAT,Nicholas,Latifi,Canadian,williams,Williams,British,20,18,18,0,71,+1 Lap,18,62,1:16.066,201.567
2022,15,Dutch Grand Prix,2022-09-04,Circuit Park Zandvoort,Netherlands,bottas,77,BOT,Valtteri,Bottas,Finnish,alfa,Alfa Romeo,Swiss,16,19,R,0,53,Engine,19,51,1:16.844,199.526
2022,15,Dutch Grand Prix,2022-09-04,Circuit Park Zandvoort,Netherlands,tsunoda,22,TSU,Yuki,Tsunoda,Japanese,alphatauri,AlphaTauri,Italian,9,20,R,0,43,Differential,20,16,1:17.138,198.765
2022,16,Italian Grand Prix,2022-09-11,Autodromo Nazionale di Monza,Italy,max_verstappen,1,VER,Max,Verstappen,Dutch,red_bull,Red Bull,Austrian,7,1,1,25,53,Finished,6,38,1:24.745,246.088
2022,16,Italian Grand Prix,2022-09-11,Autodromo Nazionale di Monza,Italy,leclerc,16,LEC,Charles,Leclerc,Monegasque,ferrari,Ferrari,Italian,1,2,2,18,53,Finished,2,38,1:24.336,247.282
2022,16,Italian Grand Prix,2022-09-11,Autodromo Nazionale di Monza,Italy,russell,63,RUS,George,Russell,British,mercedes,Mercedes,German,2,3,3,15,53,Finished,7,40,1:25.288,244.522
2022,16,Italian Grand Prix,2022-09-11,Autodromo Nazionale di Monza,Italy,sainz,55,SAI,Carlos,Sainz,Spanish,ferrari,Ferrari,Italian,18,4,4,12,53,Finished,4,41,1:24.446,246.960
2022,16,Italian Grand Prix,2022-09-11,Autodromo Nazionale di Monza,Italy,hamilton,44,HAM,Lewis,Hamilton,British,mercedes,Mercedes,German,19,5,5,10,53,Finished,3,43,1:24.434,246.995
2022,16,Italian Grand Prix,2022-09-11,Autodromo Nazionale di Monza,Italy,perez,11,PER,Sergio,Pérez,Mexican,red_bull,Red Bull,Austrian,13,6,6,9,53,Finished,1,46,1:24.030,248.182
2022,16,Italian Grand Prix,2022-09-11,Autodromo Nazionale di Monza,Italy,norris,4,NOR,Lando,Norris,British,mclaren,McLaren,British,3,7,7,6,53,Finished,5,43,1:24.718,246.167
2022,16,Italian Grand Prix,2022-09-11,Autodromo Nazionale di Monza,Italy,gasly,10,GAS,Pierre,Gasly,French,alphatauri,AlphaTauri,Italian,5,8,8,4,53,Finished,14,30,1:26.718,240.489
2022,16,Italian Grand Prix,2022-09-11,Autodromo Nazionale di Monza,Italy,de_vries,45,DEV,Nyck,de Vries,Dutch,williams,Williams,British,8,9,9,2,53,Finished,13,41,1:26.624,240.750
2022,16,Italian Grand Prix,2022-09-11,Autodromo Nazionale di Monza,Italy,zhou,24,ZHO,Guanyu,Zhou,Chinese,alfa,Alfa Romeo,Swiss,9,10,10,1,53,Finished,10,41,1:26.361,241.484
2022,16,Italian Grand Prix,2022-09-11,Autodromo Nazionale di Monza,Italy,ocon,31,OCO,Esteban,Ocon,French,alpine,Alpine F1 Team,French,14,11,11,0,53,Finished,11,37,1:26.593,240.837
2022,16,Italian Grand Prix,2022-09-11,Autodromo Nazionale di Monza,Italy,mick_schumacher,47,MSC,Mick,Schumacher,German,haas,Haas F1 Team,American,17,12,12,0,53,Finished,8,43,1:25.298,244.493
2022,16,Italian Grand Prix,2022-09-11,Autodromo Nazionale di Monza,Italy,bottas,77,BOT,Valtteri,Bottas,Finnish,alfa,Alfa Romeo,Swiss,15,13,13,0,52,+1 Lap,9,45,1:25.706,243.329
2022,16,Italian Grand Prix,2022-09-11,Autodromo Nazionale di Monza,Italy,tsunoda,22,TSU,Yuki,Tsunoda,Japanese,alphatauri,AlphaTauri,Italian,20,14,14,0,52,+1 Lap,17,43,1:26.857,240.105
2022,16,Italian Grand Prix,2022-09-11,Autodromo Nazionale di Monza,Italy,latifi,6,LAT,Nicholas,Latifi,Canadian,williams,Williams,British,10,15,15,0,52,+1 Lap,15,17,1:26.798,240.268
2022,16,Italian Grand Prix,2022-09-11,Autodromo Nazionale di Monza,Italy,kevin_magnussen,20,MAG,Kevin,Magnussen,Danish,haas,Haas F1 Team,American,16,16,16,0,52,+1 Lap,16,37,1:26.798,240.268
2022,16,Italian Grand Prix,2022-09-11,Autodromo Nazionale di Monza,Italy,ricciardo,3,RIC,Daniel,Ricciardo,Australian,mclaren,McLaren,British,4,17,R,0,45,Oil leak,12,39,1:26.603,240.809
2022,16,Italian Grand Prix,2022-09-11,Autodromo Nazionale di Monza,Italy,stroll,18,STR,Lance,Stroll,Canadian,aston_martin,Aston Martin,British,12,18,R,0,39,Engine,19,34,1:27.467,238.430
2022,16,Italian Grand Prix,2022-09-11,Autodromo Nazionale di Monza,Italy,alonso,14,ALO,Fernando,Alonso,Spanish,alpine,Alpine F1 Team,French,6,19,R,0,31,Water pressure,18,7,1:27.203,239.152
2022,16,Italian Grand Prix,2022-09-11,Autodromo Nazionale di Monza,Italy,vettel,5,VET,Sebastian,Vettel,German,aston_martin,Aston Martin,British,11,20,R,0,10,Engine,20,4,1:27.501,238.337
2022,17,Singapore Grand Prix,2022-10-02,Marina Bay Street Circuit,Singapore,perez,11,PER,Sergio,Pérez,Mexican,red_bull,Red Bull,Austrian,2,1,1,25,59,Finished,2,57,1:48.165,168.509
2022,17,Singapore Grand Prix,2022-10-02,Marina Bay Street Circuit,Singapore,leclerc,16,LEC,Charles,Leclerc,Monegasque,ferrari,Ferrari,Italian,1,2,2,18,59,Finished,4,54,1:48.753,167.598
2022,17,Singapore Grand Prix,2022-10-02,Marina Bay Street Circuit,Singapore,sainz,55,SAI,Carlos,Sainz,Spanish,ferrari,Ferrari,Italian,4,3,3,15,59,Finished,3,59,1:48.414,168.122
2022,17,Singapore Grand Prix,2022-10-02,Marina Bay Street Circuit,Singapore,norris,4,NOR,Lando,Norris,British,mclaren,McLaren,British,6,4,4,12,59,Finished,6,56,1:49.212,166.893
2022,17,Singapore Grand Prix,2022-10-02,Marina Bay Street Circuit,Singapore,ricciardo,3,RIC,Daniel,Ricciardo,Australian,mclaren,McLaren,British,16,5,5,10,59,Finished,12,57,1:51.006,164.196
2022,17,Singapore Grand Prix,2022-10-02,Marina Bay Street Circuit,Singapore,stroll,18,STR,Lance,Stroll,Canadian,aston_martin,Aston Martin,British,11,6,6,8,59,Finished,7,58,1:50.283,165.272
2022,17,Singapore Grand Prix,2022-10-02,Marina Bay Street Circuit,Singapore,max_verstappen,1,VER,Max,Verstappen,Dutch,red_bull,Red Bull,Austrian,8,7,7,6,59,Finished,5,52,1:49.142,167.000
2022,17,Singapore Grand Prix,2022-10-02,Marina Bay Street Circuit,Singapore,vettel,5,VET,Sebastian,Vettel,German,aston_martin,Aston Martin,British,13,8,8,4,59,Finished,11,58,1:50.669,164.696
2022,17,Singapore Grand Prix,2022-10-02,Marina Bay Street Circuit,Singapore,hamilton,44,HAM,Lewis,Hamilton,British,mercedes,Mercedes,German,3,9,9,2,59,Finished,10,58,1:50.622,164.766
2022,17,Singapore Grand Prix,2022-10-02,Marina Bay Street Circuit,Singapore,gasly,10,GAS,Pierre,Gasly,French,alphatauri,AlphaTauri,Italian,7,10,10,1,59,Finished,9,56,1:50.569,164.845
2022,17,Singapore Grand Prix,2022-10-02,Marina Bay Street Circuit,Singapore,bottas,77,BOT,Valtteri,Bottas,Finnish,alfa,Alfa Romeo,Swiss,15,11,11,0,59,Finished,13,52,1:51.864,162.937
2022,17,Singapore Grand Prix,2022-10-02,Marina Bay Street Circuit,Singapore,kevin_magnussen,20,MAG,Kevin,Magnussen,Danish,haas,Haas F1 Team,American,9,12,12,0,59,Finished,14,59,1:52.067,162.641
2022,17,Singapore Grand Prix,2022-10-02,Marina Bay Street Circuit,Singapore,mick_schumacher,47,MSC,Mick,Schumacher,German,haas,Haas F1 Team,American,12,13,13,0,58,+1 Lap,8,58,1:50.290,165.262
2022,17,Singapore Grand Prix,2022-10-02,Marina Bay Street Circuit,Singapore,russell,63,RUS,George,Russell,British,mercedes,Mercedes,German,0,14,14,0,57,+2 Laps,1,54,1:46.458,171.211
2022,17,Singapore Grand Prix,2022-10-02,Marina Bay Street Circuit,Singapore,tsunoda,22,TSU,Yuki,Tsunoda,Japanese,alphatauri,AlphaTauri,Italian,10,15,R,0,34,Accident,15,32,1:58.716,153.532
2022,17,Singapore Grand Prix,2022-10-02,Marina Bay Street Circuit,Singapore,ocon,31,OCO,Esteban,Ocon,French,alpine,Alpine F1 Team,French,17,16,R,0,26,Engine,17,24,2:01.105,150.504
2022,17,Singapore Grand Prix,2022-10-02,Marina Bay Street Circuit,Singapore,albon,23,ALB,Alexander,Albon,Thai,williams,Williams,British,18,17,R,0,25,Collision damage,18,24,2:02.121,149.251
2022,17,Singapore Grand Prix,2022-10-02,Marina Bay Street Circuit,Singapore,alonso,14,ALO,Fernando,Alonso,Spanish,alpine,Alpine F1 Team,French,5,18,R,0,20,Engine,16,19,2:00.463,151.306
2022,17,Singapore Grand Prix,2022-10-02,Marina Bay Street Circuit,Singapore,latifi,6,LAT,Nicholas,Latifi,Canadian,williams,Williams,British,19,19,R,0,7,Collision damage,20,5,2:05.585,145.135
2022,17,Singapore Grand Prix,2022-10-02,Marina Bay Street Circuit,Singapore,zhou,24,ZHO,Guanyu,Zhou,Chinese,alfa,Alfa Romeo,Swiss,14,20,R,0,6,Collision,19,5,2:05.556,145.168
2022,18,Japanese Grand Prix,2022-10-09,Suzuka Circuit,Japan,max_verstappen,1,VER,Max,Verstappen,Dutch,red_bull,Red Bull,Austrian,1,1,1,25,28,Finished,4,10,1:44.911,199.266
2022,18,Japanese Grand Prix,2022-10-09,Suzuka Circuit,Japan,perez,11,PER,Sergio,Pérez,Mexican,red_bull,Red Bull,Austrian,4,2,2,18,28,Finished,9,11,1:46.120,196.995
2022,18,Japanese Grand Prix,2022-10-09,Suzuka Circuit,Japan,leclerc,16,LEC,Charles,Leclerc,Monegasque,ferrari,Ferrari,Italian,2,3,3,15,28,Finished,3,10,1:44.489,200.070
2022,18,Japanese Grand Prix,2022-10-09,Suzuka Circuit,Japan,ocon,31,OCO,Esteban,Ocon,French,alpine,Alpine F1 Team,French,5,4,4,12,28,Finished,11,11,1:46.559,196.184
2022,18,Japanese Grand Prix,2022-10-09,Suzuka Circuit,Japan,hamilton,44,HAM,Lewis,Hamilton,British,mercedes,Mercedes,German,6,5,5,10,28,Finished,7,11,1:45.530,198.097
2022,18,Japanese Grand Prix,2022-10-09,Suzuka Circuit,Japan,vettel,5,VET,Sebastian,Vettel,German,aston_martin,Aston Martin,British,9,6,6,8,28,Finished,12,13,1:46.964,195.441
2022,18,Japanese Grand Prix,2022-10-09,Suzuka Circuit,Japan,alonso,14,ALO,Fernando,Alonso,Spanish,alpine,Alpine F1 Team,French,7,7,7,6,28,Finished,2,25,1:44.412,200.218
2022,18,Japanese Grand Prix,2022-10-09,Suzuka Circuit,Japan,russell,63,RUS,George,Russell,British,mercedes,Mercedes,German,8,8,8,4,28,Finished,13,21,1:47.004,195.368
2022,18,Japanese Grand Prix,2022-10-09,Suzuka Circuit,Japan,latifi,6,LAT,Nicholas,Latifi,Canadian,williams,Williams,British,20,9,9,2,28,Finished,18,12,1:48.371,192.904
2022,18,Japanese Grand Prix,2022-10-09,Suzuka Circuit,Japan,norris,4,NOR,Lando,Norris,British,mclaren,McLaren,British,10,10,10,1,28,Finished,17,8,1:48.175,193.253
2022,18,Japanese Grand Prix,2022-10-09,Suzuka Circuit,Japan,ricciardo,3,RIC,Daniel,Ricciardo,Australian,mclaren,McLaren,British,11,11,11,0,28,Finished,15,11,1:47.843,193.848
2022,18,Japanese Grand Prix,2022-10-09,Suzuka Circuit,Japan,stroll,18,STR,Lance,Stroll,Canadian,aston_martin,Aston Martin,British,19,12,12,0,28,Finished,5,21,1:45.205,198.709
2022,18,Japanese Grand Prix,2022-10-09,Suzuka Circuit,Japan,tsunoda,22,TSU,Yuki,Tsunoda,Japanese,alphatauri,AlphaTauri,Italian,13,13,13,0,28,Finished,8,22,1:45.893,197.418
2022,18,Japanese Grand Prix,2022-10-09,Suzuka Circuit,Japan,kevin_magnussen,20,MAG,Kevin,Magnussen,Danish,haas,Haas F1 Team,American,18,14,14,0,28,Finished,16,10,1:48.072,193.437
2022,18,Japanese Grand Prix,2022-10-09,Suzuka Circuit,Japan,bottas,77,BOT,Valtteri,Bottas,Finnish,alfa,Alfa Romeo,Swiss,12,15,15,0,28,Finished,14,11,1:47.820,193.889
2022,18,Japanese Grand Prix,2022-10-09,Suzuka Circuit,Japan,zhou,24,ZHO,Guanyu,Zhou,Chinese,alfa,Alfa Romeo,Swiss,14,16,16,0,28,Finished,1,20,1:44.411,200.220
2022,18,Japanese Grand Prix,2022-10-09,Suzuka Circuit,Japan,mick_schumacher,47,MSC,Mick,Schumacher,German,haas,Haas F1 Team,American,15,17,17,0,28,Finished,6,22,1:45.387,198.366
2022,18,Japanese Grand Prix,2022-10-09,Suzuka Circuit,Japan,gasly,10,GAS,Pierre,Gasly,French,alphatauri,AlphaTauri,Italian,17,18,18,0,28,Finished,10,13,1:46.545,196.210
2022,18,Japanese Grand Prix,2022-10-09,Suzuka Circuit,Japan,sainz,55,SAI,Carlos,Sainz,Spanish,ferrari,Ferrari,Italian,3,19,R,0,0,Accident,,,,
2022,18,Japanese Grand Prix,2022-10-09,Suzuka Circuit,Japan,albon,23,ALB,Alexander,Albon,Thai,williams,Williams,British,16,20,R,0,0,Hydraulics,,,,
2022,19,United States Grand Prix,2022-10-23,Circuit of the Americas,USA,max_verstappen,1,VER,Max,Verstappen,Dutch,red_bull,Red Bull,Austrian,2,1,1,25,56,Finished,2,37,1:39.541,199.383
2022,19,United States Grand Prix,2022-10-23,Circuit of the Americas,USA,hamilton,44,HAM,Lewis,Hamilton,British,mercedes,Mercedes,German,3,2,2,18,56,Finished,5,45,1:39.830,198.805
2022,19,United States Grand Prix,2022-10-23,Circuit of the Americas,USA,leclerc,16,LEC,Charles,Leclerc,Monegasque,ferrari,Ferrari,Italian,12,3,3,15,56,Finished,4,37,1:39.731,199.003
2022,19,United States Grand Prix,2022-10-23,Circuit of the Americas,USA,perez,11,PER,Sergio,Pérez,Mexican,red_bull,Red Bull,Austrian,9,4,4,12,56,Finished,3,44,1:39.563,199.339
2022,19,United States Grand Prix,2022-10-23,Circuit of the Americas,USA,russell,63,RUS,George,Russell,British,mercedes,Mercedes,German,4,5,5,11,56,Finished,1,56,1:38.788,200.902
2022,19,United States Grand Prix,2022-10-23,Circuit of the Americas,USA,norris,4,NOR,Lando,Norris,British,mclaren,McLaren,British,6,6,6,8,56,Finished,7,49,1:41.322,195.878
2022,19,United States Grand Prix,2022-10-23,Circuit of the Americas,USA,alonso,14,ALO,Fernando,Alonso,Spanish,alpine,Alpine F1 Team,French,14,7,7,6,56,Finished,8,39,1:41.538,195.461
2022,19,United States Grand Prix,2022-10-23,Circuit of the Americas,USA,vettel,5,VET,Sebastian,Vettel,German,aston_martin,Aston Martin,British,10,8,8,4,56,Finished,16,35,1:42.546,193.540
2022,19,United States Grand Prix,2022-10-23,Circuit of the Americas,USA,kevin_magnussen,20,MAG,Kevin,Magnussen,Danish,haas,Haas F1 Team,American,13,9,9,2,56,Finished,11,36,1:42.206,194.184
2022,19,United States Grand Prix,2022-10-23,Circuit of the Americas,USA,tsunoda,22,TSU,Yuki,Tsunoda,Japanese,alphatauri,AlphaTauri,Italian,19,10,10,1,56,Finished,6,49,1:41.243,196.031
2022,19,United States Grand Prix,2022-10-23,Circuit of the Americas,USA,ocon,31,OCO,Esteban,Ocon,French,alpine,Alpine F1 Team,French,0,11,11,0,56,Finished,13,39,1:42.394,193.827
2022,19,United States Grand Prix,2022-10-23,Circuit of the Americas,USA,zhou,24,ZHO,Guanyu,Zhou,Chinese,alfa,Alfa Romeo,Swiss,18,12,12,0,56,Finished,15,46,1:42.471,193.682
2022,19,United States Grand Prix,2022-10-23,Circuit of the Americas,USA,albon,23,ALB,Alexander,Albon,Thai,williams,Williams,British,8,13,13,0,56,Finished,9,55,1:41.674,195.200
2022,19,United States Grand Prix,2022-10-23,Circuit of the Americas,USA,gasly,10,GAS,Pierre,Gasly,French,alphatauri,AlphaTauri,Italian,11,14,14,0,56,Finished,12,55,1:42.320,193.967
2022,19,United States Grand Prix,2022-10-23,Circuit of the Americas,USA,mick_schumacher,47,MSC,Mick,Schumacher,German,haas,Haas F1 Team,American,16,15,15,0,56,Finished,10,51,1:41.804,194.951
2022,19,United States Grand Prix,2022-10-23,Circuit of the Americas,USA,ricciardo,3,RIC,Daniel,Ricciardo,Australian,mclaren,McLaren,British,15,16,16,0,56,Finished,14,55,1:42.420,193.778
2022,19,United States Grand Prix,2022-10-23,Circuit of the Americas,USA,latifi,6,LAT,Nicholas,Latifi,Canadian,williams,Williams,British,17,17,17,0,56,Finished,19,54,1:43.485,191.784
2022,19,United States Grand Prix,2022-10-23,Circuit of the Americas,USA,stroll,18,STR,Lance,Stroll,Canadian,aston_martin,Aston Martin,British,5,18,R,0,21,Collision,17,3,1:43.080,192.537
2022,19,United States Grand Prix,2022-10-23,Circuit of the Americas,USA,bottas,77,BOT,Valtteri,Bottas,Finnish,alfa,Alfa Romeo,Swiss,7,19,R,0,16,Spun off,18,4,1:43.391,191.958
2022,19,United States Grand Prix,2022-10-23,Circuit of the Americas,USA,sainz,55,SAI,Carlos,Sainz,Spanish,ferrari,Ferrari,Italian,1,20,R,0,1,Collision damage,,,,
2022,20,Mexico City Grand Prix,2022-10-30,Autódromo Hermanos Rodríguez,Mexico,max_verstappen,1,VER,Max,Verstappen,Dutch,red_bull,Red Bull,Austrian,1,1,1,25,71,Finished,4,36,1:22.046,188.850
2022,20,Mexico City Grand Prix,2022-10-30,Autódromo Hermanos Rodríguez,Mexico,hamilton,44,HAM,Lewis,Hamilton,British,mercedes,Mercedes,German,3,2,2,18,71,Finished,5,32,1:22.062,188.813
2022,20,Mexico City Grand Prix,2022-10-30,Autódromo Hermanos Rodríguez,Mexico,perez,11,PER,Sergio,Pérez,Mexican,red_bull,Red Bull,Austrian,4,3,3,15,71,Finished,2,30,1:21.775,189.476
2022,20,Mexico City Grand Prix,2022-10-30,Autódromo Hermanos Rodríguez,Mexico,russell,63,RUS,George,Russell,British,mercedes,Mercedes,German,2,4,4,13,71,Finished,1,71,1:20.153,193.310
2022,20,Mexico City Grand Prix,2022-10-30,Autódromo Hermanos Rodríguez,Mexico,sainz,55,SAI,Carlos,Sainz,Spanish,ferrari,Ferrari,Italian,5,5,5,10,71,Finished,6,32,1:22.199,188.498
2022,20,Mexico City Grand Prix,2022-10-30,Autódromo Hermanos Rodríguez,Mexico,leclerc,16,LEC,Charles,Leclerc,Monegasque,ferrari,Ferrari,Italian,7,6,6,8,71,Finished,10,48,1:22.603,187.576
2022,20,Mexico City Grand Prix,2022-10-30,Autódromo Hermanos Rodríguez,Mexico,ricciardo,3,RIC,Daniel,Ricciardo,Australian,mclaren,McLaren,British,11,7,7,6,70,+1 Lap,3,48,1:22.022,188.905
2022,20,Mexico City Grand Prix,2022-10-30,Autódromo Hermanos Rodríguez,Mexico,ocon,31,OCO,Esteban,Ocon,French,alpine,Alpine F1 Team,French,10,8,8,4,70,+1 Lap,14,48,1:23.279,186.054
2022,20,Mexico City Grand Prix,2022-10-30,Autódromo Hermanos Rodríguez,Mexico,norris,4,NOR,Lando,Norris,British,mclaren,McLaren,British,8,9,9,2,70,+1 Lap,17,48,1:23.402,185.779
2022,20,Mexico City Grand Prix,2022-10-30,Autódromo Hermanos Rodríguez,Mexico,bottas,77,BOT,Valtteri,Bottas,Finnish,alfa,Alfa Romeo,Swiss,6,10,10,1,70,+1 Lap,16,43,1:23.363,185.866
2022,20,Mexico City Grand Prix,2022-10-30,Autódromo Hermanos Rodríguez,Mexico,gasly,10,GAS,Pierre,Gasly,French,alphatauri,AlphaTauri,Italian,14,11,11,0,70,+1 Lap,8,42,1:22.277,188.319
2022,20,Mexico City Grand Prix,2022-10-30,Autódromo Hermanos Rodríguez,Mexico,albon,23,ALB,Alexander,Albon,Thai,williams,Williams,British,17,12,12,0,70,+1 Lap,12,48,1:22.914,186.873
2022,20,Mexico City Grand Prix,2022-10-30,Autódromo Hermanos Rodríguez,Mexico,zhou,24,ZHO,Guanyu,Zhou,Chinese,alfa,Alfa Romeo,Swiss,12,13,13,0,70,+1 Lap,7,47,1:22.260,188.358
2022,20,Mexico City Grand Prix,2022-10-30,Autódromo Hermanos Rodríguez,Mexico,vettel,5,VET,Sebastian,Vettel,German,aston_martin,Aston Martin,British,16,14,14,0,70,+1 Lap,13,45,1:23.086,186.486
2022,20,Mexico City Grand Prix,2022-10-30,Autódromo Hermanos Rodríguez,Mexico,stroll,18,STR,Lance,Stroll,Canadian,aston_martin,Aston Martin,British,20,15,15,0,70,+1 Lap,9,42,1:22.463,187.895
2022,20,Mexico City Grand Prix,2022-10-30,Autódromo Hermanos Rodríguez,Mexico,mick_schumacher,47,MSC,Mick,Schumacher,German,haas,Haas F1 Team,American,15,16,16,0,70,+1 Lap,19,30,1:23.641,185.248
2022,20,Mexico City Grand Prix,2022-10-30,Autódromo Hermanos Rodríguez,Mexico,kevin_magnussen,20,MAG,Kevin,Magnussen,Danish,haas,Haas F1 Team,American,19,17,17,0,70,+1 Lap,15,49,1:23.300,186.007
2022,20,Mexico City Grand Prix,2022-10-30,Autódromo Hermanos Rodríguez,Mexico,latifi,6,LAT,Nicholas,Latifi,Canadian,williams,Williams,British,18,18,18,0,69,+2 Laps,20,56,1:23.709,185.098
2022,20,Mexico City Grand Prix,2022-10-30,Autódromo Hermanos Rodríguez,Mexico,alonso,14,ALO,Fernando,Alonso,Spanish,alpine,Alpine F1 Team,French,9,19,19,0,63,Engine,11,48,1:22.866,186.981
2022,20,Mexico City Grand Prix,2022-10-30,Autódromo Hermanos Rodríguez,Mexico,tsunoda,22,TSU,Yuki,Tsunoda,Japanese,alphatauri,AlphaTauri,Italian,13,20,R,0,50,Collision damage,18,48,1:23.403,185.777
2022,21,São Paulo Grand Prix,2022-11-13,Autódromo José Carlos Pace,Brazil,russell,63,RUS,George,Russell,British,mercedes,Mercedes,German,1,1,1,26,71,Finished,1,61,1:13.785,210.237
2022,21,São Paulo Grand Prix,2022-11-13,Autódromo José Carlos Pace,Brazil,hamilton,44,HAM,Lewis,Hamilton,British,mercedes,Mercedes,German,2,2,2,18,71,Finished,2,63,1:13.942,209.791
2022,21,São Paulo Grand Prix,2022-11-13,Autódromo José Carlos Pace,Brazil,sainz,55,SAI,Carlos,Sainz,Spanish,ferrari,Ferrari,Italian,7,3,3,15,71,Finished,3,65,1:13.953,209.760
2022,21,São Paulo Grand Prix,2022-11-13,Autódromo José Carlos Pace,Brazil,leclerc,16,LEC,Charles,Leclerc,Monegasque,ferrari,Ferrari,Italian,5,4,4,12,71,Finished,6,63,1:14.253,208.912
2022,21,São Paulo Grand Prix,2022-11-13,Autódromo José Carlos Pace,Brazil,alonso,14,ALO,Fernando,Alonso,Spanish,alpine,Alpine F1 Team,French,17,5,5,10,71,Finished,4,62,1:14.164,209.163
2022,21,São Paulo Grand Prix,2022-11-13,Autódromo José Carlos Pace,Brazil,max_verstappen,1,VER,Max,Verstappen,Dutch,red_bull,Red Bull,Austrian,3,6,6,8,71,Finished,5,64,1:14.195,209.076
2022,21,São Paulo Grand Prix,2022-11-13,Autódromo José Carlos Pace,Brazil,perez,11,PER,Sergio,Pérez,Mexican,red_bull,Red Bull,Austrian,4,7,7,6,71,Finished,7,62,1:14.283,208.828
2022,21,São Paulo Grand Prix,2022-11-13,Autódromo José Carlos Pace,Brazil,ocon,31,OCO,Esteban,Ocon,French,alpine,Alpine F1 Team,French,16,8,8,4,71,Finished,9,65,1:15.093,206.575
2022,21,São Paulo Grand Prix,2022-11-13,Autódromo José Carlos Pace,Brazil,bottas,77,BOT,Valtteri,Bottas,Finnish,alfa,Alfa Romeo,Swiss,14,9,9,2,71,Finished,14,62,1:15.511,205.432
2022,21,São Paulo Grand Prix,2022-11-13,Autódromo José Carlos Pace,Brazil,stroll,18,STR,Lance,Stroll,Canadian,aston_martin,Aston Martin,British,15,10,10,1,71,Finished,8,50,1:14.831,207.299
2022,21,São Paulo Grand Prix,2022-11-13,Autódromo José Carlos Pace,Brazil,vettel,5,VET,Sebastian,Vettel,German,aston_martin,Aston Martin,British,9,11,11,0,71,Finished,15,64,1:15.549,205.328
2022,21,São Paulo Grand Prix,2022-11-13,Autódromo José Carlos Pace,Brazil,zhou,24,ZHO,Guanyu,Zhou,Chinese,alfa,Alfa Romeo,Swiss,13,12,12,0,71,Finished,17,64,1:15.802,204.643
2022,21,São Paulo Grand Prix,2022-11-13,Autódromo José Carlos Pace,Brazil,mick_schumacher,47,MSC,Mick,Schumacher,German,haas,Haas F1 Team,American,12,13,13,0,71,Finished,10,63,1:15.251,206.142
2022,21,São Paulo Grand Prix,2022-11-13,Autódromo José Carlos Pace,Brazil,gasly,10,GAS,Pierre,Gasly,French,alphatauri,AlphaTauri,Italian,10,14,14,0,71,Finished,12,64,1:15.327,205.934
2022,21,São Paulo Grand Prix,2022-11-13,Autódromo José Carlos Pace,Brazil,albon,23,ALB,Alexander,Albon,Thai,williams,Williams,British,19,15,15,0,71,Finished,16,49,1:15.613,205.155
2022,21,São Paulo Grand Prix,2022-11-13,Autódromo José Carlos Pace,Brazil,latifi,6,LAT,Nicholas,Latifi,Canadian,williams,Williams,British,18,16,16,0,71,Finished,11,59,1:15.327,205.934
2022,21,São Paulo Grand Prix,2022-11-13,Autódromo José Carlos Pace,Brazil,tsunoda,22,TSU,Yuki,Tsunoda,Japanese,alphatauri,AlphaTauri,Italian,0,17,17,0,70,+1 Lap,13,63,1:15.508,205.440
2022,21,São Paulo Grand Prix,2022-11-13,Autódromo José Carlos Pace,Brazil,norris,4,NOR,Lando,Norris,British,mclaren,McLaren,British,6,18,R,0,50,Gearbox,18,48,1:15.855,204.500
2022,21,São Paulo Grand Prix,2022-11-13,Autódromo José Carlos Pace,Brazil,kevin_magnussen,20,MAG,Kevin,Magnussen,Danish,haas,Haas F1 Team,American,8,19,R,0,0,Collision,,,,
2022,21,São Paulo Grand Prix,2022-11-13,Autódromo José Carlos Pace,Brazil,ricciardo,3,RIC,Daniel,Ricciardo,Australian,mclaren,McLaren,British,11,20,R,0,0,Collision,,,,
2022,22,Abu Dhabi Grand Prix,2022-11-20,Yas Marina Circuit,UAE,max_verstappen,1,VER,Max,Verstappen,Dutch,red_bull,Red Bull,Austrian,1,1,1,25,58,Finished,6,54,1:29.392,212.676
2022,22,Abu Dhabi Grand Prix,2022-11-20,Yas Marina Circuit,UAE,leclerc,16,LEC,Charles,Leclerc,Monegasque,ferrari,Ferrari,Italian,3,2,2,18,58,Finished,10,48,1:29.719,211.901
2022,22,Abu Dhabi Grand Prix,2022-11-20,Yas Marina Circuit,UAE,perez,11,PER,Sergio,Pérez,Mexican,red_bull,Red Bull,Austrian,2,3,3,15,58,Finished,4,52,1:28.972,213.680
2022,22,Abu Dhabi Grand Prix,2022-11-20,Yas Marina Circuit,UAE,sainz,55,SAI,Carlos,Sainz,Spanish,ferrari,Ferrari,Italian,4,4,4,12,58,Finished,3,50,1:28.879,213.904
2022,22,Abu Dhabi Grand Prix,2022-11-20,Yas Marina Circuit,UAE,russell,63,RUS,George,Russell,British,mercedes,Mercedes,German,6,5,5,10,58,Finished,2,48,1:28.836,214.007
2022,22,Abu Dhabi Grand Prix,2022-11-20,Yas Marina Circuit,UAE,norris,4,NOR,Lando,Norris,British,mclaren,McLaren,British,7,6,6,9,58,Finished,1,44,1:28.391,215.085
2022,22,Abu Dhabi Grand Prix,2022-11-20,Yas Marina Circuit,UAE,ocon,31,OCO,Esteban,Ocon,French,alpine,Alpine F1 Team,French,8,7,7,6,58,Finished,5,45,1:29.333,212.817
2022,22,Abu Dhabi Grand Prix,2022-11-20,Yas Marina Circuit,UAE,stroll,18,STR,Lance,Stroll,Canadian,aston_martin,Aston Martin,British,14,8,8,4,58,Finished,9,42,1:29.620,212.135
2022,22,Abu Dhabi Grand Prix,2022-11-20,Yas Marina Circuit,UAE,ricciardo,3,RIC,Daniel,Ricciardo,Australian,mclaren,McLaren,British,13,9,9,2,58,Finished,18,45,1:30.785,209.413
2022,22,Abu Dhabi Grand Prix,2022-11-20,Yas Marina Circuit,UAE,vettel,5,VET,Sebastian,Vettel,German,aston_martin,Aston Martin,British,9,10,10,1,58,Finished,15,35,1:30.312,210.510
2022,22,Abu Dhabi Grand Prix,2022-11-20,Yas Marina Circuit,UAE,tsunoda,22,TSU,Yuki,Tsunoda,Japanese,alphatauri,AlphaTauri,Italian,11,11,11,0,58,Finished,7,40,1:29.489,212.446
2022,22,Abu Dhabi Grand Prix,2022-11-20,Yas Marina Circuit,UAE,zhou,24,ZHO,Guanyu,Zhou,Chinese,alfa,Alfa Romeo,Swiss,15,12,12,0,57,+1 Lap,8,53,1:29.600,212.183
2022,22,Abu Dhabi Grand Prix,2022-11-20,Yas Marina Circuit,UAE,albon,23,ALB,Alexander,Albon,Thai,williams,Williams,British,19,13,13,0,57,+1 Lap,13,40,1:29.939,211.383
2022,22,Abu Dhabi Grand Prix,2022-11-20,Yas Marina Circuit,UAE,gasly,10,GAS,Pierre,Gasly,French,alphatauri,AlphaTauri,Italian,17,14,14,0,57,+1 Lap,19,16,1:31.081,208.732
2022,22,Abu Dhabi Grand Prix,2022-11-20,Yas Marina Circuit,UAE,bottas,77,BOT,Valtteri,Bottas,Finnish,alfa,Alfa Romeo,Swiss,18,15,15,0,57,+1 Lap,16,47,1:30.352,210.417
2022,22,Abu Dhabi Grand Prix,2022-11-20,Yas Marina Circuit,UAE,mick_schumacher,47,MSC,Mick,Schumacher,German,haas,Haas F1 Team,American,12,16,16,0,57,+1 Lap,12,39,1:29.833,211.632
2022,22,Abu Dhabi Grand Prix,2022-11-20,Yas Marina Circuit,UAE,kevin_magnussen,20,MAG,Kevin,Magnussen,Danish,haas,Haas F1 Team,American,16,17,17,0,57,+1 Lap,20,40,1:31.158,208.556
2022,22,Abu Dhabi Grand Prix,2022-11-20,Yas Marina Circuit,UAE,hamilton,44,HAM,Lewis,Hamilton,British,mercedes,Mercedes,German,5,18,18,0,55,Hydraulics,11,42,1:29.788,211.738
2022,22,Abu Dhabi Grand Prix,2022-11-20,Yas Marina Circuit,UAE,latifi,6,LAT,Nicholas,Latifi,Canadian,williams,Williams,British,20,19,19,0,55,Collision damage,14,45,1:30.309,210.517
2022,22,Abu Dhabi Grand Prix,2022-11-20,Yas Marina Circuit,UAE,alonso,14,ALO,Fernando,Alonso,Spanish,alpine,Alpine F1 Team,French,10,20,R,0,27,Water leak,17,24,1:30.579,209.889
2023,1,Bahrain Grand Prix,2023-03-05,Bahrain International Circuit,Bahrain,max_verstappen,1,VER,Max,Verstappen,Dutch,red_bull,Red Bull,Austrian,1,1,1,25,57,Finished,6,44,1:36.236,202.452
2023,1,Bahrain Grand Prix,2023-03-05,Bahrain International Circuit,Bahrain,perez,11,PER,Sergio,Pérez,Mexican,red_bull,Red Bull,Austrian,2,2,2,18,57,Finished,7,37,1:36.344,202.225
2023,1,Bahrain Grand Prix,2023-03-05,Bahrain International Circuit,Bahrain,alonso,14,ALO,Fernando,Alonso,Spanish,aston_martin,Aston Martin,British,5,3,3,15,57,Finished,5,36,1:36.156,202.620
2023,1,Bahrain Grand Prix,2023-03-05,Bahrain International Circuit,Bahrain,sainz,55,SAI,Carlos,Sainz,Spanish,ferrari,Ferrari,Italian,4,4,4,12,57,Finished,14,37,1:37.130,200.588
2023,1,Bahrain Grand Prix,2023-03-05,Bahrain International Circuit,Bahrain,hamilton,44,HAM,Lewis,Hamilton,British,mercedes,Mercedes,German,7,5,5,10,57,Finished,10,36,1:36.546,201.802
2023,1,Bahrain Grand Prix,2023-03-05,Bahrain International Circuit,Bahrain,stroll,18,STR,Lance,Stroll,Canadian,aston_martin,Aston Martin,British,8,6,6,8,57,Finished,9,32,1:36.546,201.802
2023,1,Bahrain Grand Prix,2023-03-05,Bahrain International Circuit,Bahrain,russell,63,RUS,George,Russell,British,mercedes,Mercedes,German,6,7,7,6,57,Finished,17,33,1:37.221,200.401
2023,1,Bahrain Grand Prix,2023-03-05,Bahrain International Circuit,Bahrain,bottas,77,BOT,Valtteri,Bottas,Finnish,alfa,Alfa Romeo,Swiss,12,8,8,4,57,Finished,18,31,1:37.379,200.075
2023,1,Bahrain Grand Prix,2023-03-05,Bahrain International Circuit,Bahrain,gasly,10,GAS,Pierre,Gasly,French,alpine,Alpine F1 Team,French,20,9,9,2,57,Finished,2,42,1:35.068,204.939
2023,1,Bahrain Grand Prix,2023-03-05,Bahrain International Circuit,Bahrain,albon,23,ALB,Alexander,Albon,Thai,williams,Williams,British,15,10,10,1,57,Finished,15,43,1:37.144,200.559
2023,1,Bahrain Grand Prix,2023-03-05,Bahrain International Circuit,Bahrain,tsunoda,22,TSU,Yuki,Tsunoda,Japanese,alphatauri,AlphaTauri,Italian,14,11,11,0,57,Finished,12,42,1:36.637,201.612
2023,1,Bahrain Grand Prix,2023-03-05,Bahrain International Circuit,Bahrain,sargeant,2,SAR,Logan,Sargeant,American,williams,Williams,British,16,12,12,0,56,Lapped,4,42,1:36.037,202.871
2023,1,Bahrain Grand Prix,2023-03-05,Bahrain International Circuit,Bahrain,kevin_magnussen,20,MAG,Kevin,Magnussen,Danish,haas,Haas F1 Team,American,17,13,13,0,56,Lapped,8,42,1:36.471,201.959
2023,1,Bahrain Grand Prix,2023-03-05,Bahrain International Circuit,Bahrain,de_vries,21,DEV,Nyck,de Vries,Dutch,alphatauri,AlphaTauri,Italian,19,14,14,0,56,Lapped,19,30,1:37.709,199.400
2023,1,Bahrain Grand Prix,2023-03-05,Bahrain International Circuit,Bahrain,hulkenberg,27,HUL,Nico,Hülkenberg,German,haas,Haas F1 Team,American,10,15,15,0,56,Lapped,11,42,1:36.616,201.656
2023,1,Bahrain Grand Prix,2023-03-05,Bahrain International Circuit,Bahrain,zhou,24,ZHO,Guanyu,Zhou,Chinese,alfa,Alfa Romeo,Swiss,13,16,16,0,56,Lapped,1,56,1:33.996,207.276
2023,1,Bahrain Grand Prix,2023-03-05,Bahrain International Circuit,Bahrain,norris,4,NOR,Lando,Norris,British,mclaren,McLaren,British,11,17,17,0,55,Lapped,3,51,1:35.822,203.327
2023,1,Bahrain Grand Prix,2023-03-05,Bahrain International Circuit,Bahrain,ocon,31,OCO,Esteban,Ocon,French,alpine,Alpine F1 Team,French,9,18,R,0,41,Retired,13,34,1:36.797,201.278
2023,1,Bahrain Grand Prix,2023-03-05,Bahrain International Circuit,Bahrain,leclerc,16,LEC,Charles,Leclerc,Monegasque,ferrari,Ferrari,Italian,3,19,R,0,39,Retired,16,37,1:37.170,200.506
2023,1,Bahrain Grand Prix,2023-03-05,Bahrain International Circuit,Bahrain,piastri,81,PIA,Oscar,Piastri,Australian,mclaren,McLaren,British,18,20,R,0,13,Retired,20,3,1:40.691,193.494
2023,2,Saudi Arabian Grand Prix,2023-03-19,Jeddah Corniche Circuit,Saudi Arabia,perez,11,PER,Sergio,Pérez,Mexican,red_bull,Red Bull,Austrian,1,1,1,25,50,Finished,2,38,1:32.188,241.098
2023,2,Saudi Arabian Grand Prix,2023-03-19,Jeddah Corniche Circuit,Saudi Arabia,max_verstappen,1,VER,Max,Verstappen,Dutch,red_bull,Red Bull,Austrian,15,2,2,19,50,Finished,1,50,1:31.906,241.838
2023,2,Saudi Arabian Grand Prix,2023-03-19,Jeddah Corniche Circuit,Saudi Arabia,alonso,14,ALO,Fernando,Alonso,Spanish,aston_martin,Aston Martin,British,2,3,3,15,50,Finished,3,50,1:32.240,240.962
2023,2,Saudi Arabian Grand Prix,2023-03-19,Jeddah Corniche Circuit,Saudi Arabia,russell,63,RUS,George,Russell,British,mercedes,Mercedes,German,3,4,4,12,50,Finished,4,50,1:32.433,240.459
2023,2,Saudi Arabian Grand Prix,2023-03-19,Jeddah Corniche Circuit,Saudi Arabia,hamilton,44,HAM,Lewis,Hamilton,British,mercedes,Mercedes,German,7,5,5,10,50,Finished,6,47,1:32.941,239.145
2023,2,Saudi Arabian Grand Prix,2023-03-19,Jeddah Corniche Circuit,Saudi Arabia,sainz,55,SAI,Carlos,Sainz,Spanish,ferrari,Ferrari,Italian,4,6,6,8,50,Finished,5,50,1:32.822,239.451
2023,2,Saudi Arabian Grand Prix,2023-03-19,Jeddah Corniche Circuit,Saudi Arabia,leclerc,16,LEC,Charles,Leclerc,Monegasque,ferrari,Ferrari,Italian,12,7,7,6,50,Finished,7,47,1:33.056,238.849
2023,2,Saudi Arabian Grand Prix,2023-03-19,Jeddah Corniche Circuit,Saudi Arabia,ocon,31,OCO,Esteban,Ocon,French,alpine,Alpine F1 Team,French,6,8,8,4,50,Finished,8,49,1:33.222,238.424
2023,2,Saudi Arabian Grand Prix,2023-03-19,Jeddah Corniche Circuit,Saudi Arabia,gasly,10,GAS,Pierre,Gasly,French,alpine,Alpine F1 Team,French,9,9,9,2,50,Finished,10,50,1:33.392,237.990
2023,2,Saudi Arabian Grand Prix,2023-03-19,Jeddah Corniche Circuit,Saudi Arabia,kevin_magnussen,20,MAG,Kevin,Magnussen,Danish,haas,Haas F1 Team,American,13,10,10,1,50,Finished,9,44,1:33.374,238.036
2023,2,Saudi Arabian Grand Prix,2023-03-19,Jeddah Corniche Circuit,Saudi Arabia,tsunoda,22,TSU,Yuki,Tsunoda,Japanese,alphatauri,AlphaTauri,Italian,16,11,11,0,50,Finished,14,50,1:33.931,236.624
2023,2,Saudi Arabian Grand Prix,2023-03-19,Jeddah Corniche Circuit,Saudi Arabia,hulkenberg,27,HUL,Nico,Hülkenberg,German,haas,Haas F1 Team,American,10,12,12,0,50,Finished,12,50,1:33.780,237.005
2023,2,Saudi Arabian Grand Prix,2023-03-19,Jeddah Corniche Circuit,Saudi Arabia,zhou,24,ZHO,Guanyu,Zhou,Chinese,alfa,Alfa Romeo,Swiss,11,13,13,0,50,Finished,13,49,1:33.894,236.718
2023,2,Saudi Arabian Grand Prix,2023-03-19,Jeddah Corniche Circuit,Saudi Arabia,de_vries,21,DEV,Nyck,de Vries,Dutch,alphatauri,AlphaTauri,Italian,18,14,14,0,50,Finished,11,49,1:33.609,237.438
2023,2,Saudi Arabian Grand Prix,2023-03-19,Jeddah Corniche Circuit,Saudi Arabia,piastri,81,PIA,Oscar,Piastri,Australian,mclaren,McLaren,British,8,15,15,0,50,Finished,16,48,1:34.287,235.731
2023,2,Saudi Arabian Grand Prix,2023-03-19,Jeddah Corniche Circuit,Saudi Arabia,sargeant,2,SAR,Logan,Sargeant,American,williams,Williams,British,20,16,16,0,50,Finished,18,49,1:34.469,235.277
2023,2,Saudi Arabian Grand Prix,2023-03-19,Jeddah Corniche Circuit,Saudi Arabia,norris,4,NOR,Lando,Norris,British,mclaren,McLaren,British,19,17,17,0,50,Finished,15,49,1:34.122,236.144
2023,2,Saudi Arabian Grand Prix,2023-03-19,Jeddah Corniche Circuit,Saudi Arabia,bottas,77,BOT,Valtteri,Bottas,Finnish,alfa,Alfa Romeo,Swiss,14,18,18,0,49,Lapped,17,37,1:34.384,235.489
2023,2,Saudi Arabian Grand Prix,2023-03-19,Jeddah Corniche Circuit,Saudi Arabia,albon,23,ALB,Alexander,Albon,Thai,williams,Williams,British,17,19,R,0,27,Retired,20,24,1:35.567,232.574
2023,2,Saudi Arabian Grand Prix,2023-03-19,Jeddah Corniche Circuit,Saudi Arabia,stroll,18,STR,Lance,Stroll,Canadian,aston_martin,Aston Martin,British,5,20,R,0,16,Retired,19,7,1:35.140,233.617
2023,3,Australian Grand Prix,2023-04-02,Albert Park Grand Prix Circuit,Australia,max_verstappen,1,VER,Max,Verstappen,Dutch,red_bull,Red Bull,Austrian,1,1,1,25,58,Finished,2,49,1:20.342,236.498
2023,3,Australian Grand Prix,2023-04-02,Albert Park Grand Prix Circuit,Australia,hamilton,44,HAM,Lewis,Hamilton,British,mercedes,Mercedes,German,3,2,2,18,58,Finished,5,49,1:20.613,235.703
2023,3,Australian Grand Prix,2023-04-02,Albert Park Grand Prix Circuit,Australia,alonso,14,ALO,Fernando,Alonso,Spanish,aston_martin,Aston Martin,British,4,3,3,15,58,Finished,4,53,1:20.476,236.105
2023,3,Australian Grand Prix,2023-04-02,Albert Park Grand Prix Circuit,Australia,stroll,18,STR,Lance,Stroll,Canadian,aston_martin,Aston Martin,British,6,4,4,12,58,Finished,6,50,1:20.934,234.769
2023,3,Australian Grand Prix,2023-04-02,Albert Park Grand Prix Circuit,Australia,perez,11,PER,Sergio,Pérez,Mexican,red_bull,Red Bull,Austrian,20,5,5,11,58,Finished,1,53,1:20.235,236.814
2023,3,Australian Grand Prix,2023-04-02,Albert Park Grand Prix Circuit,Australia,norris,4,NOR,Lando,Norris,British,mclaren,McLaren,British,13,6,6,8,58,Finished,9,46,1:21.173,234.077
2023,3,Australian Grand Prix,2023-04-02,Albert Park Grand Prix Circuit,Australia,hulkenberg,27,HUL,Nico,Hülkenberg,German,haas,Haas F1 Team,American,10,7,7,6,58,Finished,8,46,1:21.124,234.219
2023,3,Australian Grand Prix,2023-04-02,Albert Park Grand Prix Circuit,Australia,piastri,81,PIA,Oscar,Piastri,Australian,mclaren,McLaren,British,16,8,8,4,58,Finished,12,53,1:21.335,233.611
2023,3,Australian Grand Prix,2023-04-02,Albert Park Grand Prix Circuit,Australia,zhou,24,ZHO,Guanyu,Zhou,Chinese,alfa,Alfa Romeo,Swiss,17,9,9,2,58,Finished,16,48,1:21.819,232.229
2023,3,Australian Grand Prix,2023-04-02,Albert Park Grand Prix Circuit,Australia,tsunoda,22,TSU,Yuki,Tsunoda,Japanese,alphatauri,AlphaTauri,Italian,12,10,10,1,58,Finished,15,52,1:21.789,232.314
2023,3,Australian Grand Prix,2023-04-02,Albert Park Grand Prix Circuit,Australia,bottas,77,BOT,Valtteri,Bottas,Finnish,alfa,Alfa Romeo,Swiss,19,11,11,0,58,Finished,17,46,1:22.233,231.060
2023,3,Australian Grand Prix,2023-04-02,Albert Park Grand Prix Circuit,Australia,sainz,55,SAI,Carlos,Sainz,Spanish,ferrari,Ferrari,Italian,5,12,12,0,58,Finished,3,53,1:20.467,236.131
2023,3,Australian Grand Prix,2023-04-02,Albert Park Grand Prix Circuit,Australia,gasly,10,GAS,Pierre,Gasly,French,alpine,Alpine F1 Team,French,9,13,13,0,56,Retired,7,47,1:20.995,234.592
2023,3,Australian Grand Prix,2023-04-02,Albert Park Grand Prix Circuit,Australia,ocon,31,OCO,Esteban,Ocon,French,alpine,Alpine F1 Team,French,11,14,14,0,56,Retired,11,44,1:21.203,233.991
2023,3,Australian Grand Prix,2023-04-02,Albert Park Grand Prix Circuit,Australia,de_vries,21,DEV,Nyck,de Vries,Dutch,alphatauri,AlphaTauri,Italian,15,15,15,0,56,Retired,10,50,1:21.183,234.049
2023,3,Australian Grand Prix,2023-04-02,Albert Park Grand Prix Circuit,Australia,sargeant,2,SAR,Logan,Sargeant,American,williams,Williams,British,18,16,16,0,56,Retired,13,50,1:21.456,233.264
2023,3,Australian Grand Prix,2023-04-02,Albert Park Grand Prix Circuit,Australia,kevin_magnussen,20,MAG,Kevin,Magnussen,Danish,haas,Haas F1 Team,American,14,17,17,0,52,Retired,14,52,1:21.685,232.610
2023,3,Australian Grand Prix,2023-04-02,Albert Park Grand Prix Circuit,Australia,russell,63,RUS,George,Russell,British,mercedes,Mercedes,German,2,18,R,0,17,Retired,18,16,1:22.680,229.811
2023,3,Australian Grand Prix,2023-04-02,Albert Park Grand Prix Circuit,Australia,albon,23,ALB,Alexander,Albon,Thai,williams,Williams,British,8,19,R,0,6,Retired,19,6,1:23.349,227.966
2023,3,Australian Grand Prix,2023-04-02,Albert Park Grand Prix Circuit,Australia,leclerc,16,LEC,Charles,Leclerc,Monegasque,ferrari,Ferrari,Italian,7,20,R,0,0,Retired,,,,
2023,4,Azerbaijan Grand Prix,2023-04-30,Baku City Circuit,Azerbaijan,perez,11,PER,Sergio,Pérez,Mexican,red_bull,Red Bull,Austrian,3,1,1,25,51,Finished,5,50,1:44.589,206.625
2023,4,Azerbaijan Grand Prix,2023-04-30,Baku City Circuit,Azerbaijan,max_verstappen,1,VER,Max,Verstappen,Dutch,red_bull,Red Bull,Austrian,2,2,2,18,51,Finished,2,51,1:44.232,207.333
2023,4,Azerbaijan Grand Prix,2023-04-30,Baku City Circuit,Azerbaijan,leclerc,16,LEC,Charles,Leclerc,Monegasque,ferrari,Ferrari,Italian,1,3,3,15,51,Finished,4,49,1:44.561,206.681
2023,4,Azerbaijan Grand Prix,2023-04-30,Baku City Circuit,Azerbaijan,alonso,14,ALO,Fernando,Alonso,Spanish,aston_martin,Aston Martin,British,6,4,4,12,51,Finished,3,49,1:44.241,207.315
2023,4,Azerbaijan Grand Prix,2023-04-30,Baku City Circuit,Azerbaijan,sainz,55,SAI,Carlos,Sainz,Spanish,ferrari,Ferrari,Italian,4,5,5,10,51,Finished,6,48,1:45.175,205.474
2023,4,Azerbaijan Grand Prix,2023-04-30,Baku City Circuit,Azerbaijan,hamilton,44,HAM,Lewis,Hamilton,British,mercedes,Mercedes,German,5,6,6,8,51,Finished,7,48,1:45.346,205.141
2023,4,Azerbaijan Grand Prix,2023-04-30,Baku City Circuit,Azerbaijan,stroll,18,STR,Lance,Stroll,Canadian,aston_martin,Aston Martin,British,9,7,7,6,51,Finished,9,45,1:45.627,204.595
2023,4,Azerbaijan Grand Prix,2023-04-30,Baku City Circuit,Azerbaijan,russell,63,RUS,George,Russell,British,mercedes,Mercedes,German,11,8,8,5,51,Finished,1,51,1:43.370,209.062
2023,4,Azerbaijan Grand Prix,2023-04-30,Baku City Circuit,Azerbaijan,norris,4,NOR,Lando,Norris,British,mclaren,McLaren,British,7,9,9,2,51,Finished,12,49,1:45.738,204.380
2023,4,Azerbaijan Grand Prix,2023-04-30,Baku City Circuit,Azerbaijan,tsunoda,22,TSU,Yuki,Tsunoda,Japanese,alphatauri,AlphaTauri,Italian,8,10,10,1,51,Finished,11,51,1:45.727,204.401
2023,4,Azerbaijan Grand Prix,2023-04-30,Baku City Circuit,Azerbaijan,piastri,81,PIA,Oscar,Piastri,Australian,mclaren,McLaren,British,10,11,11,0,51,Finished,10,51,1:45.631,204.587
2023,4,Azerbaijan Grand Prix,2023-04-30,Baku City Circuit,Azerbaijan,albon,23,ALB,Alexander,Albon,Thai,williams,Williams,British,12,12,12,0,51,Finished,15,51,1:45.925,204.019
2023,4,Azerbaijan Grand Prix,2023-04-30,Baku City Circuit,Azerbaijan,kevin_magnussen,20,MAG,Kevin,Magnussen,Danish,haas,Haas F1 Team,American,16,13,13,0,51,Finished,13,51,1:45.850,204.164
2023,4,Azerbaijan Grand Prix,2023-04-30,Baku City Circuit,Azerbaijan,gasly,10,GAS,Pierre,Gasly,French,alpine,Alpine F1 Team,French,17,14,14,0,51,Finished,8,47,1:45.540,204.764
2023,4,Azerbaijan Grand Prix,2023-04-30,Baku City Circuit,Azerbaijan,ocon,31,OCO,Esteban,Ocon,French,alpine,Alpine F1 Team,French,19,15,15,0,51,Finished,14,49,1:45.908,204.052
2023,4,Azerbaijan Grand Prix,2023-04-30,Baku City Circuit,Azerbaijan,sargeant,2,SAR,Logan,Sargeant,American,williams,Williams,British,14,16,16,0,51,Finished,17,49,1:46.501,202.916
2023,4,Azerbaijan Grand Prix,2023-04-30,Baku City Circuit,Azerbaijan,hulkenberg,27,HUL,Nico,Hülkenberg,German,haas,Haas F1 Team,American,20,17,17,0,50,Lapped,18,34,1:46.731,202.479
2023,4,Azerbaijan Grand Prix,2023-04-30,Baku City Circuit,Azerbaijan,bottas,77,BOT,Valtteri,Bottas,Finnish,alfa,Alfa Romeo,Swiss,13,18,18,0,50,Lapped,16,36,1:46.304,203.292
2023,4,Azerbaijan Grand Prix,2023-04-30,Baku City Circuit,Azerbaijan,zhou,24,ZHO,Guanyu,Zhou,Chinese,alfa,Alfa Romeo,Swiss,15,19,R,0,36,Retired,19,31,1:47.553,200.931
2023,4,Azerbaijan Grand Prix,2023-04-30,Baku City Circuit,Azerbaijan,de_vries,21,DEV,Nyck,de Vries,Dutch,alphatauri,AlphaTauri,Italian,18,20,R,0,9,Retired,20,4,1:48.781,198.663
2023,5,Miami Grand Prix,2023-05-07,Miami International Autodrome,USA,max_verstappen,1,VER,Max,Verstappen,Dutch,red_bull,Red Bull,Austrian,9,1,1,26,57,Finished,1,56,1:29.708,217.184
2023,5,Miami Grand Prix,2023-05-07,Miami International Autodrome,USA,perez,11,PER,Sergio,Pérez,Mexican,red_bull,Red Bull,Austrian,1,2,2,18,57,Finished,3,57,1:30.560,215.141
2023,5,Miami Grand Prix,2023-05-07,Miami International Autodrome,USA,alonso,14,ALO,Fernando,Alonso,Spanish,aston_martin,Aston Martin,British,2,3,3,15,57,Finished,2,57,1:30.519,215.238
2023,5,Miami Grand Prix,2023-05-07,Miami International Autodrome,USA,russell,63,RUS,George,Russell,British,mercedes,Mercedes,German,6,4,4,12,57,Finished,7,57,1:31.015,214.065
2023,5,Miami Grand Prix,2023-05-07,Miami International Autodrome,USA,sainz,55,SAI,Carlos,Sainz,Spanish,ferrari,Ferrari,Italian,3,5,5,10,57,Finished,10,55,1:31.362,213.252
2023,5,Miami Grand Prix,2023-05-07,Miami International Autodrome,USA,hamilton,44,HAM,Lewis,Hamilton,British,mercedes,Mercedes,German,13,6,6,8,57,Finished,4,57,1:30.669,214.882
2023,5,Miami Grand Prix,2023-05-07,Miami International Autodrome,USA,leclerc,16,LEC,Charles,Leclerc,Monegasque,ferrari,Ferrari,Italian,7,7,7,6,57,Finished,11,57,1:31.434,213.084
2023,5,Miami Grand Prix,2023-05-07,Miami International Autodrome,USA,gasly,10,GAS,Pierre,Gasly,French,alpine,Alpine F1 Team,French,5,8,8,4,57,Finished,17,55,1:31.971,211.840
2023,5,Miami Grand Prix,2023-05-07,Miami International Autodrome,USA,ocon,31,OCO,Esteban,Ocon,French,alpine,Alpine F1 Team,French,8,9,9,2,57,Finished,9,56,1:31.143,213.765
2023,5,Miami Grand Prix,2023-05-07,Miami International Autodrome,USA,kevin_magnussen,20,MAG,Kevin,Magnussen,Danish,haas,Haas F1 Team,American,4,10,10,1,57,Finished,13,53,1:31.691,212.487
2023,5,Miami Grand Prix,2023-05-07,Miami International Autodrome,USA,tsunoda,22,TSU,Yuki,Tsunoda,Japanese,alphatauri,AlphaTauri,Italian,17,11,11,0,57,Finished,8,56,1:31.038,214.011
2023,5,Miami Grand Prix,2023-05-07,Miami International Autodrome,USA,stroll,18,STR,Lance,Stroll,Canadian,aston_martin,Aston Martin,British,18,12,12,0,57,Finished,5,44,1:30.862,214.426
2023,5,Miami Grand Prix,2023-05-07,Miami International Autodrome,USA,bottas,77,BOT,Valtteri,Bottas,Finnish,alfa,Alfa Romeo,Swiss,10,13,13,0,57,Finished,15,56,1:31.838,212.147
2023,5,Miami Grand Prix,2023-05-07,Miami International Autodrome,USA,albon,23,ALB,Alexander,Albon,Thai,williams,Williams,British,11,14,14,0,57,Finished,16,55,1:31.852,212.115
2023,5,Miami Grand Prix,2023-05-07,Miami International Autodrome,USA,hulkenberg,27,HUL,Nico,Hülkenberg,German,haas,Haas F1 Team,American,12,15,15,0,57,Finished,6,36,1:30.901,214.334
2023,5,Miami Grand Prix,2023-05-07,Miami International Autodrome,USA,zhou,24,ZHO,Guanyu,Zhou,Chinese,alfa,Alfa Romeo,Swiss,14,16,16,0,57,Finished,14,56,1:31.736,212.383
2023,5,Miami Grand Prix,2023-05-07,Miami International Autodrome,USA,norris,4,NOR,Lando,Norris,British,mclaren,McLaren,British,16,17,17,0,57,Finished,20,47,1:32.401,210.854
2023,5,Miami Grand Prix,2023-05-07,Miami International Autodrome,USA,de_vries,21,DEV,Nyck,de Vries,Dutch,alphatauri,AlphaTauri,Italian,15,18,18,0,57,Finished,12,57,1:31.562,212.786
2023,5,Miami Grand Prix,2023-05-07,Miami International Autodrome,USA,piastri,81,PIA,Oscar,Piastri,Australian,mclaren,McLaren,British,19,19,19,0,56,Lapped,18,56,1:32.006,211.760
2023,5,Miami Grand Prix,2023-05-07,Miami International Autodrome,USA,sargeant,2,SAR,Logan,Sargeant,American,williams,Williams,British,20,20,20,0,56,Lapped,19,50,1:32.384,210.893
2023,6,Monaco Grand Prix,2023-05-28,Circuit de Monaco,Monaco,max_verstappen,1,VER,Max,Verstappen,Dutch,red_bull,Red Bull,Austrian,1,1,1,25,78,Finished,7,23,1:16.604,156.822
2023,6,Monaco Grand Prix,2023-05-28,Circuit de Monaco,Monaco,alonso,14,ALO,Fernando,Alonso,Spanish,aston_martin,Aston Martin,British,2,2,2,18,78,Finished,9,43,1:16.674,156.678
2023,6,Monaco Grand Prix,2023-05-28,Circuit de Monaco,Monaco,ocon,31,OCO,Esteban,Ocon,French,alpine,Alpine F1 Team,French,3,3,3,15,78,Finished,6,41,1:16.528,156.977
2023,6,Monaco Grand Prix,2023-05-28,Circuit de Monaco,Monaco,hamilton,44,HAM,Lewis,Hamilton,British,mercedes,Mercedes,German,5,4,4,13,78,Finished,1,33,1:15.650,158.799
2023,6,Monaco Grand Prix,2023-05-28,Circuit de Monaco,Monaco,russell,63,RUS,George,Russell,British,mercedes,Mercedes,German,8,5,5,10,78,Finished,10,48,1:16.798,156.425
2023,6,Monaco Grand Prix,2023-05-28,Circuit de Monaco,Monaco,leclerc,16,LEC,Charles,Leclerc,Monegasque,ferrari,Ferrari,Italian,6,6,6,8,78,Finished,2,46,1:15.773,158.541
2023,6,Monaco Grand Prix,2023-05-28,Circuit de Monaco,Monaco,gasly,10,GAS,Pierre,Gasly,French,alpine,Alpine F1 Team,French,7,7,7,6,78,Finished,3,49,1:15.831,158.420
2023,6,Monaco Grand Prix,2023-05-28,Circuit de Monaco,Monaco,sainz,55,SAI,Carlos,Sainz,Spanish,ferrari,Ferrari,Italian,4,8,8,4,78,Finished,5,43,1:16.449,157.140
2023,6,Monaco Grand Prix,2023-05-28,Circuit de Monaco,Monaco,norris,4,NOR,Lando,Norris,British,mclaren,McLaren,British,10,9,9,2,77,Lapped,19,46,1:17.844,154.324
2023,6,Monaco Grand Prix,2023-05-28,Circuit de Monaco,Monaco,piastri,81,PIA,Oscar,Piastri,Australian,mclaren,McLaren,British,11,10,10,1,77,Lapped,14,47,1:17.513,154.983
2023,6,Monaco Grand Prix,2023-05-28,Circuit de Monaco,Monaco,bottas,77,BOT,Valtteri,Bottas,Finnish,alfa,Alfa Romeo,Swiss,15,11,11,0,77,Lapped,18,19,1:17.824,154.363
2023,6,Monaco Grand Prix,2023-05-28,Circuit de Monaco,Monaco,de_vries,21,DEV,Nyck,de Vries,Dutch,alphatauri,AlphaTauri,Italian,12,12,12,0,77,Lapped,15,43,1:17.561,154.887
2023,6,Monaco Grand Prix,2023-05-28,Circuit de Monaco,Monaco,zhou,24,ZHO,Guanyu,Zhou,Chinese,alfa,Alfa Romeo,Swiss,19,13,13,0,77,Lapped,11,5,1:16.926,156.165
2023,6,Monaco Grand Prix,2023-05-28,Circuit de Monaco,Monaco,albon,23,ALB,Alexander,Albon,Thai,williams,Williams,British,13,14,14,0,77,Lapped,8,24,1:16.672,156.683
2023,6,Monaco Grand Prix,2023-05-28,Circuit de Monaco,Monaco,tsunoda,22,TSU,Yuki,Tsunoda,Japanese,alphatauri,AlphaTauri,Italian,9,15,15,0,76,Lapped,16,36,1:17.680,154.649
2023,6,Monaco Grand Prix,2023-05-28,Circuit de Monaco,Monaco,perez,11,PER,Sergio,Pérez,Mexican,red_bull,Red Bull,Austrian,20,16,16,0,76,Lapped,4,5,1:16.269,157.510
2023,6,Monaco Grand Prix,2023-05-28,Circuit de Monaco,Monaco,hulkenberg,27,HUL,Nico,Hülkenberg,German,haas,Haas F1 Team,American,18,17,17,0,76,Lapped,12,6,1:16.991,156.033
2023,6,Monaco Grand Prix,2023-05-28,Circuit de Monaco,Monaco,sargeant,2,SAR,Logan,Sargeant,American,williams,Williams,British,16,18,18,0,76,Lapped,13,32,1:17.302,155.406
2023,6,Monaco Grand Prix,2023-05-28,Circuit de Monaco,Monaco,kevin_magnussen,20,MAG,Kevin,Magnussen,Danish,haas,Haas F1 Team,American,17,19,19,0,70,Retired,20,41,1:18.351,153.325
2023,6,Monaco Grand Prix,2023-05-28,Circuit de Monaco,Monaco,stroll,18,STR,Lance,Stroll,Canadian,aston_martin,Aston Martin,British,14,20,R,0,53,Retired,17,18,1:17.769,154.472
2023,7,Spanish Grand Prix,2023-06-04,Circuit de Barcelona-Catalunya,Spain,max_verstappen,1,VER,Max,Verstappen,Dutch,red_bull,Red Bull,Austrian,1,1,1,26,66,Finished,1,61,1:16.330,219.641
2023,7,Spanish Grand Prix,2023-06-04,Circuit de Barcelona-Catalunya,Spain,hamilton,44,HAM,Lewis,Hamilton,British,mercedes,Mercedes,German,4,2,2,18,66,Finished,3,62,1:16.676,218.649
2023,7,Spanish Grand Prix,2023-06-04,Circuit de Barcelona-Catalunya,Spain,russell,63,RUS,George,Russell,British,mercedes,Mercedes,German,12,3,3,15,66,Finished,5,48,1:17.875,215.283
2023,7,Spanish Grand Prix,2023-06-04,Circuit de Barcelona-Catalunya,Spain,perez,11,PER,Sergio,Pérez,Mexican,red_bull,Red Bull,Austrian,11,4,4,12,66,Finished,2,52,1:16.666,218.678
2023,7,Spanish Grand Prix,2023-06-04,Circuit de Barcelona-Catalunya,Spain,sainz,55,SAI,Carlos,Sainz,Spanish,ferrari,Ferrari,Italian,2,5,5,10,66,Finished,11,60,1:18.403,213.833
2023,7,Spanish Grand Prix,2023-06-04,Circuit de Barcelona-Catalunya,Spain,stroll,18,STR,Lance,Stroll,Canadian,aston_martin,Aston Martin,British,5,6,6,8,66,Finished,14,56,1:18.722,212.967
2023,7,Spanish Grand Prix,2023-06-04,Circuit de Barcelona-Catalunya,Spain,alonso,14,ALO,Fernando,Alonso,Spanish,aston_martin,Aston Martin,British,8,7,7,6,66,Finished,7,49,1:18.083,214.709
2023,7,Spanish Grand Prix,2023-06-04,Circuit de Barcelona-Catalunya,Spain,ocon,31,OCO,Esteban,Ocon,French,alpine,Alpine F1 Team,French,6,8,8,4,66,Finished,18,54,1:18.946,212.362
2023,7,Spanish Grand Prix,2023-06-04,Circuit de Barcelona-Catalunya,Spain,zhou,24,ZHO,Guanyu,Zhou,Chinese,alfa,Alfa Romeo,Swiss,13,9,9,2,66,Finished,15,38,1:18.753,212.883
2023,7,Spanish Grand Prix,2023-06-04,Circuit de Barcelona-Catalunya,Spain,gasly,10,GAS,Pierre,Gasly,French,alpine,Alpine F1 Team,French,10,10,10,1,66,Finished,10,41,1:18.375,213.910
2023,7,Spanish Grand Prix,2023-06-04,Circuit de Barcelona-Catalunya,Spain,leclerc,16,LEC,Charles,Leclerc,Monegasque,ferrari,Ferrari,Italian,19,11,11,0,66,Finished,9,52,1:18.357,213.959
2023,7,Spanish Grand Prix,2023-06-04,Circuit de Barcelona-Catalunya,Spain,tsunoda,22,TSU,Yuki,Tsunoda,Japanese,alphatauri,AlphaTauri,Italian,15,12,12,0,66,Finished,17,59,1:18.904,212.475
2023,7,Spanish Grand Prix,2023-06-04,Circuit de Barcelona-Catalunya,Spain,piastri,81,PIA,Oscar,Piastri,Australian,mclaren,McLaren,British,9,13,13,0,65,Lapped,13,41,1:18.679,213.083
2023,7,Spanish Grand Prix,2023-06-04,Circuit de Barcelona-Catalunya,Spain,de_vries,21,DEV,Nyck,de Vries,Dutch,alphatauri,AlphaTauri,Italian,14,14,14,0,65,Lapped,12,41,1:18.594,213.313
2023,7,Spanish Grand Prix,2023-06-04,Circuit de Barcelona-Catalunya,Spain,hulkenberg,27,HUL,Nico,Hülkenberg,German,haas,Haas F1 Team,American,7,15,15,0,65,Lapped,16,53,1:18.776,212.821
2023,7,Spanish Grand Prix,2023-06-04,Circuit de Barcelona-Catalunya,Spain,albon,23,ALB,Alexander,Albon,Thai,williams,Williams,British,18,16,16,0,65,Lapped,19,59,1:19.133,211.861
2023,7,Spanish Grand Prix,2023-06-04,Circuit de Barcelona-Catalunya,Spain,norris,4,NOR,Lando,Norris,British,mclaren,McLaren,British,3,17,17,0,65,Lapped,4,55,1:17.182,217.216
2023,7,Spanish Grand Prix,2023-06-04,Circuit de Barcelona-Catalunya,Spain,kevin_magnussen,20,MAG,Kevin,Magnussen,Danish,haas,Haas F1 Team,American,17,18,18,0,65,Lapped,6,44,1:18.069,214.748
2023,7,Spanish Grand Prix,2023-06-04,Circuit de Barcelona-Catalunya,Spain,bottas,77,BOT,Valtteri,Bottas,Finnish,alfa,Alfa Romeo,Swiss,16,19,19,0,65,Lapped,8,50,1:18.242,214.273
2023,7,Spanish Grand Prix,2023-06-04,Circuit de Barcelona-Catalunya,Spain,sargeant,2,SAR,Logan,Sargeant,American,williams,Williams,British,20,20,20,0,65,Lapped,20,41,1:19.247,211.556
2023,8,Canadian Grand Prix,2023-06-18,Circuit Gilles Villeneuve,Canada,max_verstappen,1,VER,Max,Verstappen,Dutch,red_bull,Red Bull,Austrian,1,1,1,25,70,Finished,3,68,1:15.594,207.683
2023,8,Canadian Grand Prix,2023-06-18,Circuit Gilles Villeneuve,Canada,alonso,14,ALO,Fernando,Alonso,Spanish,aston_martin,Aston Martin,British,2,2,2,18,70,Finished,4,62,1:15.779,207.176
2023,8,Canadian Grand Prix,2023-06-18,Circuit Gilles Villeneuve,Canada,hamilton,44,HAM,Lewis,Hamilton,British,mercedes,Mercedes,German,3,3,3,15,70,Finished,2,47,1:15.396,208.228
2023,8,Canadian Grand Prix,2023-06-18,Circuit Gilles Villeneuve,Canada,leclerc,16,LEC,Charles,Leclerc,Monegasque,ferrari,Ferrari,Italian,10,4,4,12,70,Finished,5,47,1:15.907,206.826
2023,8,Canadian Grand Prix,2023-06-18,Circuit Gilles Villeneuve,Canada,sainz,55,SAI,Carlos,Sainz,Spanish,ferrari,Ferrari,Italian,11,5,5,10,70,Finished,6,47,1:15.911,206.815
2023,8,Canadian Grand Prix,2023-06-18,Circuit Gilles Villeneuve,Canada,perez,11,PER,Sergio,Pérez,Mexican,red_bull,Red Bull,Austrian,12,6,6,9,70,Finished,1,70,1:14.481,210.786
2023,8,Canadian Grand Prix,2023-06-18,Circuit Gilles Villeneuve,Canada,albon,23,ALB,Alexander,Albon,Thai,williams,Williams,British,9,7,7,6,70,Finished,16,68,1:16.917,204.110
2023,8,Canadian Grand Prix,2023-06-18,Circuit Gilles Villeneuve,Canada,ocon,31,OCO,Esteban,Ocon,French,alpine,Alpine F1 Team,French,6,8,8,4,70,Finished,15,63,1:16.782,204.469
2023,8,Canadian Grand Prix,2023-06-18,Circuit Gilles Villeneuve,Canada,stroll,18,STR,Lance,Stroll,Canadian,aston_martin,Aston Martin,British,16,9,9,2,70,Finished,10,58,1:16.564,205.051
2023,8,Canadian Grand Prix,2023-06-18,Circuit Gilles Villeneuve,Canada,bottas,77,BOT,Valtteri,Bottas,Finnish,alfa,Alfa Romeo,Swiss,14,10,10,1,70,Finished,12,52,1:16.625,204.888
2023,8,Canadian Grand Prix,2023-06-18,Circuit Gilles Villeneuve,Canada,piastri,81,PIA,Oscar,Piastri,Australian,mclaren,McLaren,British,8,11,11,0,70,Finished,11,59,1:16.598,204.960
2023,8,Canadian Grand Prix,2023-06-18,Circuit Gilles Villeneuve,Canada,gasly,10,GAS,Pierre,Gasly,French,alpine,Alpine F1 Team,French,15,12,12,0,70,Finished,9,67,1:16.425,205.424
2023,8,Canadian Grand Prix,2023-06-18,Circuit Gilles Villeneuve,Canada,norris,4,NOR,Lando,Norris,British,mclaren,McLaren,British,7,13,13,0,70,Finished,8,65,1:16.374,205.562
2023,8,Canadian Grand Prix,2023-06-18,Circuit Gilles Villeneuve,Canada,tsunoda,22,TSU,Yuki,Tsunoda,Japanese,alphatauri,AlphaTauri,Italian,19,14,14,0,70,Finished,14,68,1:16.666,204.779
2023,8,Canadian Grand Prix,2023-06-18,Circuit Gilles Villeneuve,Canada,hulkenberg,27,HUL,Nico,Hülkenberg,German,haas,Haas F1 Team,American,5,15,15,0,69,Lapped,19,37,1:17.232,203.278
2023,8,Canadian Grand Prix,2023-06-18,Circuit Gilles Villeneuve,Canada,zhou,24,ZHO,Guanyu,Zhou,Chinese,alfa,Alfa Romeo,Swiss,20,16,16,0,69,Lapped,17,58,1:17.090,203.652
2023,8,Canadian Grand Prix,2023-06-18,Circuit Gilles Villeneuve,Canada,kevin_magnussen,20,MAG,Kevin,Magnussen,Danish,haas,Haas F1 Team,American,13,17,17,0,69,Lapped,7,55,1:16.126,206.231
2023,8,Canadian Grand Prix,2023-06-18,Circuit Gilles Villeneuve,Canada,de_vries,21,DEV,Nyck,de Vries,Dutch,alphatauri,AlphaTauri,Italian,17,18,18,0,69,Lapped,13,52,1:16.656,204.805
2023,8,Canadian Grand Prix,2023-06-18,Circuit Gilles Villeneuve,Canada,russell,63,RUS,George,Russell,British,mercedes,Mercedes,German,4,19,R,0,53,Retired,18,44,1:17.097,203.634
2023,8,Canadian Grand Prix,2023-06-18,Circuit Gilles Villeneuve,Canada,sargeant,2,SAR,Logan,Sargeant,American,williams,Williams,British,18,20,R,0,6,Retired,20,4,1:18.437,200.155
2023,9,Austrian Grand Prix,2023-07-02,Red Bull Ring,Austria,max_verstappen,1,VER,Max,Verstappen,Dutch,red_bull,Red Bull,Austrian,1,1,1,26,71,Finished,1,71,1:07.012,231.970
2023,9,Austrian Grand Prix,2023-07-02,Red Bull Ring,Austria,leclerc,16,LEC,Charles,Leclerc,Monegasque,ferrari,Ferrari,Italian,2,2,2,18,71,Finished,5,51,1:08.820,225.876
2023,9,Austrian Grand Prix,2023-07-02,Red Bull Ring,Austria,perez,11,PER,Sergio,Pérez,Mexican,red_bull,Red Bull,Austrian,15,3,3,15,71,Finished,2,52,1:08.111,228.227
2023,9,Austrian Grand Prix,2023-07-02,Red Bull Ring,Austria,norris,4,NOR,Lando,Norris,British,mclaren,McLaren,British,4,4,4,12,71,Finished,4,48,1:08.739,226.142
2023,9,Austrian Grand Prix,2023-07-02,Red Bull Ring,Austria,alonso,14,ALO,Fernando,Alonso,Spanish,aston_martin,Aston Martin,British,7,5,5,10,71,Finished,8,54,1:09.108,224.934
2023,9,Austrian Grand Prix,2023-07-02,Red Bull Ring,Austria,sainz,55,SAI,Carlos,Sainz,Spanish,ferrari,Ferrari,Italian,3,6,6,8,71,Finished,6,50,1:08.880,225.679
2023,9,Austrian Grand Prix,2023-07-02,Red Bull Ring,Austria,russell,63,RUS,George,Russell,British,mercedes,Mercedes,German,11,7,7,6,71,Finished,10,49,1:09.283,224.366
2023,9,Austrian Grand Prix,2023-07-02,Red Bull Ring,Austria,hamilton,44,HAM,Lewis,Hamilton,British,mercedes,Mercedes,German,5,8,8,4,71,Finished,9,48,1:09.160,224.765
2023,9,Austrian Grand Prix,2023-07-02,Red Bull Ring,Austria,stroll,18,STR,Lance,Stroll,Canadian,aston_martin,Aston Martin,British,6,9,9,2,71,Finished,3,57,1:08.463,227.054
2023,9,Austrian Grand Prix,2023-07-02,Red Bull Ring,Austria,gasly,10,GAS,Pierre,Gasly,French,alpine,Alpine F1 Team,French,9,10,10,1,71,Finished,7,48,1:09.046,225.136
2023,9,Austrian Grand Prix,2023-07-02,Red Bull Ring,Austria,albon,23,ALB,Alexander,Albon,Thai,williams,Williams,British,10,11,11,0,71,Finished,11,53,1:09.560,223.473
2023,9,Austrian Grand Prix,2023-07-02,Red Bull Ring,Austria,zhou,24,ZHO,Guanyu,Zhou,Chinese,alfa,Alfa Romeo,Swiss,17,12,12,0,70,Lapped,14,46,1:09.786,222.749
2023,9,Austrian Grand Prix,2023-07-02,Red Bull Ring,Austria,sargeant,2,SAR,Logan,Sargeant,American,williams,Williams,British,18,13,13,0,70,Lapped,12,45,1:09.611,223.309
2023,9,Austrian Grand Prix,2023-07-02,Red Bull Ring,Austria,ocon,31,OCO,Esteban,Ocon,French,alpine,Alpine F1 Team,French,12,14,14,0,70,Lapped,15,50,1:09.797,222.714
2023,9,Austrian Grand Prix,2023-07-02,Red Bull Ring,Austria,bottas,77,BOT,Valtteri,Bottas,Finnish,alfa,Alfa Romeo,Swiss,14,15,15,0,70,Lapped,18,49,1:09.940,222.259
2023,9,Austrian Grand Prix,2023-07-02,Red Bull Ring,Austria,piastri,81,PIA,Oscar,Piastri,Australian,mclaren,McLaren,British,13,16,16,0,70,Lapped,17,46,1:09.862,222.507
2023,9,Austrian Grand Prix,2023-07-02,Red Bull Ring,Austria,de_vries,21,DEV,Nyck,de Vries,Dutch,alphatauri,AlphaTauri,Italian,20,17,17,0,70,Lapped,16,46,1:09.852,222.539
2023,9,Austrian Grand Prix,2023-07-02,Red Bull Ring,Austria,kevin_magnussen,20,MAG,Kevin,Magnussen,Danish,haas,Haas F1 Team,American,19,18,18,0,70,Lapped,19,37,1:10.176,221.511
2023,9,Austrian Grand Prix,2023-07-02,Red Bull Ring,Austria,tsunoda,22,TSU,Yuki,Tsunoda,Japanese,alphatauri,AlphaTauri,Italian,16,19,19,0,70,Lapped,13,45,1:09.620,223.280
2023,9,Austrian Grand Prix,2023-07-02,Red Bull Ring,Austria,hulkenberg,27,HUL,Nico,Hülkenberg,German,haas,Haas F1 Team,American,8,20,R,0,12,Retired,20,7,1:11.066,218.737
2023,10,British Grand Prix,2023-07-09,Silverstone Circuit,UK,max_verstappen,1,VER,Max,Verstappen,Dutch,red_bull,Red Bull,Austrian,1,1,1,26,52,Finished,1,42,1:30.275,234.922
2023,10,British Grand Prix,2023-07-09,Silverstone Circuit,UK,norris,4,NOR,Lando,Norris,British,mclaren,McLaren,British,2,2,2,18,52,Finished,2,43,1:30.543,234.226
2023,10,British Grand Prix,2023-07-09,Silverstone Circuit,UK,hamilton,44,HAM,Lewis,Hamilton,British,mercedes,Mercedes,German,7,3,3,15,52,Finished,3,43,1:30.545,234.221
2023,10,British Grand Prix,2023-07-09,Silverstone Circuit,UK,piastri,81,PIA,Oscar,Piastri,Australian,mclaren,McLaren,British,3,4,4,12,52,Finished,4,41,1:30.850,233.435
2023,10,British Grand Prix,2023-07-09,Silverstone Circuit,UK,russell,63,RUS,George,Russell,British,mercedes,Mercedes,German,6,5,5,10,52,Finished,6,41,1:31.124,232.733
2023,10,British Grand Prix,2023-07-09,Silverstone Circuit,UK,perez,11,PER,Sergio,Pérez,Mexican,red_bull,Red Bull,Austrian,15,6,6,8,52,Finished,5,51,1:30.914,233.271
2023,10,British Grand Prix,2023-07-09,Silverstone Circuit,UK,alonso,14,ALO,Fernando,Alonso,Spanish,aston_martin,Aston Martin,British,9,7,7,6,52,Finished,9,48,1:31.338,232.188
2023,10,British Grand Prix,2023-07-09,Silverstone Circuit,UK,albon,23,ALB,Alexander,Albon,Thai,williams,Williams,British,8,8,8,4,52,Finished,8,41,1:31.273,232.353
2023,10,British Grand Prix,2023-07-09,Silverstone Circuit,UK,leclerc,16,LEC,Charles,Leclerc,Monegasque,ferrari,Ferrari,Italian,4,9,9,2,52,Finished,7,48,1:31.255,232.399
2023,10,British Grand Prix,2023-07-09,Silverstone Circuit,UK,sainz,55,SAI,Carlos,Sainz,Spanish,ferrari,Ferrari,Italian,5,10,10,1,52,Finished,10,51,1:31.366,232.116
2023,10,British Grand Prix,2023-07-09,Silverstone Circuit,UK,sargeant,2,SAR,Logan,Sargeant,American,williams,Williams,British,14,11,11,0,52,Finished,13,42,1:31.699,231.274
2023,10,British Grand Prix,2023-07-09,Silverstone Circuit,UK,bottas,77,BOT,Valtteri,Bottas,Finnish,alfa,Alfa Romeo,Swiss,20,12,12,0,52,Finished,16,52,1:31.852,230.888
2023,10,British Grand Prix,2023-07-09,Silverstone Circuit,UK,hulkenberg,27,HUL,Nico,Hülkenberg,German,haas,Haas F1 Team,American,11,13,13,0,52,Finished,15,52,1:31.776,231.080
2023,10,British Grand Prix,2023-07-09,Silverstone Circuit,UK,stroll,18,STR,Lance,Stroll,Canadian,aston_martin,Aston Martin,British,12,14,14,0,52,Finished,11,42,1:31.508,231.756
2023,10,British Grand Prix,2023-07-09,Silverstone Circuit,UK,zhou,24,ZHO,Guanyu,Zhou,Chinese,alfa,Alfa Romeo,Swiss,17,15,15,0,52,Finished,14,48,1:31.769,231.097
2023,10,British Grand Prix,2023-07-09,Silverstone Circuit,UK,tsunoda,22,TSU,Yuki,Tsunoda,Japanese,alphatauri,AlphaTauri,Italian,16,16,16,0,52,Finished,17,48,1:32.084,230.307
2023,10,British Grand Prix,2023-07-09,Silverstone Circuit,UK,de_vries,21,DEV,Nyck,de Vries,Dutch,alphatauri,AlphaTauri,Italian,18,17,17,0,52,Finished,18,48,1:32.353,229.636
2023,10,British Grand Prix,2023-07-09,Silverstone Circuit,UK,gasly,10,GAS,Pierre,Gasly,French,alpine,Alpine F1 Team,French,10,18,18,0,46,Retired,12,42,1:31.539,231.678
2023,10,British Grand Prix,2023-07-09,Silverstone Circuit,UK,kevin_magnussen,20,MAG,Kevin,Magnussen,Danish,haas,Haas F1 Team,American,19,19,R,0,31,Retired,19,29,1:33.356,227.169
2023,10,British Grand Prix,2023-07-09,Silverstone Circuit,UK,ocon,31,OCO,Esteban,Ocon,French,alpine,Alpine F1 Team,French,13,20,R,0,9,Retired,20,4,1:33.941,225.754
2023,11,Hungarian Grand Prix,2023-07-23,Hungaroring,Hungary,max_verstappen,1,VER,Max,Verstappen,Dutch,red_bull,Red Bull,Austrian,2,1,1,26,70,Finished,1,53,1:20.504,195.910
2023,11,Hungarian Grand Prix,2023-07-23,Hungaroring,Hungary,norris,4,NOR,Lando,Norris,British,mclaren,McLaren,British,3,2,2,18,70,Finished,4,50,1:22.178,191.919
2023,11,Hungarian Grand Prix,2023-07-23,Hungaroring,Hungary,perez,11,PER,Sergio,Pérez,Mexican,red_bull,Red Bull,Austrian,9,3,3,15,70,Finished,5,53,1:22.295,191.647
2023,11,Hungarian Grand Prix,2023-07-23,Hungaroring,Hungary,hamilton,44,HAM,Lewis,Hamilton,British,mercedes,Mercedes,German,1,4,4,12,70,Finished,2,54,1:21.601,193.277
2023,11,Hungarian Grand Prix,2023-07-23,Hungaroring,Hungary,piastri,81,PIA,Oscar,Piastri,Australian,mclaren,McLaren,British,4,5,5,10,70,Finished,8,45,1:22.736,190.625
2023,11,Hungarian Grand Prix,2023-07-23,Hungaroring,Hungary,russell,63,RUS,George,Russell,British,mercedes,Mercedes,German,18,6,6,8,70,Finished,3,48,1:22.158,191.966
2023,11,Hungarian Grand Prix,2023-07-23,Hungaroring,Hungary,leclerc,16,LEC,Charles,Leclerc,Monegasque,ferrari,Ferrari,Italian,6,7,7,6,70,Finished,6,50,1:22.469,191.242
2023,11,Hungarian Grand Prix,2023-07-23,Hungaroring,Hungary,sainz,55,SAI,Carlos,Sainz,Spanish,ferrari,Ferrari,Italian,11,8,8,4,70,Finished,7,54,1:22.584,190.976
2023,11,Hungarian Grand Prix,2023-07-23,Hungaroring,Hungary,alonso,14,ALO,Fernando,Alonso,Spanish,aston_martin,Aston Martin,British,8,9,9,2,70,Finished,9,51,1:22.745,190.604
2023,11,Hungarian Grand Prix,2023-07-23,Hungaroring,Hungary,stroll,18,STR,Lance,Stroll,Canadian,aston_martin,Aston Martin,British,14,10,10,1,69,Lapped,11,54,1:23.425,189.051
2023,11,Hungarian Grand Prix,2023-07-23,Hungaroring,Hungary,albon,23,ALB,Alexander,Albon,Thai,williams,Williams,British,16,11,11,0,69,Lapped,18,54,1:24.051,187.643
2023,11,Hungarian Grand Prix,2023-07-23,Hungaroring,Hungary,bottas,77,BOT,Valtteri,Bottas,Finnish,alfa,Alfa Romeo,Swiss,7,12,12,0,69,Lapped,14,42,1:23.651,188.540
2023,11,Hungarian Grand Prix,2023-07-23,Hungaroring,Hungary,ricciardo,3,RIC,Daniel,Ricciardo,Australian,alphatauri,AlphaTauri,Italian,13,13,13,0,69,Lapped,17,67,1:23.934,187.904
2023,11,Hungarian Grand Prix,2023-07-23,Hungaroring,Hungary,hulkenberg,27,HUL,Nico,Hülkenberg,German,haas,Haas F1 Team,American,10,14,14,0,69,Lapped,13,42,1:23.573,188.716
2023,11,Hungarian Grand Prix,2023-07-23,Hungaroring,Hungary,tsunoda,22,TSU,Yuki,Tsunoda,Japanese,alphatauri,AlphaTauri,Italian,17,15,15,0,69,Lapped,10,68,1:23.269,189.405
2023,11,Hungarian Grand Prix,2023-07-23,Hungaroring,Hungary,zhou,24,ZHO,Guanyu,Zhou,Chinese,alfa,Alfa Romeo,Swiss,5,16,16,0,69,Lapped,15,12,1:23.743,188.333
2023,11,Hungarian Grand Prix,2023-07-23,Hungaroring,Hungary,kevin_magnussen,20,MAG,Kevin,Magnussen,Danish,haas,Haas F1 Team,American,19,17,17,0,69,Lapped,16,54,1:23.864,188.061
2023,11,Hungarian Grand Prix,2023-07-23,Hungaroring,Hungary,sargeant,2,SAR,Logan,Sargeant,American,williams,Williams,British,20,18,18,0,67,Retired,12,36,1:23.496,188.890
2023,11,Hungarian Grand Prix,2023-07-23,Hungaroring,Hungary,ocon,31,OCO,Esteban,Ocon,French,alpine,Alpine F1 Team,French,12,19,R,0,2,Retired,,,,
2023,11,Hungarian Grand Prix,2023-07-23,Hungaroring,Hungary,gasly,10,GAS,Pierre,Gasly,French,alpine,Alpine F1 Team,French,15,20,R,0,1,Retired,,,,
2023,12,Belgian Grand Prix,2023-07-30,Circuit de Spa-Francorchamps,Belgium,max_verstappen,1,VER,Max,Verstappen,Dutch,red_bull,Red Bull,Austrian,6,1,1,25,44,Finished,2,32,1:48.922,231.490
2023,12,Belgian Grand Prix,2023-07-30,Circuit de Spa-Francorchamps,Belgium,perez,11,PER,Sergio,Pérez,Mexican,red_bull,Red Bull,Austrian,2,2,2,18,44,Finished,6,31,1:50.308,228.581
2023,12,Belgian Grand Prix,2023-07-30,Circuit de Spa-Francorchamps,Belgium,leclerc,16,LEC,Charles,Leclerc,Monegasque,ferrari,Ferrari,Italian,1,3,3,15,44,Finished,7,30,1:50.436,228.316
2023,12,Belgian Grand Prix,2023-07-30,Circuit de Spa-Francorchamps,Belgium,hamilton,44,HAM,Lewis,Hamilton,British,mercedes,Mercedes,German,3,4,4,13,44,Finished,1,44,1:47.305,234.978
2023,12,Belgian Grand Prix,2023-07-30,Circuit de Spa-Francorchamps,Belgium,alonso,14,ALO,Fernando,Alonso,Spanish,aston_martin,Aston Martin,British,9,5,5,10,44,Finished,13,42,1:50.938,227.283
2023,12,Belgian Grand Prix,2023-07-30,Circuit de Spa-Francorchamps,Belgium,russell,63,RUS,George,Russell,British,mercedes,Mercedes,German,8,6,6,8,44,Finished,11,25,1:50.603,227.972
2023,12,Belgian Grand Prix,2023-07-30,Circuit de Spa-Francorchamps,Belgium,norris,4,NOR,Lando,Norris,British,mclaren,McLaren,British,7,7,7,6,44,Finished,18,26,1:51.682,225.769
2023,12,Belgian Grand Prix,2023-07-30,Circuit de Spa-Francorchamps,Belgium,ocon,31,OCO,Esteban,Ocon,French,alpine,Alpine F1 Team,French,14,8,8,4,44,Finished,8,27,1:50.439,228.310
2023,12,Belgian Grand Prix,2023-07-30,Circuit de Spa-Francorchamps,Belgium,stroll,18,STR,Lance,Stroll,Canadian,aston_martin,Aston Martin,British,10,9,9,2,44,Finished,16,26,1:51.297,226.550
2023,12,Belgian Grand Prix,2023-07-30,Circuit de Spa-Francorchamps,Belgium,tsunoda,22,TSU,Yuki,Tsunoda,Japanese,alphatauri,AlphaTauri,Italian,11,10,10,1,44,Finished,17,26,1:51.394,226.353
2023,12,Belgian Grand Prix,2023-07-30,Circuit de Spa-Francorchamps,Belgium,gasly,10,GAS,Pierre,Gasly,French,alpine,Alpine F1 Team,French,12,11,11,0,44,Finished,12,25,1:50.911,227.339
2023,12,Belgian Grand Prix,2023-07-30,Circuit de Spa-Francorchamps,Belgium,bottas,77,BOT,Valtteri,Bottas,Finnish,alfa,Alfa Romeo,Swiss,13,12,12,0,44,Finished,10,26,1:50.515,228.153
2023,12,Belgian Grand Prix,2023-07-30,Circuit de Spa-Francorchamps,Belgium,zhou,24,ZHO,Guanyu,Zhou,Chinese,alfa,Alfa Romeo,Swiss,17,13,13,0,44,Finished,5,27,1:50.188,228.830
2023,12,Belgian Grand Prix,2023-07-30,Circuit de Spa-Francorchamps,Belgium,albon,23,ALB,Alexander,Albon,Thai,williams,Williams,British,15,14,14,0,44,Finished,3,35,1:49.841,229.553
2023,12,Belgian Grand Prix,2023-07-30,Circuit de Spa-Francorchamps,Belgium,kevin_magnussen,20,MAG,Kevin,Magnussen,Danish,haas,Haas F1 Team,American,16,15,15,0,44,Finished,14,27,1:50.993,227.171
2023,12,Belgian Grand Prix,2023-07-30,Circuit de Spa-Francorchamps,Belgium,ricciardo,3,RIC,Daniel,Ricciardo,Australian,alphatauri,AlphaTauri,Italian,19,16,16,0,44,Finished,15,25,1:50.994,227.169
2023,12,Belgian Grand Prix,2023-07-30,Circuit de Spa-Francorchamps,Belgium,sargeant,2,SAR,Logan,Sargeant,American,williams,Williams,British,18,17,17,0,44,Finished,9,37,1:50.486,228.213
2023,12,Belgian Grand Prix,2023-07-30,Circuit de Spa-Francorchamps,Belgium,hulkenberg,27,HUL,Nico,Hülkenberg,German,haas,Haas F1 Team,American,20,18,18,0,44,Finished,4,26,1:49.907,229.415
2023,12,Belgian Grand Prix,2023-07-30,Circuit de Spa-Francorchamps,Belgium,sainz,55,SAI,Carlos,Sainz,Spanish,ferrari,Ferrari,Italian,4,19,R,0,23,Retired,19,9,1:53.138,222.864
2023,12,Belgian Grand Prix,2023-07-30,Circuit de Spa-Francorchamps,Belgium,piastri,81,PIA,Oscar,Piastri,Australian,mclaren,McLaren,British,5,20,R,0,0,Retired,,,,
2023,13,Dutch Grand Prix,2023-08-27,Circuit Park Zandvoort,Netherlands,max_verstappen,1,VER,Max,Verstappen,Dutch,red_bull,Red Bull,Austrian,1,1,1,25,72,Finished,2,58,1:13.889,207.505
2023,13,Dutch Grand Prix,2023-08-27,Circuit Park Zandvoort,Netherlands,alonso,14,ALO,Fernando,Alonso,Spanish,aston_martin,Aston Martin,British,5,2,2,19,72,Finished,1,56,1:13.837,207.651
2023,13,Dutch Grand Prix,2023-08-27,Circuit Park Zandvoort,Netherlands,gasly,10,GAS,Pierre,Gasly,French,alpine,Alpine F1 Team,French,12,3,3,15,72,Finished,7,55,1:14.441,205.967
2023,13,Dutch Grand Prix,2023-08-27,Circuit Park Zandvoort,Netherlands,perez,11,PER,Sergio,Pérez,Mexican,red_bull,Red Bull,Austrian,7,4,4,12,72,Finished,4,59,1:14.231,206.549
2023,13,Dutch Grand Prix,2023-08-27,Circuit Park Zandvoort,Netherlands,sainz,55,SAI,Carlos,Sainz,Spanish,ferrari,Ferrari,Italian,6,5,5,10,72,Finished,13,54,1:14.934,204.612
2023,13,Dutch Grand Prix,2023-08-27,Circuit Park Zandvoort,Netherlands,hamilton,44,HAM,Lewis,Hamilton,British,mercedes,Mercedes,German,13,6,6,8,72,Finished,3,58,1:13.904,207.463
2023,13,Dutch Grand Prix,2023-08-27,Circuit Park Zandvoort,Netherlands,norris,4,NOR,Lando,Norris,British,mclaren,McLaren,British,2,7,7,6,72,Finished,6,50,1:14.390,206.108
2023,13,Dutch Grand Prix,2023-08-27,Circuit Park Zandvoort,Netherlands,albon,23,ALB,Alexander,Albon,Thai,williams,Williams,British,4,8,8,4,72,Finished,8,55,1:14.468,205.892
2023,13,Dutch Grand Prix,2023-08-27,Circuit Park Zandvoort,Netherlands,piastri,81,PIA,Oscar,Piastri,Australian,mclaren,McLaren,British,8,9,9,2,72,Finished,5,54,1:14.299,206.360
2023,13,Dutch Grand Prix,2023-08-27,Circuit Park Zandvoort,Netherlands,ocon,31,OCO,Esteban,Ocon,French,alpine,Alpine F1 Team,French,16,10,10,1,72,Finished,10,51,1:14.570,205.610
2023,13,Dutch Grand Prix,2023-08-27,Circuit Park Zandvoort,Netherlands,stroll,18,STR,Lance,Stroll,Canadian,aston_martin,Aston Martin,British,11,11,11,0,72,Finished,15,37,1:15.171,203.966
2023,13,Dutch Grand Prix,2023-08-27,Circuit Park Zandvoort,Netherlands,hulkenberg,27,HUL,Nico,Hülkenberg,German,haas,Haas F1 Team,American,14,12,12,0,72,Finished,9,53,1:14.472,205.881
2023,13,Dutch Grand Prix,2023-08-27,Circuit Park Zandvoort,Netherlands,lawson,40,LAW,Liam,Lawson,New Zealander,alphatauri,AlphaTauri,Italian,19,13,13,0,72,Finished,12,49,1:14.820,204.923
2023,13,Dutch Grand Prix,2023-08-27,Circuit Park Zandvoort,Netherlands,bottas,77,BOT,Valtteri,Bottas,Finnish,alfa,Alfa Romeo,Swiss,18,14,14,0,72,Finished,11,49,1:14.698,205.258
2023,13,Dutch Grand Prix,2023-08-27,Circuit Park Zandvoort,Netherlands,tsunoda,22,TSU,Yuki,Tsunoda,Japanese,alphatauri,AlphaTauri,Italian,17,15,15,0,72,Finished,18,35,1:16.253,201.072
2023,13,Dutch Grand Prix,2023-08-27,Circuit Park Zandvoort,Netherlands,kevin_magnussen,20,MAG,Kevin,Magnussen,Danish,haas,Haas F1 Team,American,0,16,16,0,72,Finished,17,37,1:15.489,203.107
2023,13,Dutch Grand Prix,2023-08-27,Circuit Park Zandvoort,Netherlands,russell,63,RUS,George,Russell,British,mercedes,Mercedes,German,3,17,17,0,72,Finished,14,54,1:15.124,204.094
2023,13,Dutch Grand Prix,2023-08-27,Circuit Park Zandvoort,Netherlands,zhou,24,ZHO,Guanyu,Zhou,Chinese,alfa,Alfa Romeo,Swiss,15,18,R,0,62,Accident,16,39,1:15.417,203.301
2023,13,Dutch Grand Prix,2023-08-27,Circuit Park Zandvoort,Netherlands,leclerc,16,LEC,Charles,Leclerc,Monegasque,ferrari,Ferrari,Italian,9,19,R,0,41,Undertray,19,33,1:17.277,198.408
2023,13,Dutch Grand Prix,2023-08-27,Circuit Park Zandvoort,Netherlands,sargeant,2,SAR,Logan,Sargeant,American,williams,Williams,British,10,20,R,0,14,Accident,20,13,1:17.399,198.095
2023,14,Italian Grand Prix,2023-09-03,Autodromo Nazionale di Monza,Italy,max_verstappen,1,VER,Max,Verstappen,Dutch,red_bull,Red Bull,Austrian,2,1,1,25,51,Finished,2,33,1:25.240,244.659
2023,14,Italian Grand Prix,2023-09-03,Autodromo Nazionale di Monza,Italy,perez,11,PER,Sergio,Pérez,Mexican,red_bull,Red Bull,Austrian,5,2,2,18,51,Finished,4,39,1:25.522,243.853
2023,14,Italian Grand Prix,2023-09-03,Autodromo Nazionale di Monza,Italy,sainz,55,SAI,Carlos,Sainz,Spanish,ferrari,Ferrari,Italian,1,3,3,15,51,Finished,3,30,1:25.501,243.912
2023,14,Italian Grand Prix,2023-09-03,Autodromo Nazionale di Monza,Italy,leclerc,16,LEC,Charles,Leclerc,Monegasque,ferrari,Ferrari,Italian,3,4,4,12,51,Finished,5,38,1:25.580,243.687
2023,14,Italian Grand Prix,2023-09-03,Autodromo Nazionale di Monza,Italy,russell,63,RUS,George,Russell,British,mercedes,Mercedes,German,4,5,5,10,51,Finished,9,38,1:25.847,242.929
2023,14,Italian Grand Prix,2023-09-03,Autodromo Nazionale di Monza,Italy,hamilton,44,HAM,Lewis,Hamilton,British,mercedes,Mercedes,German,8,6,6,8,51,Finished,6,29,1:25.582,243.682
2023,14,Italian Grand Prix,2023-09-03,Autodromo Nazionale di Monza,Italy,albon,23,ALB,Alexander,Albon,Thai,williams,Williams,British,6,7,7,6,51,Finished,16,33,1:26.389,241.405
2023,14,Italian Grand Prix,2023-09-03,Autodromo Nazionale di Monza,Italy,norris,4,NOR,Lando,Norris,British,mclaren,McLaren,British,9,8,8,4,51,Finished,14,24,1:26.144,242.092
2023,14,Italian Grand Prix,2023-09-03,Autodromo Nazionale di Monza,Italy,alonso,14,ALO,Fernando,Alonso,Spanish,aston_martin,Aston Martin,British,10,9,9,2,51,Finished,13,43,1:26.105,242.201
2023,14,Italian Grand Prix,2023-09-03,Autodromo Nazionale di Monza,Italy,bottas,77,BOT,Valtteri,Bottas,Finnish,alfa,Alfa Romeo,Swiss,14,10,10,1,51,Finished,12,27,1:25.988,242.531
2023,14,Italian Grand Prix,2023-09-03,Autodromo Nazionale di Monza,Italy,lawson,40,LAW,Liam,Lawson,New Zealander,alphatauri,AlphaTauri,Italian,12,11,11,0,51,Finished,8,44,1:25.842,242.944
2023,14,Italian Grand Prix,2023-09-03,Autodromo Nazionale di Monza,Italy,piastri,81,PIA,Oscar,Piastri,Australian,mclaren,McLaren,British,7,12,12,0,51,Finished,1,43,1:25.072,245.142
2023,14,Italian Grand Prix,2023-09-03,Autodromo Nazionale di Monza,Italy,sargeant,2,SAR,Logan,Sargeant,American,williams,Williams,British,15,13,13,0,51,Finished,18,16,1:26.840,240.152
2023,14,Italian Grand Prix,2023-09-03,Autodromo Nazionale di Monza,Italy,zhou,24,ZHO,Guanyu,Zhou,Chinese,alfa,Alfa Romeo,Swiss,16,14,14,0,51,Finished,11,35,1:25.983,242.545
2023,14,Italian Grand Prix,2023-09-03,Autodromo Nazionale di Monza,Italy,gasly,10,GAS,Pierre,Gasly,French,alpine,Alpine F1 Team,French,17,15,15,0,51,Finished,7,44,1:25.758,243.181
2023,14,Italian Grand Prix,2023-09-03,Autodromo Nazionale di Monza,Italy,stroll,18,STR,Lance,Stroll,Canadian,aston_martin,Aston Martin,British,20,16,16,0,51,Finished,17,31,1:26.617,240.770
2023,14,Italian Grand Prix,2023-09-03,Autodromo Nazionale di Monza,Italy,hulkenberg,27,HUL,Nico,Hülkenberg,German,haas,Haas F1 Team,American,13,17,17,0,50,Lapped,10,50,1:25.894,242.796
2023,14,Italian Grand Prix,2023-09-03,Autodromo Nazionale di Monza,Italy,kevin_magnussen,20,MAG,Kevin,Magnussen,Danish,haas,Haas F1 Team,American,19,18,18,0,50,Lapped,15,42,1:26.278,241.716
2023,14,Italian Grand Prix,2023-09-03,Autodromo Nazionale di Monza,Italy,ocon,31,OCO,Esteban,Ocon,French,alpine,Alpine F1 Team,French,18,19,R,0,39,Retired,19,33,1:26.963,239.812
2023,14,Italian Grand Prix,2023-09-03,Autodromo Nazionale di Monza,Italy,tsunoda,22,TSU,Yuki,Tsunoda,Japanese,alphatauri,AlphaTauri,Italian,11,20,W,0,0,Did not start,,,,
2023,15,Singapore Grand Prix,2023-09-17,Marina Bay Street Circuit,Singapore,sainz,55,SAI,Carlos,Sainz,Spanish,ferrari,Ferrari,Italian,1,1,1,25,62,Finished,7,47,1:37.666,182.089
2023,15,Singapore Grand Prix,2023-09-17,Marina Bay Street Circuit,Singapore,norris,4,NOR,Lando,Norris,British,mclaren,McLaren,British,4,2,2,18,62,Finished,8,46,1:38.046,181.384
2023,15,Singapore Grand Prix,2023-09-17,Marina Bay Street Circuit,Singapore,hamilton,44,HAM,Lewis,Hamilton,British,mercedes,Mercedes,German,5,3,3,16,62,Finished,1,47,1:35.867,185.507
2023,15,Singapore Grand Prix,2023-09-17,Marina Bay Street Circuit,Singapore,leclerc,16,LEC,Charles,Leclerc,Monegasque,ferrari,Ferrari,Italian,3,4,4,12,62,Finished,11,46,1:38.275,180.961
2023,15,Singapore Grand Prix,2023-09-17,Marina Bay Street Circuit,Singapore,max_verstappen,1,VER,Max,Verstappen,Dutch,red_bull,Red Bull,Austrian,11,5,5,10,62,Finished,4,61,1:36.575,184.147
2023,15,Singapore Grand Prix,2023-09-17,Marina Bay Street Circuit,Singapore,gasly,10,GAS,Pierre,Gasly,French,alpine,Alpine F1 Team,French,12,6,6,8,62,Finished,12,46,1:38.277,180.957
2023,15,Singapore Grand Prix,2023-09-17,Marina Bay Street Circuit,Singapore,piastri,81,PIA,Oscar,Piastri,Australian,mclaren,McLaren,British,17,7,7,6,62,Finished,13,46,1:38.492,180.562
2023,15,Singapore Grand Prix,2023-09-17,Marina Bay Street Circuit,Singapore,perez,11,PER,Sergio,Pérez,Mexican,red_bull,Red Bull,Austrian,13,8,8,4,62,Finished,5,61,1:37.108,183.136
2023,15,Singapore Grand Prix,2023-09-17,Marina Bay Street Circuit,Singapore,lawson,40,LAW,Liam,Lawson,New Zealander,alphatauri,AlphaTauri,Italian,10,9,9,2,62,Finished,15,47,1:39.028,179.585
2023,15,Singapore Grand Prix,2023-09-17,Marina Bay Street Circuit,Singapore,kevin_magnussen,20,MAG,Kevin,Magnussen,Danish,haas,Haas F1 Team,American,6,10,10,1,62,Finished,10,48,1:38.107,181.271
2023,15,Singapore Grand Prix,2023-09-17,Marina Bay Street Circuit,Singapore,albon,23,ALB,Alexander,Albon,Thai,williams,Williams,British,14,11,11,0,62,Finished,6,46,1:37.342,182.696
2023,15,Singapore Grand Prix,2023-09-17,Marina Bay Street Circuit,Singapore,zhou,24,ZHO,Guanyu,Zhou,Chinese,alfa,Alfa Romeo,Swiss,19,12,12,0,62,Finished,16,46,1:39.316,179.064
2023,15,Singapore Grand Prix,2023-09-17,Marina Bay Street Circuit,Singapore,hulkenberg,27,HUL,Nico,Hülkenberg,German,haas,Haas F1 Team,American,9,13,13,0,62,Finished,17,50,1:39.923,177.977
2023,15,Singapore Grand Prix,2023-09-17,Marina Bay Street Circuit,Singapore,sargeant,2,SAR,Logan,Sargeant,American,williams,Williams,British,18,14,14,0,62,Finished,14,45,1:38.531,180.491
2023,15,Singapore Grand Prix,2023-09-17,Marina Bay Street Circuit,Singapore,alonso,14,ALO,Fernando,Alonso,Spanish,aston_martin,Aston Martin,British,7,15,15,0,62,Finished,3,47,1:36.456,184.374
2023,15,Singapore Grand Prix,2023-09-17,Marina Bay Street Circuit,Singapore,russell,63,RUS,George,Russell,British,mercedes,Mercedes,German,2,16,16,0,61,Retired,2,46,1:36.273,184.724
2023,15,Singapore Grand Prix,2023-09-17,Marina Bay Street Circuit,Singapore,bottas,77,BOT,Valtteri,Bottas,Finnish,alfa,Alfa Romeo,Swiss,16,17,R,0,51,Retired,9,51,1:38.075,181.330
2023,15,Singapore Grand Prix,2023-09-17,Marina Bay Street Circuit,Singapore,ocon,31,OCO,Esteban,Ocon,French,alpine,Alpine F1 Team,French,8,18,R,0,42,Retired,18,33,1:39.930,177.964
2023,15,Singapore Grand Prix,2023-09-17,Marina Bay Street Circuit,Singapore,tsunoda,22,TSU,Yuki,Tsunoda,Japanese,alphatauri,AlphaTauri,Italian,15,19,R,0,0,Retired,,,,
2023,15,Singapore Grand Prix,2023-09-17,Marina Bay Street Circuit,Singapore,stroll,18,STR,Lance,Stroll,Canadian,aston_martin,Aston Martin,British,0,20,W,0,0,Withdrew,,,,
2023,16,Japanese Grand Prix,2023-09-24,Suzuka Circuit,Japan,max_verstappen,1,VER,Max,Verstappen,Dutch,red_bull,Red Bull,Austrian,1,1,1,26,53,Finished,1,39,1:34.183,221.963
2023,16,Japanese Grand Prix,2023-09-24,Suzuka Circuit,Japan,norris,4,NOR,Lando,Norris,British,mclaren,McLaren,British,3,2,2,18,53,Finished,2,40,1:35.247,219.484
2023,16,Japanese Grand Prix,2023-09-24,Suzuka Circuit,Japan,piastri,81,PIA,Oscar,Piastri,Australian,mclaren,McLaren,British,2,3,3,15,53,Finished,5,38,1:36.328,217.021
2023,16,Japanese Grand Prix,2023-09-24,Suzuka Circuit,Japan,leclerc,16,LEC,Charles,Leclerc,Monegasque,ferrari,Ferrari,Italian,4,4,4,12,53,Finished,6,40,1:36.362,216.944
2023,16,Japanese Grand Prix,2023-09-24,Suzuka Circuit,Japan,hamilton,44,HAM,Lewis,Hamilton,British,mercedes,Mercedes,German,7,5,5,10,53,Finished,3,36,1:35.611,218.648
2023,16,Japanese Grand Prix,2023-09-24,Suzuka Circuit,Japan,sainz,55,SAI,Carlos,Sainz,Spanish,ferrari,Ferrari,Italian,6,6,6,8,53,Finished,4,40,1:36.187,217.339
2023,16,Japanese Grand Prix,2023-09-24,Suzuka Circuit,Japan,russell,63,RUS,George,Russell,British,mercedes,Mercedes,German,8,7,7,6,53,Finished,11,27,1:37.653,214.076
2023,16,Japanese Grand Prix,2023-09-24,Suzuka Circuit,Japan,alonso,14,ALO,Fernando,Alonso,Spanish,aston_martin,Aston Martin,British,10,8,8,4,53,Finished,8,28,1:37.203,215.067
2023,16,Japanese Grand Prix,2023-09-24,Suzuka Circuit,Japan,ocon,31,OCO,Esteban,Ocon,French,alpine,Alpine F1 Team,French,14,9,9,2,53,Finished,10,34,1:37.398,214.636
2023,16,Japanese Grand Prix,2023-09-24,Suzuka Circuit,Japan,gasly,10,GAS,Pierre,Gasly,French,alpine,Alpine F1 Team,French,12,10,10,1,53,Finished,7,36,1:36.371,216.924
2023,16,Japanese Grand Prix,2023-09-24,Suzuka Circuit,Japan,lawson,40,LAW,Liam,Lawson,New Zealander,alphatauri,AlphaTauri,Italian,11,11,11,0,52,Lapped,15,50,1:38.267,212.738
2023,16,Japanese Grand Prix,2023-09-24,Suzuka Circuit,Japan,tsunoda,22,TSU,Yuki,Tsunoda,Japanese,alphatauri,AlphaTauri,Italian,9,12,12,0,52,Lapped,12,36,1:37.768,213.824
2023,16,Japanese Grand Prix,2023-09-24,Suzuka Circuit,Japan,zhou,24,ZHO,Guanyu,Zhou,Chinese,alfa,Alfa Romeo,Swiss,19,13,13,0,52,Lapped,13,45,1:37.791,213.774
2023,16,Japanese Grand Prix,2023-09-24,Suzuka Circuit,Japan,hulkenberg,27,HUL,Nico,Hülkenberg,German,haas,Haas F1 Team,American,18,14,14,0,52,Lapped,9,44,1:37.250,214.963
2023,16,Japanese Grand Prix,2023-09-24,Suzuka Circuit,Japan,kevin_magnussen,20,MAG,Kevin,Magnussen,Danish,haas,Haas F1 Team,American,15,15,15,0,52,Lapped,14,41,1:37.842,213.662
2023,16,Japanese Grand Prix,2023-09-24,Suzuka Circuit,Japan,albon,23,ALB,Alexander,Albon,Thai,williams,Williams,British,13,16,R,0,26,Retired,18,15,1:39.185,210.769
2023,16,Japanese Grand Prix,2023-09-24,Suzuka Circuit,Japan,sargeant,2,SAR,Logan,Sargeant,American,williams,Williams,British,20,17,R,0,22,Retired,16,7,1:38.848,211.488
2023,16,Japanese Grand Prix,2023-09-24,Suzuka Circuit,Japan,stroll,18,STR,Lance,Stroll,Canadian,aston_martin,Aston Martin,British,17,18,R,0,20,Retired,17,16,1:39.050,211.057
2023,16,Japanese Grand Prix,2023-09-24,Suzuka Circuit,Japan,perez,11,PER,Sergio,Pérez,Mexican,red_bull,Red Bull,Austrian,5,19,R,0,15,Retired,19,8,1:39.704,209.672
2023,16,Japanese Grand Prix,2023-09-24,Suzuka Circuit,Japan,bottas,77,BOT,Valtteri,Bottas,Finnish,alfa,Alfa Romeo,Swiss,16,20,R,0,7,Retired,20,5,2:02.755,170.300
2023,17,Qatar Grand Prix,2023-10-08,Lusail International Circuit,Qatar,max_verstappen,1,VER,Max,Verstappen,Dutch,red_bull,Red Bull,Austrian,1,1,1,26,57,Finished,1,56,1:24.319,231.364
2023,17,Qatar Grand Prix,2023-10-08,Lusail International Circuit,Qatar,piastri,81,PIA,Oscar,Piastri,Australian,mclaren,McLaren,British,6,2,2,18,57,Finished,3,48,1:24.921,229.724
2023,17,Qatar Grand Prix,2023-10-08,Lusail International Circuit,Qatar,norris,4,NOR,Lando,Norris,British,mclaren,McLaren,British,10,3,3,15,57,Finished,2,47,1:24.842,229.938
2023,17,Qatar Grand Prix,2023-10-08,Lusail International Circuit,Qatar,russell,63,RUS,George,Russell,British,mercedes,Mercedes,German,2,4,4,12,57,Finished,5,35,1:25.770,227.450
2023,17,Qatar Grand Prix,2023-10-08,Lusail International Circuit,Qatar,leclerc,16,LEC,Charles,Leclerc,Monegasque,ferrari,Ferrari,Italian,5,5,5,10,57,Finished,4,57,1:24.992,229.532
2023,17,Qatar Grand Prix,2023-10-08,Lusail International Circuit,Qatar,alonso,14,ALO,Fernando,Alonso,Spanish,aston_martin,Aston Martin,British,4,6,6,8,57,Finished,6,57,1:26.045,226.723
2023,17,Qatar Grand Prix,2023-10-08,Lusail International Circuit,Qatar,ocon,31,OCO,Esteban,Ocon,French,alpine,Alpine F1 Team,French,8,7,7,6,57,Finished,11,42,1:26.450,225.661
2023,17,Qatar Grand Prix,2023-10-08,Lusail International Circuit,Qatar,bottas,77,BOT,Valtteri,Bottas,Finnish,alfa,Alfa Romeo,Swiss,9,8,8,4,57,Finished,13,54,1:26.652,225.135
2023,17,Qatar Grand Prix,2023-10-08,Lusail International Circuit,Qatar,zhou,24,ZHO,Guanyu,Zhou,Chinese,alfa,Alfa Romeo,Swiss,19,9,9,2,57,Finished,9,54,1:26.323,225.993
2023,17,Qatar Grand Prix,2023-10-08,Lusail International Circuit,Qatar,perez,11,PER,Sergio,Pérez,Mexican,red_bull,Red Bull,Austrian,20,10,10,1,57,Finished,7,50,1:26.220,226.263
2023,17,Qatar Grand Prix,2023-10-08,Lusail International Circuit,Qatar,stroll,18,STR,Lance,Stroll,Canadian,aston_martin,Aston Martin,British,16,11,11,0,57,Finished,10,55,1:26.352,225.917
2023,17,Qatar Grand Prix,2023-10-08,Lusail International Circuit,Qatar,gasly,10,GAS,Pierre,Gasly,French,alpine,Alpine F1 Team,French,7,12,12,0,57,Finished,8,49,1:26.310,226.027
2023,17,Qatar Grand Prix,2023-10-08,Lusail International Circuit,Qatar,albon,23,ALB,Alexander,Albon,Thai,williams,Williams,British,13,13,13,0,57,Finished,14,57,1:26.666,225.098
2023,17,Qatar Grand Prix,2023-10-08,Lusail International Circuit,Qatar,kevin_magnussen,20,MAG,Kevin,Magnussen,Danish,haas,Haas F1 Team,American,18,14,14,0,56,Lapped,15,46,1:27.067,224.061
2023,17,Qatar Grand Prix,2023-10-08,Lusail International Circuit,Qatar,tsunoda,22,TSU,Yuki,Tsunoda,Japanese,alphatauri,AlphaTauri,Italian,11,15,15,0,56,Lapped,17,55,1:27.174,223.786
2023,17,Qatar Grand Prix,2023-10-08,Lusail International Circuit,Qatar,hulkenberg,27,HUL,Nico,Hülkenberg,German,haas,Haas F1 Team,American,14,16,16,0,56,Lapped,12,45,1:26.489,225.559
2023,17,Qatar Grand Prix,2023-10-08,Lusail International Circuit,Qatar,lawson,40,LAW,Liam,Lawson,New Zealander,alphatauri,AlphaTauri,Italian,17,17,17,0,56,Lapped,16,54,1:27.113,223.943
2023,17,Qatar Grand Prix,2023-10-08,Lusail International Circuit,Qatar,sargeant,2,SAR,Logan,Sargeant,American,williams,Williams,British,15,18,R,0,40,Retired,18,31,1:27.983,221.729
2023,17,Qatar Grand Prix,2023-10-08,Lusail International Circuit,Qatar,hamilton,44,HAM,Lewis,Hamilton,British,mercedes,Mercedes,German,3,19,R,0,0,Retired,,,,
2023,17,Qatar Grand Prix,2023-10-08,Lusail International Circuit,Qatar,sainz,55,SAI,Carlos,Sainz,Spanish,ferrari,Ferrari,Italian,12,20,W,0,0,Did not start,,,,
2023,18,United States Grand Prix,2023-10-22,Circuit of the Americas,USA,max_verstappen,1,VER,Max,Verstappen,Dutch,red_bull,Red Bull,Austrian,6,1,1,25,56,Finished,9,40,1:40.028,198.412
2023,18,United States Grand Prix,2023-10-22,Circuit of the Americas,USA,norris,4,NOR,Lando,Norris,British,mclaren,McLaren,British,2,2,2,18,56,Finished,8,39,1:39.985,198.497
2023,18,United States Grand Prix,2023-10-22,Circuit of the Americas,USA,sainz,55,SAI,Carlos,Sainz,Spanish,ferrari,Ferrari,Italian,4,3,3,15,56,Finished,10,51,1:40.034,198.400
2023,18,United States Grand Prix,2023-10-22,Circuit of the Americas,USA,perez,11,PER,Sergio,Pérez,Mexican,red_bull,Red Bull,Austrian,9,4,4,12,56,Finished,5,40,1:39.737,198.991
2023,18,United States Grand Prix,2023-10-22,Circuit of the Americas,USA,russell,63,RUS,George,Russell,British,mercedes,Mercedes,German,5,5,5,10,56,Finished,3,48,1:39.393,199.680
2023,18,United States Grand Prix,2023-10-22,Circuit of the Americas,USA,gasly,10,GAS,Pierre,Gasly,French,alpine,Alpine F1 Team,French,7,6,6,8,56,Finished,11,47,1:40.412,197.653
2023,18,United States Grand Prix,2023-10-22,Circuit of the Americas,USA,stroll,18,STR,Lance,Stroll,Canadian,aston_martin,Aston Martin,British,20,7,7,6,56,Finished,6,48,1:39.908,198.650
2023,18,United States Grand Prix,2023-10-22,Circuit of the Americas,USA,tsunoda,22,TSU,Yuki,Tsunoda,Japanese,alphatauri,AlphaTauri,Italian,11,8,8,5,56,Finished,1,56,1:38.139,202.231
2023,18,United States Grand Prix,2023-10-22,Circuit of the Americas,USA,albon,23,ALB,Alexander,Albon,Thai,williams,Williams,British,15,9,9,2,56,Finished,15,48,1:41.318,
2023,18,United States Grand Prix,2023-10-22,Circuit of the Americas,USA,sargeant,2,SAR,Logan,Sargeant,American,williams,Williams,British,16,10,10,1,56,Finished,14,34,1:41.238,196.041
2023,18,United States Grand Prix,2023-10-22,Circuit of the Americas,USA,hulkenberg,27,HUL,Nico,Hülkenberg,German,haas,Haas F1 Team,American,18,11,11,0,56,Finished,12,45,1:40.925,196.648
2023,18,United States Grand Prix,2023-10-22,Circuit of the Americas,USA,bottas,77,BOT,Valtteri,Bottas,Finnish,alfa,Alfa Romeo,Swiss,13,12,12,0,56,Finished,18,54,1:41.972,194.629
2023,18,United States Grand Prix,2023-10-22,Circuit of the Americas,USA,zhou,24,ZHO,Guanyu,Zhou,Chinese,alfa,Alfa Romeo,Swiss,12,13,13,0,55,Lapped,17,51,1:41.879,194.807
2023,18,United States Grand Prix,2023-10-22,Circuit of the Americas,USA,kevin_magnussen,20,MAG,Kevin,Magnussen,Danish,haas,Haas F1 Team,American,17,14,14,0,55,Lapped,16,41,1:41.506,195.523
2023,18,United States Grand Prix,2023-10-22,Circuit of the Americas,USA,ricciardo,3,RIC,Daniel,Ricciardo,Australian,alphatauri,AlphaTauri,Italian,14,15,15,0,55,Lapped,2,49,1:39.366,199.734
2023,18,United States Grand Prix,2023-10-22,Circuit of the Americas,USA,alonso,14,ALO,Fernando,Alonso,Spanish,aston_martin,Aston Martin,British,19,16,R,0,49,Retired,7,47,1:39.954,198.559
2023,18,United States Grand Prix,2023-10-22,Circuit of the Americas,USA,piastri,81,PIA,Oscar,Piastri,Australian,mclaren,McLaren,British,10,17,R,0,10,Retired,19,5,1:42.705,193.240
2023,18,United States Grand Prix,2023-10-22,Circuit of the Americas,USA,ocon,31,OCO,Esteban,Ocon,French,alpine,Alpine F1 Team,French,8,18,R,0,6,Retired,20,2,1:44.789,189.397
2023,18,United States Grand Prix,2023-10-22,Circuit of the Americas,USA,hamilton,44,HAM,Lewis,Hamilton,British,mercedes,Mercedes,German,3,19,19,0,56,Disqualified,4,42,1:39.582,199.301
2023,18,United States Grand Prix,2023-10-22,Circuit of the Americas,USA,leclerc,16,LEC,Charles,Leclerc,Monegasque,ferrari,Ferrari,Italian,1,20,20,0,56,Disqualified,13,38,1:41.025,
2023,19,Mexico City Grand Prix,2023-10-29,Autódromo Hermanos Rodríguez,Mexico,max_verstappen,1,VER,Max,Verstappen,Dutch,red_bull,Red Bull,Austrian,3,1,1,25,71,Finished,2,40,1:21.644,189.780
2023,19,Mexico City Grand Prix,2023-10-29,Autódromo Hermanos Rodríguez,Mexico,hamilton,44,HAM,Lewis,Hamilton,British,mercedes,Mercedes,German,6,2,2,19,71,Finished,1,71,1:21.334,190.503
2023,19,Mexico City Grand Prix,2023-10-29,Autódromo Hermanos Rodríguez,Mexico,leclerc,16,LEC,Charles,Leclerc,Monegasque,ferrari,Ferrari,Italian,1,3,3,15,71,Finished,4,38,1:22.332,188.194
2023,19,Mexico City Grand Prix,2023-10-29,Autódromo Hermanos Rodríguez,Mexico,sainz,55,SAI,Carlos,Sainz,Spanish,ferrari,Ferrari,Italian,2,4,4,12,71,Finished,6,57,1:22.539,187.722
2023,19,Mexico City Grand Prix,2023-10-29,Autódromo Hermanos Rodríguez,Mexico,norris,4,NOR,Lando,Norris,British,mclaren,McLaren,British,17,5,5,10,71,Finished,3,71,1:21.944,189.085
2023,19,Mexico City Grand Prix,2023-10-29,Autódromo Hermanos Rodríguez,Mexico,russell,63,RUS,George,Russell,British,mercedes,Mercedes,German,8,6,6,8,71,Finished,10,38,1:22.780,187.175
2023,19,Mexico City Grand Prix,2023-10-29,Autódromo Hermanos Rodríguez,Mexico,ricciardo,3,RIC,Daniel,Ricciardo,Australian,alphatauri,AlphaTauri,Italian,4,7,7,6,71,Finished,7,66,1:22.679,187.404
2023,19,Mexico City Grand Prix,2023-10-29,Autódromo Hermanos Rodríguez,Mexico,piastri,81,PIA,Oscar,Piastri,Australian,mclaren,McLaren,British,7,8,8,4,71,Finished,8,53,1:22.760,187.220
2023,19,Mexico City Grand Prix,2023-10-29,Autódromo Hermanos Rodríguez,Mexico,albon,23,ALB,Alexander,Albon,Thai,williams,Williams,British,14,9,9,2,71,Finished,9,65,1:22.773,187.191
2023,19,Mexico City Grand Prix,2023-10-29,Autódromo Hermanos Rodríguez,Mexico,ocon,31,OCO,Esteban,Ocon,French,alpine,Alpine F1 Team,French,15,10,10,1,71,Finished,11,66,1:22.976,186.733
2023,19,Mexico City Grand Prix,2023-10-29,Autódromo Hermanos Rodríguez,Mexico,gasly,10,GAS,Pierre,Gasly,French,alpine,Alpine F1 Team,French,11,11,11,0,71,Finished,16,43,1:23.230,186.163
2023,19,Mexico City Grand Prix,2023-10-29,Autódromo Hermanos Rodríguez,Mexico,tsunoda,22,TSU,Yuki,Tsunoda,Japanese,alphatauri,AlphaTauri,Italian,18,12,12,0,71,Finished,5,11,1:22.501,187.808
2023,19,Mexico City Grand Prix,2023-10-29,Autódromo Hermanos Rodríguez,Mexico,hulkenberg,27,HUL,Nico,Hülkenberg,German,haas,Haas F1 Team,American,12,13,13,0,71,Finished,15,43,1:23.222,186.181
2023,19,Mexico City Grand Prix,2023-10-29,Autódromo Hermanos Rodríguez,Mexico,zhou,24,ZHO,Guanyu,Zhou,Chinese,alfa,Alfa Romeo,Swiss,10,14,14,0,71,Finished,19,39,1:23.567,185.412
2023,19,Mexico City Grand Prix,2023-10-29,Autódromo Hermanos Rodríguez,Mexico,bottas,77,BOT,Valtteri,Bottas,Finnish,alfa,Alfa Romeo,Swiss,9,15,15,0,71,Finished,14,43,1:23.166,186.306
2023,19,Mexico City Grand Prix,2023-10-29,Autódromo Hermanos Rodríguez,Mexico,sargeant,2,SAR,Logan,Sargeant,American,williams,Williams,British,19,16,16,0,70,Retired,12,24,1:23.003,186.672
2023,19,Mexico City Grand Prix,2023-10-29,Autódromo Hermanos Rodríguez,Mexico,stroll,18,STR,Lance,Stroll,Canadian,aston_martin,Aston Martin,British,0,17,17,0,66,Collision damage,17,43,1:23.257,186.103
2023,19,Mexico City Grand Prix,2023-10-29,Autódromo Hermanos Rodríguez,Mexico,alonso,14,ALO,Fernando,Alonso,Spanish,aston_martin,Aston Martin,British,13,18,W,0,47,Withdrew,18,40,1:23.531,185.492
2023,19,Mexico City Grand Prix,2023-10-29,Autódromo Hermanos Rodríguez,Mexico,kevin_magnussen,20,MAG,Kevin,Magnussen,Danish,haas,Haas F1 Team,American,16,19,R,0,31,Accident,13,25,1:23.146,186.351
2023,19,Mexico City Grand Prix,2023-10-29,Autódromo Hermanos Rodríguez,Mexico,perez,11,PER,Sergio,Pérez,Mexican,red_bull,Red Bull,Austrian,5,20,R,0,1,Collision damage,,,,
2023,20,São Paulo Grand Prix,2023-11-05,Autódromo José Carlos Pace,Brazil,max_verstappen,1,VER,Max,Verstappen,Dutch,red_bull,Red Bull,Austrian,1,1,1,25,71,Finished,2,68,1:13.422,211.277
2023,20,São Paulo Grand Prix,2023-11-05,Autódromo José Carlos Pace,Brazil,norris,4,NOR,Lando,Norris,British,mclaren,McLaren,British,6,2,2,19,71,Finished,1,61,1:12.486,214.005
2023,20,São Paulo Grand Prix,2023-11-05,Autódromo José Carlos Pace,Brazil,alonso,14,ALO,Fernando,Alonso,Spanish,aston_martin,Aston Martin,British,4,3,3,15,71,Finished,10,54,1:14.442,208.382
2023,20,São Paulo Grand Prix,2023-11-05,Autódromo José Carlos Pace,Brazil,perez,11,PER,Sergio,Pérez,Mexican,red_bull,Red Bull,Austrian,9,4,4,12,71,Finished,5,55,1:14.124,209.276
2023,20,São Paulo Grand Prix,2023-11-05,Autódromo José Carlos Pace,Brazil,stroll,18,STR,Lance,Stroll,Canadian,aston_martin,Aston Martin,British,3,5,5,10,71,Finished,4,67,1:14.007,209.607
2023,20,São Paulo Grand Prix,2023-11-05,Autódromo José Carlos Pace,Brazil,sainz,55,SAI,Carlos,Sainz,Spanish,ferrari,Ferrari,Italian,7,6,6,8,71,Finished,9,59,1:14.406,208.483
2023,20,São Paulo Grand Prix,2023-11-05,Autódromo José Carlos Pace,Brazil,gasly,10,GAS,Pierre,Gasly,French,alpine,Alpine F1 Team,French,15,7,7,6,71,Finished,11,48,1:14.521,208.161
2023,20,São Paulo Grand Prix,2023-11-05,Autódromo José Carlos Pace,Brazil,hamilton,44,HAM,Lewis,Hamilton,British,mercedes,Mercedes,German,5,8,8,4,71,Finished,12,59,1:14.739,207.554
2023,20,São Paulo Grand Prix,2023-11-05,Autódromo José Carlos Pace,Brazil,tsunoda,22,TSU,Yuki,Tsunoda,Japanese,alphatauri,AlphaTauri,Italian,16,9,9,2,71,Finished,7,64,1:14.231,208.974
2023,20,São Paulo Grand Prix,2023-11-05,Autódromo José Carlos Pace,Brazil,ocon,31,OCO,Esteban,Ocon,French,alpine,Alpine F1 Team,French,14,10,10,1,70,Lapped,6,53,1:14.206,209.045
2023,20,São Paulo Grand Prix,2023-11-05,Autódromo José Carlos Pace,Brazil,sargeant,2,SAR,Logan,Sargeant,American,williams,Williams,British,19,11,11,0,70,Lapped,16,51,1:15.738,204.816
2023,20,São Paulo Grand Prix,2023-11-05,Autódromo José Carlos Pace,Brazil,hulkenberg,27,HUL,Nico,Hülkenberg,German,haas,Haas F1 Team,American,11,12,12,0,70,Lapped,14,66,1:15.036,206.732
2023,20,São Paulo Grand Prix,2023-11-05,Autódromo José Carlos Pace,Brazil,ricciardo,3,RIC,Daniel,Ricciardo,Australian,alphatauri,AlphaTauri,Italian,17,13,13,0,70,Lapped,3,68,1:13.866,210.007
2023,20,São Paulo Grand Prix,2023-11-05,Autódromo José Carlos Pace,Brazil,piastri,81,PIA,Oscar,Piastri,Australian,mclaren,McLaren,British,10,14,14,0,69,Lapped,8,66,1:14.310,208.752
2023,20,São Paulo Grand Prix,2023-11-05,Autódromo José Carlos Pace,Brazil,russell,63,RUS,George,Russell,British,mercedes,Mercedes,German,8,15,R,0,57,Retired,13,55,1:14.934,207.014
2023,20,São Paulo Grand Prix,2023-11-05,Autódromo José Carlos Pace,Brazil,bottas,77,BOT,Valtteri,Bottas,Finnish,alfa,Alfa Romeo,Swiss,18,16,R,0,39,Retired,15,20,1:15.731,204.835
2023,20,São Paulo Grand Prix,2023-11-05,Autódromo José Carlos Pace,Brazil,zhou,24,ZHO,Guanyu,Zhou,Chinese,alfa,Alfa Romeo,Swiss,20,17,R,0,22,Retired,17,17,1:16.232,203.489
2023,20,São Paulo Grand Prix,2023-11-05,Autódromo José Carlos Pace,Brazil,kevin_magnussen,20,MAG,Kevin,Magnussen,Danish,haas,Haas F1 Team,American,12,18,R,0,0,Retired,,,,
2023,20,São Paulo Grand Prix,2023-11-05,Autódromo José Carlos Pace,Brazil,albon,23,ALB,Alexander,Albon,Thai,williams,Williams,British,13,19,R,0,0,Retired,,,,
2023,20,São Paulo Grand Prix,2023-11-05,Autódromo José Carlos Pace,Brazil,leclerc,16,LEC,Charles,Leclerc,Monegasque,ferrari,Ferrari,Italian,2,20,W,0,0,Did not start,,,,
2023,21,Las Vegas Grand Prix,2023-11-19,Las Vegas Strip Street Circuit,USA,max_verstappen,1,VER,Max,Verstappen,Dutch,red_bull,Red Bull,Austrian,2,1,1,25,50,Finished,2,44,1:35.614,233.476
2023,21,Las Vegas Grand Prix,2023-11-19,Las Vegas Strip Street Circuit,USA,leclerc,16,LEC,Charles,Leclerc,Monegasque,ferrari,Ferrari,Italian,1,2,2,18,50,Finished,3,50,1:35.669,233.342
2023,21,Las Vegas Grand Prix,2023-11-19,Las Vegas Strip Street Circuit,USA,perez,11,PER,Sergio,Pérez,Mexican,red_bull,Red Bull,Austrian,11,3,3,15,50,Finished,5,40,1:35.939,232.685
2023,21,Las Vegas Grand Prix,2023-11-19,Las Vegas Strip Street Circuit,USA,ocon,31,OCO,Esteban,Ocon,French,alpine,Alpine F1 Team,French,16,4,4,12,50,Finished,10,47,1:36.637,231.004
2023,21,Las Vegas Grand Prix,2023-11-19,Las Vegas Strip Street Circuit,USA,stroll,18,STR,Lance,Stroll,Canadian,aston_martin,Aston Martin,British,19,5,5,10,50,Finished,9,45,1:36.584,231.131
2023,21,Las Vegas Grand Prix,2023-11-19,Las Vegas Strip Street Circuit,USA,sainz,55,SAI,Carlos,Sainz,Spanish,ferrari,Ferrari,Italian,12,6,6,8,50,Finished,6,47,1:35.984,232.576
2023,21,Las Vegas Grand Prix,2023-11-19,Las Vegas Strip Street Circuit,USA,hamilton,44,HAM,Lewis,Hamilton,British,mercedes,Mercedes,German,10,7,7,6,50,Finished,4,48,1:35.716,233.227
2023,21,Las Vegas Grand Prix,2023-11-19,Las Vegas Strip Street Circuit,USA,russell,63,RUS,George,Russell,British,mercedes,Mercedes,German,3,8,8,4,50,Finished,7,44,1:36.071,232.365
2023,21,Las Vegas Grand Prix,2023-11-19,Las Vegas Strip Street Circuit,USA,alonso,14,ALO,Fernando,Alonso,Spanish,aston_martin,Aston Martin,British,9,9,9,2,50,Finished,8,42,1:36.559,231.191
2023,21,Las Vegas Grand Prix,2023-11-19,Las Vegas Strip Street Circuit,USA,piastri,81,PIA,Oscar,Piastri,Australian,mclaren,McLaren,British,18,10,10,2,50,Finished,1,47,1:35.490,233.779
2023,21,Las Vegas Grand Prix,2023-11-19,Las Vegas Strip Street Circuit,USA,gasly,10,GAS,Pierre,Gasly,French,alpine,Alpine F1 Team,French,4,11,11,0,50,Finished,11,37,1:36.913,230.346
2023,21,Las Vegas Grand Prix,2023-11-19,Las Vegas Strip Street Circuit,USA,albon,23,ALB,Alexander,Albon,Thai,williams,Williams,British,5,12,12,0,50,Finished,13,50,1:37.357,229.296
2023,21,Las Vegas Grand Prix,2023-11-19,Las Vegas Strip Street Circuit,USA,kevin_magnussen,20,MAG,Kevin,Magnussen,Danish,haas,Haas F1 Team,American,8,13,13,0,50,Finished,15,50,1:37.455,229.065
2023,21,Las Vegas Grand Prix,2023-11-19,Las Vegas Strip Street Circuit,USA,ricciardo,3,RIC,Daniel,Ricciardo,Australian,alphatauri,AlphaTauri,Italian,14,14,14,0,50,Finished,12,50,1:37.108,229.884
2023,21,Las Vegas Grand Prix,2023-11-19,Las Vegas Strip Street Circuit,USA,zhou,24,ZHO,Guanyu,Zhou,Chinese,alfa,Alfa Romeo,Swiss,17,15,15,0,50,Finished,14,32,1:37.375,229.253
2023,21,Las Vegas Grand Prix,2023-11-19,Las Vegas Strip Street Circuit,USA,sargeant,2,SAR,Logan,Sargeant,American,williams,Williams,British,6,16,16,0,50,Finished,19,32,1:37.740,228.397
2023,21,Las Vegas Grand Prix,2023-11-19,Las Vegas Strip Street Circuit,USA,bottas,77,BOT,Valtteri,Bottas,Finnish,alfa,Alfa Romeo,Swiss,7,17,17,0,50,Finished,16,49,1:37.562,228.814
2023,21,Las Vegas Grand Prix,2023-11-19,Las Vegas Strip Street Circuit,USA,tsunoda,22,TSU,Yuki,Tsunoda,Japanese,alphatauri,AlphaTauri,Italian,20,18,18,0,46,Retired,18,45,1:37.587,228.755
2023,21,Las Vegas Grand Prix,2023-11-19,Las Vegas Strip Street Circuit,USA,hulkenberg,27,HUL,Nico,Hülkenberg,German,haas,Haas F1 Team,American,13,19,19,0,45,Retired,17,43,1:37.565,228.807
2023,21,Las Vegas Grand Prix,2023-11-19,Las Vegas Strip Street Circuit,USA,norris,4,NOR,Lando,Norris,British,mclaren,McLaren,British,15,20,R,0,2,Retired,20,2,1:59.327,187.079
2023,22,Abu Dhabi Grand Prix,2023-11-26,Yas Marina Circuit,UAE,max_verstappen,1,VER,Max,Verstappen,Dutch,red_bull,Red Bull,Austrian,1,1,1,26,58,Finished,1,45,1:26.993,218.541
2023,22,Abu Dhabi Grand Prix,2023-11-26,Yas Marina Circuit,UAE,leclerc,16,LEC,Charles,Leclerc,Monegasque,ferrari,Ferrari,Italian,2,2,2,18,58,Finished,8,44,1:28.199,215.553
2023,22,Abu Dhabi Grand Prix,2023-11-26,Yas Marina Circuit,UAE,russell,63,RUS,George,Russell,British,mercedes,Mercedes,German,4,3,3,15,58,Finished,7,45,1:28.187,215.582
2023,22,Abu Dhabi Grand Prix,2023-11-26,Yas Marina Circuit,UAE,perez,11,PER,Sergio,Pérez,Mexican,red_bull,Red Bull,Austrian,9,4,4,12,58,Finished,2,44,1:27.493,217.292
2023,22,Abu Dhabi Grand Prix,2023-11-26,Yas Marina Circuit,UAE,norris,4,NOR,Lando,Norris,British,mclaren,McLaren,British,5,5,5,10,58,Finished,6,45,1:28.164,215.639
2023,22,Abu Dhabi Grand Prix,2023-11-26,Yas Marina Circuit,UAE,piastri,81,PIA,Oscar,Piastri,Australian,mclaren,McLaren,British,3,6,6,8,58,Finished,5,38,1:28.138,215.702
2023,22,Abu Dhabi Grand Prix,2023-11-26,Yas Marina Circuit,UAE,alonso,14,ALO,Fernando,Alonso,Spanish,aston_martin,Aston Martin,British,7,7,7,6,58,Finished,9,42,1:28.256,215.414
2023,22,Abu Dhabi Grand Prix,2023-11-26,Yas Marina Circuit,UAE,tsunoda,22,TSU,Yuki,Tsunoda,Japanese,alphatauri,AlphaTauri,Italian,6,8,8,4,58,Finished,16,55,1:29.256,213.000
2023,22,Abu Dhabi Grand Prix,2023-11-26,Yas Marina Circuit,UAE,hamilton,44,HAM,Lewis,Hamilton,British,mercedes,Mercedes,German,11,9,9,2,58,Finished,10,52,1:28.372,215.131
2023,22,Abu Dhabi Grand Prix,2023-11-26,Yas Marina Circuit,UAE,stroll,18,STR,Lance,Stroll,Canadian,aston_martin,Aston Martin,British,13,10,10,1,58,Finished,4,44,1:28.050,215.918
2023,22,Abu Dhabi Grand Prix,2023-11-26,Yas Marina Circuit,UAE,ricciardo,3,RIC,Daniel,Ricciardo,Australian,alphatauri,AlphaTauri,Italian,15,11,11,0,58,Finished,11,47,1:28.571,214.648
2023,22,Abu Dhabi Grand Prix,2023-11-26,Yas Marina Circuit,UAE,ocon,31,OCO,Esteban,Ocon,French,alpine,Alpine F1 Team,French,12,12,12,0,58,Finished,20,34,1:30.033,211.162
2023,22,Abu Dhabi Grand Prix,2023-11-26,Yas Marina Circuit,UAE,gasly,10,GAS,Pierre,Gasly,French,alpine,Alpine F1 Team,French,10,13,13,0,58,Finished,14,35,1:29.016,213.575
2023,22,Abu Dhabi Grand Prix,2023-11-26,Yas Marina Circuit,UAE,albon,23,ALB,Alexander,Albon,Thai,williams,Williams,British,14,14,14,0,58,Finished,3,45,1:27.845,216.422
2023,22,Abu Dhabi Grand Prix,2023-11-26,Yas Marina Circuit,UAE,hulkenberg,27,HUL,Nico,Hülkenberg,German,haas,Haas F1 Team,American,8,15,15,0,58,Finished,15,58,1:29.217,213.093
2023,22,Abu Dhabi Grand Prix,2023-11-26,Yas Marina Circuit,UAE,sargeant,2,SAR,Logan,Sargeant,American,williams,Williams,British,20,16,16,0,58,Finished,12,43,1:28.580,214.626
2023,22,Abu Dhabi Grand Prix,2023-11-26,Yas Marina Circuit,UAE,zhou,24,ZHO,Guanyu,Zhou,Chinese,alfa,Alfa Romeo,Swiss,19,17,17,0,58,Finished,13,43,1:28.746,214.224
2023,22,Abu Dhabi Grand Prix,2023-11-26,Yas Marina Circuit,UAE,sainz,55,SAI,Carlos,Sainz,Spanish,ferrari,Ferrari,Italian,16,18,18,0,57,Retired,17,42,1:29.452,212.534
2023,22,Abu Dhabi Grand Prix,2023-11-26,Yas Marina Circuit,UAE,bottas,77,BOT,Valtteri,Bottas,Finnish,alfa,Alfa Romeo,Swiss,18,19,19,0,57,Lapped,18,42,1:29.863,211.562
2023,22,Abu Dhabi Grand Prix,2023-11-26,Yas Marina Circuit,UAE,kevin_magnussen,20,MAG,Kevin,Magnussen,Danish,haas,Haas F1 Team,American,17,20,20,0,57,Lapped,19,46,1:29.934,211.395
2024,1,Bahrain Grand Prix,2024-03-02,Bahrain International Circuit,Bahrain,max_verstappen,1,VER,Max,Verstappen,Dutch,red_bull,Red Bull,Austrian,1,1,1,26,57,Finished,1,39,1:32.608,210.383
2024,1,Bahrain Grand Prix,2024-03-02,Bahrain International Circuit,Bahrain,perez,11,PER,Sergio,Pérez,Mexican,red_bull,Red Bull,Austrian,5,2,2,18,57,Finished,4,40,1:34.364,206.468
2024,1,Bahrain Grand Prix,2024-03-02,Bahrain International Circuit,Bahrain,sainz,55,SAI,Carlos,Sainz,Spanish,ferrari,Ferrari,Italian,4,3,3,15,57,Finished,6,44,1:34.507,206.156
2024,1,Bahrain Grand Prix,2024-03-02,Bahrain International Circuit,Bahrain,leclerc,16,LEC,Charles,Leclerc,Monegasque,ferrari,Ferrari,Italian,2,4,4,12,57,Finished,2,36,1:34.090,207.069
2024,1,Bahrain Grand Prix,2024-03-02,Bahrain International Circuit,Bahrain,russell,63,RUS,George,Russell,British,mercedes,Mercedes,German,3,5,5,10,57,Finished,12,40,1:35.065,204.946
2024,1,Bahrain Grand Prix,2024-03-02,Bahrain International Circuit,Bahrain,norris,4,NOR,Lando,Norris,British,mclaren,McLaren,British,7,6,6,8,57,Finished,5,35,1:34.476,
2024,1,Bahrain Grand Prix,2024-03-02,Bahrain International Circuit,Bahrain,hamilton,44,HAM,Lewis,Hamilton,British,mercedes,Mercedes,German,9,7,7,6,57,Finished,7,39,1:34.722,205.688
2024,1,Bahrain Grand Prix,2024-03-02,Bahrain International Circuit,Bahrain,piastri,81,PIA,Oscar,Piastri,Australian,mclaren,McLaren,British,8,8,8,4,57,Finished,11,39,1:34.983,
2024,1,Bahrain Grand Prix,2024-03-02,Bahrain International Circuit,Bahrain,alonso,14,ALO,Fernando,Alonso,Spanish,aston_martin,Aston Martin,British,6,9,9,2,57,Finished,3,48,1:34.199,206.830
2024,1,Bahrain Grand Prix,2024-03-02,Bahrain International Circuit,Bahrain,stroll,18,STR,Lance,Stroll,Canadian,aston_martin,Aston Martin,British,12,10,10,1,57,Finished,16,30,1:35.632,203.730
2024,1,Bahrain Grand Prix,2024-03-02,Bahrain International Circuit,Bahrain,zhou,24,ZHO,Guanyu,Zhou,Chinese,sauber,Sauber,Swiss,17,11,11,0,56,Lapped,14,30,1:35.458,204.102
2024,1,Bahrain Grand Prix,2024-03-02,Bahrain International Circuit,Bahrain,kevin_magnussen,20,MAG,Kevin,Magnussen,Danish,haas,Haas F1 Team,American,15,12,12,0,56,Lapped,15,34,1:35.570,203.863
2024,1,Bahrain Grand Prix,2024-03-02,Bahrain International Circuit,Bahrain,ricciardo,3,RIC,Daniel,Ricciardo,Australian,rb,RB F1 Team,Italian,14,13,13,0,56,Lapped,13,37,1:35.163,204.735
2024,1,Bahrain Grand Prix,2024-03-02,Bahrain International Circuit,Bahrain,tsunoda,22,TSU,Yuki,Tsunoda,Japanese,rb,RB F1 Team,Italian,11,14,14,0,56,Lapped,18,37,1:35.833,203.303
2024,1,Bahrain Grand Prix,2024-03-02,Bahrain International Circuit,Bahrain,albon,23,ALB,Alexander,Albon,Thai,williams,Williams,British,13,15,15,0,56,Lapped,17,40,1:35.723,203.537
2024,1,Bahrain Grand Prix,2024-03-02,Bahrain International Circuit,Bahrain,hulkenberg,27,HUL,Nico,Hülkenberg,German,haas,Haas F1 Team,American,10,16,16,0,56,Lapped,10,46,1:34.834,205.445
2024,1,Bahrain Grand Prix,2024-03-02,Bahrain International Circuit,Bahrain,ocon,31,OCO,Esteban,Ocon,French,alpine,Alpine F1 Team,French,19,17,17,0,56,Lapped,20,34,1:36.226,202.473
2024,1,Bahrain Grand Prix,2024-03-02,Bahrain International Circuit,Bahrain,gasly,10,GAS,Pierre,Gasly,French,alpine,Alpine F1 Team,French,20,18,18,0,56,Lapped,9,45,1:34.805,205.508
2024,1,Bahrain Grand Prix,2024-03-02,Bahrain International Circuit,Bahrain,bottas,77,BOT,Valtteri,Bottas,Finnish,sauber,Sauber,Swiss,16,19,19,0,56,Lapped,19,33,1:36.202,202.523
2024,1,Bahrain Grand Prix,2024-03-02,Bahrain International Circuit,Bahrain,sargeant,2,SAR,Logan,Sargeant,American,williams,Williams,British,18,20,20,0,55,Lapped,8,42,1:34.735,205.659
2024,2,Saudi Arabian Grand Prix,2024-03-09,Jeddah Corniche Circuit,Saudi Arabia,max_verstappen,1,VER,Max,Verstappen,Dutch,red_bull,Red Bull,Austrian,1,1,1,25,50,Finished,3,50,1:31.773,242.188
2024,2,Saudi Arabian Grand Prix,2024-03-09,Jeddah Corniche Circuit,Saudi Arabia,perez,11,PER,Sergio,Pérez,Mexican,red_bull,Red Bull,Austrian,3,2,2,18,50,Finished,8,37,1:32.273,240.876
2024,2,Saudi Arabian Grand Prix,2024-03-09,Jeddah Corniche Circuit,Saudi Arabia,leclerc,16,LEC,Charles,Leclerc,Monegasque,ferrari,Ferrari,Italian,2,3,3,16,50,Finished,1,50,1:31.632,242.561
2024,2,Saudi Arabian Grand Prix,2024-03-09,Jeddah Corniche Circuit,Saudi Arabia,piastri,81,PIA,Oscar,Piastri,Australian,mclaren,McLaren,British,5,4,4,12,50,Finished,10,45,1:32.310,
2024,2,Saudi Arabian Grand Prix,2024-03-09,Jeddah Corniche Circuit,Saudi Arabia,alonso,14,ALO,Fernando,Alonso,Spanish,aston_martin,Aston Martin,British,4,5,5,10,50,Finished,13,43,1:32.387,240.579
2024,2,Saudi Arabian Grand Prix,2024-03-09,Jeddah Corniche Circuit,Saudi Arabia,russell,63,RUS,George,Russell,British,mercedes,Mercedes,German,7,6,6,8,50,Finished,7,42,1:32.254,240.926
2024,2,Saudi Arabian Grand Prix,2024-03-09,Jeddah Corniche Circuit,Saudi Arabia,bearman,38,BEA,Oliver,Bearman,British,ferrari,Ferrari,Italian,11,7,7,6,50,Finished,5,50,1:32.186,241.103
2024,2,Saudi Arabian Grand Prix,2024-03-09,Jeddah Corniche Circuit,Saudi Arabia,norris,4,NOR,Lando,Norris,British,mclaren,McLaren,British,6,8,8,4,50,Finished,4,40,1:31.944,
2024,2,Saudi Arabian Grand Prix,2024-03-09,Jeddah Corniche Circuit,Saudi Arabia,hamilton,44,HAM,Lewis,Hamilton,British,mercedes,Mercedes,German,8,9,9,2,50,Finished,2,38,1:31.746,242.260
2024,2,Saudi Arabian Grand Prix,2024-03-09,Jeddah Corniche Circuit,Saudi Arabia,hulkenberg,27,HUL,Nico,Hülkenberg,German,haas,Haas F1 Team,American,15,10,10,1,50,Finished,12,49,1:32.366,240.633
2024,2,Saudi Arabian Grand Prix,2024-03-09,Jeddah Corniche Circuit,Saudi Arabia,albon,23,ALB,Alexander,Albon,Thai,williams,Williams,British,12,11,11,0,50,Finished,9,50,1:32.307,240.787
2024,2,Saudi Arabian Grand Prix,2024-03-09,Jeddah Corniche Circuit,Saudi Arabia,kevin_magnussen,20,MAG,Kevin,Magnussen,Danish,haas,Haas F1 Team,American,13,12,12,0,50,Finished,11,47,1:32.338,240.706
2024,2,Saudi Arabian Grand Prix,2024-03-09,Jeddah Corniche Circuit,Saudi Arabia,ocon,31,OCO,Esteban,Ocon,French,alpine,Alpine F1 Team,French,17,13,13,0,49,Lapped,17,48,1:33.481,237.763
2024,2,Saudi Arabian Grand Prix,2024-03-09,Jeddah Corniche Circuit,Saudi Arabia,sargeant,2,SAR,Logan,Sargeant,American,williams,Williams,British,19,14,14,0,49,Lapped,15,49,1:33.026,
2024,2,Saudi Arabian Grand Prix,2024-03-09,Jeddah Corniche Circuit,Saudi Arabia,tsunoda,22,TSU,Yuki,Tsunoda,Japanese,rb,RB F1 Team,Italian,9,15,15,0,49,Lapped,18,44,1:33.523,
2024,2,Saudi Arabian Grand Prix,2024-03-09,Jeddah Corniche Circuit,Saudi Arabia,ricciardo,3,RIC,Daniel,Ricciardo,Australian,rb,RB F1 Team,Italian,14,16,16,0,49,Lapped,16,47,1:33.323,238.166
2024,2,Saudi Arabian Grand Prix,2024-03-09,Jeddah Corniche Circuit,Saudi Arabia,bottas,77,BOT,Valtteri,Bottas,Finnish,sauber,Sauber,Swiss,16,17,17,0,49,Lapped,14,49,1:32.706,239.751
2024,2,Saudi Arabian Grand Prix,2024-03-09,Jeddah Corniche Circuit,Saudi Arabia,zhou,24,ZHO,Guanyu,Zhou,Chinese,sauber,Sauber,Swiss,20,18,18,0,49,Lapped,6,49,1:32.208,241.046
2024,2,Saudi Arabian Grand Prix,2024-03-09,Jeddah Corniche Circuit,Saudi Arabia,stroll,18,STR,Lance,Stroll,Canadian,aston_martin,Aston Martin,British,10,19,R,0,5,Retired,19,5,1:35.560,232.591
2024,2,Saudi Arabian Grand Prix,2024-03-09,Jeddah Corniche Circuit,Saudi Arabia,gasly,10,GAS,Pierre,Gasly,French,alpine,Alpine F1 Team,French,18,20,R,0,1,Retired,,,,
2024,3,Australian Grand Prix,2024-03-24,Albert Park Grand Prix Circuit,Australia,sainz,55,SAI,Carlos,Sainz,Spanish,ferrari,Ferrari,Italian,2,1,1,25,58,Finished,3,48,1:20.031,237.418
2024,3,Australian Grand Prix,2024-03-24,Albert Park Grand Prix Circuit,Australia,leclerc,16,LEC,Charles,Leclerc,Monegasque,ferrari,Ferrari,Italian,4,2,2,19,58,Finished,1,56,1:19.813,238.066
2024,3,Australian Grand Prix,2024-03-24,Albert Park Grand Prix Circuit,Australia,norris,4,NOR,Lando,Norris,British,mclaren,McLaren,British,3,3,3,15,58,Finished,2,49,1:19.915,
2024,3,Australian Grand Prix,2024-03-24,Albert Park Grand Prix Circuit,Australia,piastri,81,PIA,Oscar,Piastri,Australian,mclaren,McLaren,British,5,4,4,12,58,Finished,4,54,1:20.199,
2024,3,Australian Grand Prix,2024-03-24,Albert Park Grand Prix Circuit,Australia,perez,11,PER,Sergio,Pérez,Mexican,red_bull,Red Bull,Austrian,6,5,5,10,58,Finished,6,47,1:20.388,236.363
2024,3,Australian Grand Prix,2024-03-24,Albert Park Grand Prix Circuit,Australia,stroll,18,STR,Lance,Stroll,Canadian,aston_martin,Aston Martin,British,9,6,6,8,58,Finished,8,49,1:20.930,234.780
2024,3,Australian Grand Prix,2024-03-24,Albert Park Grand Prix Circuit,Australia,tsunoda,22,TSU,Yuki,Tsunoda,Japanese,rb,RB F1 Team,Italian,8,7,7,6,58,Finished,11,46,1:21.134,234.190
2024,3,Australian Grand Prix,2024-03-24,Albert Park Grand Prix Circuit,Australia,alonso,14,ALO,Fernando,Alonso,Spanish,aston_martin,Aston Martin,British,10,8,8,4,58,Finished,7,52,1:20.493,236.055
2024,3,Australian Grand Prix,2024-03-24,Albert Park Grand Prix Circuit,Australia,hulkenberg,27,HUL,Nico,Hülkenberg,German,haas,Haas F1 Team,American,16,9,9,2,58,Finished,12,46,1:21.145,234.158
2024,3,Australian Grand Prix,2024-03-24,Albert Park Grand Prix Circuit,Australia,kevin_magnussen,20,MAG,Kevin,Magnussen,Danish,haas,Haas F1 Team,American,14,10,10,1,57,Lapped,9,44,1:21.082,234.340
2024,3,Australian Grand Prix,2024-03-24,Albert Park Grand Prix Circuit,Australia,albon,23,ALB,Alexander,Albon,Thai,williams,Williams,British,12,11,11,0,57,Lapped,17,46,1:21.618,232.801
2024,3,Australian Grand Prix,2024-03-24,Albert Park Grand Prix Circuit,Australia,ricciardo,3,RIC,Daniel,Ricciardo,Australian,rb,RB F1 Team,Italian,18,12,12,0,57,Lapped,13,46,1:21.239,233.887
2024,3,Australian Grand Prix,2024-03-24,Albert Park Grand Prix Circuit,Australia,gasly,10,GAS,Pierre,Gasly,French,alpine,Alpine F1 Team,French,17,13,13,0,57,Lapped,10,51,1:21.090,234.317
2024,3,Australian Grand Prix,2024-03-24,Albert Park Grand Prix Circuit,Australia,bottas,77,BOT,Valtteri,Bottas,Finnish,sauber,Sauber,Swiss,13,14,14,0,57,Lapped,16,48,1:21.422,233.361
2024,3,Australian Grand Prix,2024-03-24,Albert Park Grand Prix Circuit,Australia,zhou,24,ZHO,Guanyu,Zhou,Chinese,sauber,Sauber,Swiss,19,15,15,0,57,Lapped,14,49,1:21.327,233.634
2024,3,Australian Grand Prix,2024-03-24,Albert Park Grand Prix Circuit,Australia,ocon,31,OCO,Esteban,Ocon,French,alpine,Alpine F1 Team,French,15,16,16,0,57,Lapped,15,45,1:21.354,233.557
2024,3,Australian Grand Prix,2024-03-24,Albert Park Grand Prix Circuit,Australia,russell,63,RUS,George,Russell,British,mercedes,Mercedes,German,7,17,17,0,56,Retired,5,53,1:20.284,236.669
2024,3,Australian Grand Prix,2024-03-24,Albert Park Grand Prix Circuit,Australia,hamilton,44,HAM,Lewis,Hamilton,British,mercedes,Mercedes,German,11,18,R,0,15,Retired,18,11,1:22.444,230.469
2024,3,Australian Grand Prix,2024-03-24,Albert Park Grand Prix Circuit,Australia,max_verstappen,1,VER,Max,Verstappen,Dutch,red_bull,Red Bull,Austrian,1,19,R,0,3,Retired,19,3,1:23.115,228.608
2024,4,Japanese Grand Prix,2024-04-07,Suzuka Circuit,Japan,max_verstappen,1,VER,Max,Verstappen,Dutch,red_bull,Red Bull,Austrian,1,1,1,26,53,Finished,1,50,1:33.706,223.093
2024,4,Japanese Grand Prix,2024-04-07,Suzuka Circuit,Japan,perez,11,PER,Sergio,Pérez,Mexican,red_bull,Red Bull,Austrian,2,2,2,18,53,Finished,3,35,1:33.945,222.525
2024,4,Japanese Grand Prix,2024-04-07,Suzuka Circuit,Japan,sainz,55,SAI,Carlos,Sainz,Spanish,ferrari,Ferrari,Italian,4,3,3,15,53,Finished,2,46,1:33.841,222.772
2024,4,Japanese Grand Prix,2024-04-07,Suzuka Circuit,Japan,leclerc,16,LEC,Charles,Leclerc,Monegasque,ferrari,Ferrari,Italian,8,4,4,12,53,Finished,9,53,1:35.044,219.952
2024,4,Japanese Grand Prix,2024-04-07,Suzuka Circuit,Japan,norris,4,NOR,Lando,Norris,British,mclaren,McLaren,British,3,5,5,10,53,Finished,10,51,1:35.186,
2024,4,Japanese Grand Prix,2024-04-07,Suzuka Circuit,Japan,alonso,14,ALO,Fernando,Alonso,Spanish,aston_martin,Aston Martin,British,5,6,6,8,53,Finished,6,53,1:34.726,220.691
2024,4,Japanese Grand Prix,2024-04-07,Suzuka Circuit,Japan,russell,63,RUS,George,Russell,British,mercedes,Mercedes,German,9,7,7,6,53,Finished,5,39,1:34.404,221.444
2024,4,Japanese Grand Prix,2024-04-07,Suzuka Circuit,Japan,piastri,81,PIA,Oscar,Piastri,Australian,mclaren,McLaren,British,6,8,8,4,53,Finished,7,35,1:34.802,
2024,4,Japanese Grand Prix,2024-04-07,Suzuka Circuit,Japan,hamilton,44,HAM,Lewis,Hamilton,British,mercedes,Mercedes,German,7,9,9,2,53,Finished,4,41,1:33.952,222.509
2024,4,Japanese Grand Prix,2024-04-07,Suzuka Circuit,Japan,tsunoda,22,TSU,Yuki,Tsunoda,Japanese,rb,RB F1 Team,Italian,10,10,10,1,52,Lapped,14,51,1:36.342,216.989
2024,4,Japanese Grand Prix,2024-04-07,Suzuka Circuit,Japan,hulkenberg,27,HUL,Nico,Hülkenberg,German,haas,Haas F1 Team,American,12,11,11,0,52,Lapped,11,52,1:35.325,219.304
2024,4,Japanese Grand Prix,2024-04-07,Suzuka Circuit,Japan,stroll,18,STR,Lance,Stroll,Canadian,aston_martin,Aston Martin,British,16,12,12,0,52,Lapped,12,41,1:35.798,218.221
2024,4,Japanese Grand Prix,2024-04-07,Suzuka Circuit,Japan,kevin_magnussen,20,MAG,Kevin,Magnussen,Danish,haas,Haas F1 Team,American,18,13,13,0,52,Lapped,17,24,1:36.654,216.289
2024,4,Japanese Grand Prix,2024-04-07,Suzuka Circuit,Japan,bottas,77,BOT,Valtteri,Bottas,Finnish,sauber,Sauber,Swiss,13,14,14,0,52,Lapped,15,25,1:36.608,216.392
2024,4,Japanese Grand Prix,2024-04-07,Suzuka Circuit,Japan,ocon,31,OCO,Esteban,Ocon,French,alpine,Alpine F1 Team,French,15,15,15,0,52,Lapped,13,52,1:36.232,217.237
2024,4,Japanese Grand Prix,2024-04-07,Suzuka Circuit,Japan,gasly,10,GAS,Pierre,Gasly,French,alpine,Alpine F1 Team,French,17,16,16,0,52,Lapped,16,48,1:36.642,216.315
2024,4,Japanese Grand Prix,2024-04-07,Suzuka Circuit,Japan,sargeant,2,SAR,Logan,Sargeant,American,williams,Williams,British,19,17,17,0,52,Lapped,8,43,1:34.900,220.286
2024,4,Japanese Grand Prix,2024-04-07,Suzuka Circuit,Japan,zhou,24,ZHO,Guanyu,Zhou,Chinese,sauber,Sauber,Swiss,20,18,R,0,12,Retired,18,9,1:37.160,215.162
2024,4,Japanese Grand Prix,2024-04-07,Suzuka Circuit,Japan,ricciardo,3,RIC,Daniel,Ricciardo,Australian,rb,RB F1 Team,Italian,11,19,R,0,0,Retired,,,,
2024,4,Japanese Grand Prix,2024-04-07,Suzuka Circuit,Japan,albon,23,ALB,Alexander,Albon,Thai,williams,Williams,British,14,20,R,0,0,Retired,,,,
2024,5,Chinese Grand Prix,2024-04-21,Shanghai International Circuit,China,max_verstappen,1,VER,Max,Verstappen,Dutch,red_bull,Red Bull,Austrian,1,1,1,25,56,Finished,2,33,1:38.406,199.414
2024,5,Chinese Grand Prix,2024-04-21,Shanghai International Circuit,China,norris,4,NOR,Lando,Norris,British,mclaren,McLaren,British,4,2,2,18,56,Finished,4,33,1:38.751,
2024,5,Chinese Grand Prix,2024-04-21,Shanghai International Circuit,China,perez,11,PER,Sergio,Pérez,Mexican,red_bull,Red Bull,Austrian,2,3,3,15,56,Finished,7,33,1:39.388,197.444
2024,5,Chinese Grand Prix,2024-04-21,Shanghai International Circuit,China,leclerc,16,LEC,Charles,Leclerc,Monegasque,ferrari,Ferrari,Italian,6,4,4,12,56,Finished,6,33,1:39.384,197.452
2024,5,Chinese Grand Prix,2024-04-21,Shanghai International Circuit,China,sainz,55,SAI,Carlos,Sainz,Spanish,ferrari,Ferrari,Italian,7,5,5,10,56,Finished,10,19,1:39.764,196.700
2024,5,Chinese Grand Prix,2024-04-21,Shanghai International Circuit,China,russell,63,RUS,George,Russell,British,mercedes,Mercedes,German,8,6,6,8,56,Finished,11,39,1:40.112,196.016
2024,5,Chinese Grand Prix,2024-04-21,Shanghai International Circuit,China,alonso,14,ALO,Fernando,Alonso,Spanish,aston_martin,Aston Martin,British,3,7,7,7,56,Finished,1,45,1:37.810,200.629
2024,5,Chinese Grand Prix,2024-04-21,Shanghai International Circuit,China,piastri,81,PIA,Oscar,Piastri,Australian,mclaren,McLaren,British,5,8,8,4,56,Finished,9,18,1:39.739,
2024,5,Chinese Grand Prix,2024-04-21,Shanghai International Circuit,China,hamilton,44,HAM,Lewis,Hamilton,British,mercedes,Mercedes,German,18,9,9,2,56,Finished,14,34,1:40.835,194.610
2024,5,Chinese Grand Prix,2024-04-21,Shanghai International Circuit,China,hulkenberg,27,HUL,Nico,Hülkenberg,German,haas,Haas F1 Team,American,9,10,10,1,56,Finished,13,32,1:40.815,194.649
2024,5,Chinese Grand Prix,2024-04-21,Shanghai International Circuit,China,ocon,31,OCO,Esteban,Ocon,French,alpine,Alpine F1 Team,French,13,11,11,0,56,Finished,15,33,1:40.937,194.414
2024,5,Chinese Grand Prix,2024-04-21,Shanghai International Circuit,China,albon,23,ALB,Alexander,Albon,Thai,williams,Williams,British,14,12,12,0,56,Finished,12,34,1:40.790,194.697
2024,5,Chinese Grand Prix,2024-04-21,Shanghai International Circuit,China,gasly,10,GAS,Pierre,Gasly,French,alpine,Alpine F1 Team,French,15,13,13,0,56,Finished,5,40,1:39.198,197.822
2024,5,Chinese Grand Prix,2024-04-21,Shanghai International Circuit,China,zhou,24,ZHO,Guanyu,Zhou,Chinese,sauber,Sauber,Swiss,16,14,14,0,56,Finished,3,42,1:38.633,198.955
2024,5,Chinese Grand Prix,2024-04-21,Shanghai International Circuit,China,stroll,18,STR,Lance,Stroll,Canadian,aston_martin,Aston Martin,British,11,15,15,0,56,Finished,8,37,1:39.444,197.333
2024,5,Chinese Grand Prix,2024-04-21,Shanghai International Circuit,China,kevin_magnussen,20,MAG,Kevin,Magnussen,Danish,haas,Haas F1 Team,American,17,16,16,0,56,Finished,18,45,1:41.077,194.145
2024,5,Chinese Grand Prix,2024-04-21,Shanghai International Circuit,China,sargeant,2,SAR,Logan,Sargeant,American,williams,Williams,British,20,17,17,0,56,Finished,17,14,1:41.000,194.293
2024,5,Chinese Grand Prix,2024-04-21,Shanghai International Circuit,China,ricciardo,3,RIC,Daniel,Ricciardo,Australian,rb,RB F1 Team,Italian,12,18,R,0,33,Retired,16,16,1:40.994,194.304
2024,5,Chinese Grand Prix,2024-04-21,Shanghai International Circuit,China,tsunoda,22,TSU,Yuki,Tsunoda,Japanese,rb,RB F1 Team,Italian,19,19,R,0,26,Retired,20,11,1:41.593,193.158
2024,5,Chinese Grand Prix,2024-04-21,Shanghai International Circuit,China,bottas,77,BOT,Valtteri,Bottas,Finnish,sauber,Sauber,Swiss,10,20,R,0,19,Retired,19,11,1:41.276,193.763
2024,6,Miami Grand Prix,2024-05-05,Miami International Autodrome,USA,norris,4,NOR,Lando,Norris,British,mclaren,McLaren,British,5,1,1,25,57,Finished,5,55,1:30.980,214.148
2024,6,Miami Grand Prix,2024-05-05,Miami International Autodrome,USA,max_verstappen,1,VER,Max,Verstappen,Dutch,red_bull,Red Bull,Austrian,1,2,2,18,57,Finished,8,48,1:31.261,213.488
2024,6,Miami Grand Prix,2024-05-05,Miami International Autodrome,USA,leclerc,16,LEC,Charles,Leclerc,Monegasque,ferrari,Ferrari,Italian,2,3,3,15,57,Finished,6,56,1:31.084,213.903
2024,6,Miami Grand Prix,2024-05-05,Miami International Autodrome,USA,perez,11,PER,Sergio,Pérez,Mexican,red_bull,Red Bull,Austrian,4,4,4,12,57,Finished,3,55,1:30.855,214.442
2024,6,Miami Grand Prix,2024-05-05,Miami International Autodrome,USA,sainz,55,SAI,Carlos,Sainz,Spanish,ferrari,Ferrari,Italian,3,5,5,10,57,Finished,4,55,1:30.928,214.270
2024,6,Miami Grand Prix,2024-05-05,Miami International Autodrome,USA,hamilton,44,HAM,Lewis,Hamilton,British,mercedes,Mercedes,German,8,6,6,8,57,Finished,7,54,1:31.233,213.554
2024,6,Miami Grand Prix,2024-05-05,Miami International Autodrome,USA,tsunoda,22,TSU,Yuki,Tsunoda,Japanese,rb,RB F1 Team,Italian,10,7,7,6,57,Finished,10,55,1:31.682,212.508
2024,6,Miami Grand Prix,2024-05-05,Miami International Autodrome,USA,russell,63,RUS,George,Russell,British,mercedes,Mercedes,German,7,8,8,4,57,Finished,13,43,1:31.921,211.955
2024,6,Miami Grand Prix,2024-05-05,Miami International Autodrome,USA,alonso,14,ALO,Fernando,Alonso,Spanish,aston_martin,Aston Martin,British,15,9,9,2,57,Finished,11,55,1:31.727,212.404
2024,6,Miami Grand Prix,2024-05-05,Miami International Autodrome,USA,ocon,31,OCO,Esteban,Ocon,French,alpine,Alpine F1 Team,French,13,10,10,1,57,Finished,16,51,1:32.037,211.688
2024,6,Miami Grand Prix,2024-05-05,Miami International Autodrome,USA,hulkenberg,27,HUL,Nico,Hülkenberg,German,haas,Haas F1 Team,American,9,11,11,0,57,Finished,14,56,1:31.941,211.909
2024,6,Miami Grand Prix,2024-05-05,Miami International Autodrome,USA,gasly,10,GAS,Pierre,Gasly,French,alpine,Alpine F1 Team,French,12,12,12,0,57,Finished,17,56,1:32.055,211.647
2024,6,Miami Grand Prix,2024-05-05,Miami International Autodrome,USA,piastri,81,PIA,Oscar,Piastri,Australian,mclaren,McLaren,British,6,13,13,0,57,Finished,1,43,1:30.634,214.965
2024,6,Miami Grand Prix,2024-05-05,Miami International Autodrome,USA,zhou,24,ZHO,Guanyu,Zhou,Chinese,sauber,Sauber,Swiss,19,14,14,0,57,Finished,15,56,1:31.991,211.794
2024,6,Miami Grand Prix,2024-05-05,Miami International Autodrome,USA,ricciardo,3,RIC,Daniel,Ricciardo,Australian,rb,RB F1 Team,Italian,20,15,15,0,57,Finished,19,57,1:32.122,211.493
2024,6,Miami Grand Prix,2024-05-05,Miami International Autodrome,USA,bottas,77,BOT,Valtteri,Bottas,Finnish,sauber,Sauber,Swiss,16,16,16,0,57,Finished,18,55,1:32.098,211.548
2024,6,Miami Grand Prix,2024-05-05,Miami International Autodrome,USA,stroll,18,STR,Lance,Stroll,Canadian,aston_martin,Aston Martin,British,11,17,17,0,57,Finished,9,57,1:31.588,212.726
2024,6,Miami Grand Prix,2024-05-05,Miami International Autodrome,USA,albon,23,ALB,Alexander,Albon,Thai,williams,Williams,British,14,18,18,0,57,Finished,2,55,1:30.849,214.456
2024,6,Miami Grand Prix,2024-05-05,Miami International Autodrome,USA,kevin_magnussen,20,MAG,Kevin,Magnussen,Danish,haas,Haas F1 Team,American,18,19,19,0,57,Finished,12,33,1:31.774,212.295
2024,6,Miami Grand Prix,2024-05-05,Miami International Autodrome,USA,sargeant,2,SAR,Logan,Sargeant,American,williams,Williams,British,17,20,R,0,27,Retired,20,15,1:33.452,208.483
2024,7,Emilia Romagna Grand Prix,2024-05-19,Autodromo Enzo e Dino Ferrari,Italy,max_verstappen,1,VER,Max,Verstappen,Dutch,red_bull,Red Bull,Austrian,1,1,1,25,63,Finished,9,38,1:20.366,219.898
2024,7,Emilia Romagna Grand Prix,2024-05-19,Autodromo Enzo e Dino Ferrari,Italy,norris,4,NOR,Lando,Norris,British,mclaren,McLaren,British,2,2,2,18,63,Finished,6,54,1:19.994,220.921
2024,7,Emilia Romagna Grand Prix,2024-05-19,Autodromo Enzo e Dino Ferrari,Italy,leclerc,16,LEC,Charles,Leclerc,Monegasque,ferrari,Ferrari,Italian,3,3,3,15,63,Finished,5,27,1:19.935,221.084
2024,7,Emilia Romagna Grand Prix,2024-05-19,Autodromo Enzo e Dino Ferrari,Italy,piastri,81,PIA,Oscar,Piastri,Australian,mclaren,McLaren,British,5,4,4,12,63,Finished,4,25,1:19.907,221.162
2024,7,Emilia Romagna Grand Prix,2024-05-19,Autodromo Enzo e Dino Ferrari,Italy,sainz,55,SAI,Carlos,Sainz,Spanish,ferrari,Ferrari,Italian,4,5,5,10,63,Finished,7,63,1:20.220,220.299
2024,7,Emilia Romagna Grand Prix,2024-05-19,Autodromo Enzo e Dino Ferrari,Italy,hamilton,44,HAM,Lewis,Hamilton,British,mercedes,Mercedes,German,8,6,6,8,63,Finished,8,43,1:20.331,219.994
2024,7,Emilia Romagna Grand Prix,2024-05-19,Autodromo Enzo e Dino Ferrari,Italy,russell,63,RUS,George,Russell,British,mercedes,Mercedes,German,6,7,7,7,63,Finished,1,54,1:18.589,224.871
2024,7,Emilia Romagna Grand Prix,2024-05-19,Autodromo Enzo e Dino Ferrari,Italy,perez,11,PER,Sergio,Pérez,Mexican,red_bull,Red Bull,Austrian,11,8,8,4,63,Finished,3,52,1:19.686,221.775
2024,7,Emilia Romagna Grand Prix,2024-05-19,Autodromo Enzo e Dino Ferrari,Italy,stroll,18,STR,Lance,Stroll,Canadian,aston_martin,Aston Martin,British,13,9,9,2,63,Finished,10,58,1:20.570,219.342
2024,7,Emilia Romagna Grand Prix,2024-05-19,Autodromo Enzo e Dino Ferrari,Italy,tsunoda,22,TSU,Yuki,Tsunoda,Japanese,rb,RB F1 Team,Italian,7,10,10,1,62,Lapped,11,14,1:20.936,218.350
2024,7,Emilia Romagna Grand Prix,2024-05-19,Autodromo Enzo e Dino Ferrari,Italy,hulkenberg,27,HUL,Nico,Hülkenberg,German,haas,Haas F1 Team,American,10,11,11,0,62,Lapped,20,3,1:21.700,216.308
2024,7,Emilia Romagna Grand Prix,2024-05-19,Autodromo Enzo e Dino Ferrari,Italy,kevin_magnussen,20,MAG,Kevin,Magnussen,Danish,haas,Haas F1 Team,American,18,12,12,0,62,Lapped,12,58,1:21.009,218.153
2024,7,Emilia Romagna Grand Prix,2024-05-19,Autodromo Enzo e Dino Ferrari,Italy,ricciardo,3,RIC,Daniel,Ricciardo,Australian,rb,RB F1 Team,Italian,9,13,13,0,62,Lapped,19,13,1:21.569,216.655
2024,7,Emilia Romagna Grand Prix,2024-05-19,Autodromo Enzo e Dino Ferrari,Italy,ocon,31,OCO,Esteban,Ocon,French,alpine,Alpine F1 Team,French,12,14,14,0,62,Lapped,16,37,1:21.304,217.361
2024,7,Emilia Romagna Grand Prix,2024-05-19,Autodromo Enzo e Dino Ferrari,Italy,zhou,24,ZHO,Guanyu,Zhou,Chinese,sauber,Sauber,Swiss,17,15,15,0,62,Lapped,13,37,1:21.016,218.134
2024,7,Emilia Romagna Grand Prix,2024-05-19,Autodromo Enzo e Dino Ferrari,Italy,gasly,10,GAS,Pierre,Gasly,French,alpine,Alpine F1 Team,French,15,16,16,0,62,Lapped,17,10,1:21.371,217.183
2024,7,Emilia Romagna Grand Prix,2024-05-19,Autodromo Enzo e Dino Ferrari,Italy,sargeant,2,SAR,Logan,Sargeant,American,williams,Williams,British,19,17,17,0,62,Lapped,14,55,1:21.229,217.562
2024,7,Emilia Romagna Grand Prix,2024-05-19,Autodromo Enzo e Dino Ferrari,Italy,bottas,77,BOT,Valtteri,Bottas,Finnish,sauber,Sauber,Swiss,16,18,18,0,62,Lapped,18,11,1:21.455,216.959
2024,7,Emilia Romagna Grand Prix,2024-05-19,Autodromo Enzo e Dino Ferrari,Italy,alonso,14,ALO,Fernando,Alonso,Spanish,aston_martin,Aston Martin,British,20,19,19,0,62,Lapped,2,62,1:19.004,223.689
2024,7,Emilia Romagna Grand Prix,2024-05-19,Autodromo Enzo e Dino Ferrari,Italy,albon,23,ALB,Alexander,Albon,Thai,williams,Williams,British,14,20,R,0,51,Retired,15,48,1:21.274,217.442
2024,8,Monaco Grand Prix,2024-05-26,Circuit de Monaco,Monaco,leclerc,16,LEC,Charles,Leclerc,Monegasque,ferrari,Ferrari,Italian,1,1,1,25,78,Finished,6,71,1:15.162,
2024,8,Monaco Grand Prix,2024-05-26,Circuit de Monaco,Monaco,piastri,81,PIA,Oscar,Piastri,Australian,mclaren,McLaren,British,2,2,2,18,78,Finished,11,73,1:16.281,
2024,8,Monaco Grand Prix,2024-05-26,Circuit de Monaco,Monaco,sainz,55,SAI,Carlos,Sainz,Spanish,ferrari,Ferrari,Italian,3,3,3,15,78,Finished,5,62,1:14.726,
2024,8,Monaco Grand Prix,2024-05-26,Circuit de Monaco,Monaco,norris,4,NOR,Lando,Norris,British,mclaren,McLaren,British,4,4,4,12,78,Finished,10,64,1:15.742,
2024,8,Monaco Grand Prix,2024-05-26,Circuit de Monaco,Monaco,russell,63,RUS,George,Russell,British,mercedes,Mercedes,German,5,5,5,10,78,Finished,7,73,1:15.228,
2024,8,Monaco Grand Prix,2024-05-26,Circuit de Monaco,Monaco,max_verstappen,1,VER,Max,Verstappen,Dutch,red_bull,Red Bull,Austrian,6,6,6,8,78,Finished,2,58,1:14.569,
2024,8,Monaco Grand Prix,2024-05-26,Circuit de Monaco,Monaco,hamilton,44,HAM,Lewis,Hamilton,British,mercedes,Mercedes,German,7,7,7,7,78,Finished,1,63,1:14.165,
2024,8,Monaco Grand Prix,2024-05-26,Circuit de Monaco,Monaco,tsunoda,22,TSU,Yuki,Tsunoda,Japanese,rb,RB F1 Team,Italian,8,8,8,4,77,Lapped,4,77,1:14.720,
2024,8,Monaco Grand Prix,2024-05-26,Circuit de Monaco,Monaco,albon,23,ALB,Alexander,Albon,Thai,williams,Williams,British,9,9,9,2,77,Lapped,14,77,1:17.060,
2024,8,Monaco Grand Prix,2024-05-26,Circuit de Monaco,Monaco,gasly,10,GAS,Pierre,Gasly,French,alpine,Alpine F1 Team,French,10,10,10,1,77,Lapped,9,77,1:15.625,
2024,8,Monaco Grand Prix,2024-05-26,Circuit de Monaco,Monaco,alonso,14,ALO,Fernando,Alonso,Spanish,aston_martin,Aston Martin,British,14,11,11,0,76,Lapped,16,68,1:17.939,
2024,8,Monaco Grand Prix,2024-05-26,Circuit de Monaco,Monaco,ricciardo,3,RIC,Daniel,Ricciardo,Australian,rb,RB F1 Team,Italian,12,12,12,0,76,Lapped,15,46,1:17.172,
2024,8,Monaco Grand Prix,2024-05-26,Circuit de Monaco,Monaco,bottas,77,BOT,Valtteri,Bottas,Finnish,sauber,Sauber,Swiss,17,13,13,0,76,Lapped,12,17,1:16.561,
2024,8,Monaco Grand Prix,2024-05-26,Circuit de Monaco,Monaco,stroll,18,STR,Lance,Stroll,Canadian,aston_martin,Aston Martin,British,13,14,14,0,76,Lapped,13,59,1:16.710,
2024,8,Monaco Grand Prix,2024-05-26,Circuit de Monaco,Monaco,sargeant,2,SAR,Logan,Sargeant,American,williams,Williams,British,15,15,15,0,76,Lapped,8,62,1:15.525,
2024,8,Monaco Grand Prix,2024-05-26,Circuit de Monaco,Monaco,zhou,24,ZHO,Guanyu,Zhou,Chinese,sauber,Sauber,Swiss,18,16,16,0,76,Lapped,3,75,1:14.718,
2024,8,Monaco Grand Prix,2024-05-26,Circuit de Monaco,Monaco,ocon,31,OCO,Esteban,Ocon,French,alpine,Alpine F1 Team,French,11,17,R,0,0,Retired,,,,
2024,8,Monaco Grand Prix,2024-05-26,Circuit de Monaco,Monaco,perez,11,PER,Sergio,Pérez,Mexican,red_bull,Red Bull,Austrian,16,18,R,0,0,Retired,,,,
2024,8,Monaco Grand Prix,2024-05-26,Circuit de Monaco,Monaco,hulkenberg,27,HUL,Nico,Hülkenberg,German,haas,Haas F1 Team,American,19,19,R,0,0,Retired,,,,
2024,8,Monaco Grand Prix,2024-05-26,Circuit de Monaco,Monaco,kevin_magnussen,20,MAG,Kevin,Magnussen,Danish,haas,Haas F1 Team,American,20,20,R,0,0,Retired,,,,
2024,9,Canadian Grand Prix,2024-06-09,Circuit Gilles Villeneuve,Canada,max_verstappen,1,VER,Max,Verstappen,Dutch,red_bull,Red Bull,Austrian,2,1,1,25,70,Finished,4,70,1:15.569,207.751
2024,9,Canadian Grand Prix,2024-06-09,Circuit Gilles Villeneuve,Canada,norris,4,NOR,Lando,Norris,British,mclaren,McLaren,British,3,2,2,18,70,Finished,3,67,1:15.558,207.782
2024,9,Canadian Grand Prix,2024-06-09,Circuit Gilles Villeneuve,Canada,russell,63,RUS,George,Russell,British,mercedes,Mercedes,German,1,3,3,15,70,Finished,2,70,1:14.895,209.621
2024,9,Canadian Grand Prix,2024-06-09,Circuit Gilles Villeneuve,Canada,hamilton,44,HAM,Lewis,Hamilton,British,mercedes,Mercedes,German,7,4,4,13,70,Finished,1,70,1:14.856,209.730
2024,9,Canadian Grand Prix,2024-06-09,Circuit Gilles Villeneuve,Canada,piastri,81,PIA,Oscar,Piastri,Australian,mclaren,McLaren,British,4,5,5,10,70,Finished,5,65,1:16.247,205.904
2024,9,Canadian Grand Prix,2024-06-09,Circuit Gilles Villeneuve,Canada,alonso,14,ALO,Fernando,Alonso,Spanish,aston_martin,Aston Martin,British,6,6,6,8,70,Finished,6,70,1:16.303,205.753
2024,9,Canadian Grand Prix,2024-06-09,Circuit Gilles Villeneuve,Canada,stroll,18,STR,Lance,Stroll,Canadian,aston_martin,Aston Martin,British,9,7,7,6,70,Finished,9,70,1:16.762,204.523
2024,9,Canadian Grand Prix,2024-06-09,Circuit Gilles Villeneuve,Canada,ricciardo,3,RIC,Daniel,Ricciardo,Australian,rb,RB F1 Team,Italian,5,8,8,4,70,Finished,12,68,1:17.076,203.689
2024,9,Canadian Grand Prix,2024-06-09,Circuit Gilles Villeneuve,Canada,gasly,10,GAS,Pierre,Gasly,French,alpine,Alpine F1 Team,French,15,9,9,2,70,Finished,11,70,1:17.013,203.856
2024,9,Canadian Grand Prix,2024-06-09,Circuit Gilles Villeneuve,Canada,ocon,31,OCO,Esteban,Ocon,French,alpine,Alpine F1 Team,French,18,10,10,1,70,Finished,10,70,1:17.012,203.859
2024,9,Canadian Grand Prix,2024-06-09,Circuit Gilles Villeneuve,Canada,hulkenberg,27,HUL,Nico,Hülkenberg,German,haas,Haas F1 Team,American,17,11,11,0,70,Finished,8,67,1:16.683,204.733
2024,9,Canadian Grand Prix,2024-06-09,Circuit Gilles Villeneuve,Canada,kevin_magnussen,20,MAG,Kevin,Magnussen,Danish,haas,Haas F1 Team,American,14,12,12,0,70,Finished,7,68,1:16.499,205.226
2024,9,Canadian Grand Prix,2024-06-09,Circuit Gilles Villeneuve,Canada,bottas,77,BOT,Valtteri,Bottas,Finnish,sauber,Sauber,Swiss,19,13,13,0,70,Finished,13,65,1:17.250,203.231
2024,9,Canadian Grand Prix,2024-06-09,Circuit Gilles Villeneuve,Canada,tsunoda,22,TSU,Yuki,Tsunoda,Japanese,rb,RB F1 Team,Italian,8,14,14,0,70,Finished,14,70,1:17.309,203.075
2024,9,Canadian Grand Prix,2024-06-09,Circuit Gilles Villeneuve,Canada,zhou,24,ZHO,Guanyu,Zhou,Chinese,sauber,Sauber,Swiss,20,15,15,0,69,Lapped,15,68,1:17.325,203.033
2024,9,Canadian Grand Prix,2024-06-09,Circuit Gilles Villeneuve,Canada,sainz,55,SAI,Carlos,Sainz,Spanish,ferrari,Ferrari,Italian,12,16,R,0,52,Retired,17,51,1:18.957,198.837
2024,9,Canadian Grand Prix,2024-06-09,Circuit Gilles Villeneuve,Canada,albon,23,ALB,Alexander,Albon,Thai,williams,Williams,British,10,17,R,0,52,Retired,18,51,1:19.359,197.830
2024,9,Canadian Grand Prix,2024-06-09,Circuit Gilles Villeneuve,Canada,perez,11,PER,Sergio,Pérez,Mexican,red_bull,Red Bull,Austrian,16,18,R,0,51,Retired,16,51,1:18.819,199.185
2024,9,Canadian Grand Prix,2024-06-09,Circuit Gilles Villeneuve,Canada,leclerc,16,LEC,Charles,Leclerc,Monegasque,ferrari,Ferrari,Italian,11,19,R,0,40,Retired,19,39,1:26.012,182.528
2024,9,Canadian Grand Prix,2024-06-09,Circuit Gilles Villeneuve,Canada,sargeant,2,SAR,Logan,Sargeant,American,williams,Williams,British,13,20,R,0,23,Retired,20,19,1:26.484,181.531
2024,10,Spanish Grand Prix,2024-06-23,Circuit de Barcelona-Catalunya,Spain,max_verstappen,1,VER,Max,Verstappen,Dutch,red_bull,Red Bull,Austrian,2,1,1,25,66,Finished,2,54,1:17.776,215.557
2024,10,Spanish Grand Prix,2024-06-23,Circuit de Barcelona-Catalunya,Spain,norris,4,NOR,Lando,Norris,British,mclaren,McLaren,British,1,2,2,19,66,Finished,1,51,1:17.115,217.405
2024,10,Spanish Grand Prix,2024-06-23,Circuit de Barcelona-Catalunya,Spain,hamilton,44,HAM,Lewis,Hamilton,British,mercedes,Mercedes,German,3,3,3,15,66,Finished,4,46,1:17.809,215.466
2024,10,Spanish Grand Prix,2024-06-23,Circuit de Barcelona-Catalunya,Spain,russell,63,RUS,George,Russell,British,mercedes,Mercedes,German,4,4,4,12,66,Finished,7,50,1:18.290,214.142
2024,10,Spanish Grand Prix,2024-06-23,Circuit de Barcelona-Catalunya,Spain,leclerc,16,LEC,Charles,Leclerc,Monegasque,ferrari,Ferrari,Italian,5,5,5,10,66,Finished,6,52,1:17.897,215.222
2024,10,Spanish Grand Prix,2024-06-23,Circuit de Barcelona-Catalunya,Spain,sainz,55,SAI,Carlos,Sainz,Spanish,ferrari,Ferrari,Italian,6,6,6,8,66,Finished,9,39,1:18.539,213.463
2024,10,Spanish Grand Prix,2024-06-23,Circuit de Barcelona-Catalunya,Spain,piastri,81,PIA,Oscar,Piastri,Australian,mclaren,McLaren,British,9,7,7,6,66,Finished,5,56,1:17.874,215.286
2024,10,Spanish Grand Prix,2024-06-23,Circuit de Barcelona-Catalunya,Spain,perez,11,PER,Sergio,Pérez,Mexican,red_bull,Red Bull,Austrian,11,8,8,4,66,Finished,3,51,1:17.785,215.532
2024,10,Spanish Grand Prix,2024-06-23,Circuit de Barcelona-Catalunya,Spain,gasly,10,GAS,Pierre,Gasly,French,alpine,Alpine F1 Team,French,7,9,9,2,66,Finished,13,51,1:19.045,212.096
2024,10,Spanish Grand Prix,2024-06-23,Circuit de Barcelona-Catalunya,Spain,ocon,31,OCO,Esteban,Ocon,French,alpine,Alpine F1 Team,French,8,10,10,1,66,Finished,12,54,1:18.982,212.266
2024,10,Spanish Grand Prix,2024-06-23,Circuit de Barcelona-Catalunya,Spain,hulkenberg,27,HUL,Nico,Hülkenberg,German,haas,Haas F1 Team,American,13,11,11,0,66,Finished,10,49,1:18.609,213.273
2024,10,Spanish Grand Prix,2024-06-23,Circuit de Barcelona-Catalunya,Spain,alonso,14,ALO,Fernando,Alonso,Spanish,aston_martin,Aston Martin,British,10,12,12,0,65,Lapped,8,50,1:18.334,214.022
2024,10,Spanish Grand Prix,2024-06-23,Circuit de Barcelona-Catalunya,Spain,zhou,24,ZHO,Guanyu,Zhou,Chinese,sauber,Sauber,Swiss,15,13,13,0,65,Lapped,11,50,1:18.771,212.834
2024,10,Spanish Grand Prix,2024-06-23,Circuit de Barcelona-Catalunya,Spain,stroll,18,STR,Lance,Stroll,Canadian,aston_martin,Aston Martin,British,14,14,14,0,65,Lapped,15,50,1:19.318,211.366
2024,10,Spanish Grand Prix,2024-06-23,Circuit de Barcelona-Catalunya,Spain,ricciardo,3,RIC,Daniel,Ricciardo,Australian,rb,RB F1 Team,Italian,18,15,15,0,65,Lapped,17,61,1:19.450,211.015
2024,10,Spanish Grand Prix,2024-06-23,Circuit de Barcelona-Catalunya,Spain,bottas,77,BOT,Valtteri,Bottas,Finnish,sauber,Sauber,Swiss,12,16,16,0,65,Lapped,18,13,1:19.608,210.596
2024,10,Spanish Grand Prix,2024-06-23,Circuit de Barcelona-Catalunya,Spain,kevin_magnussen,20,MAG,Kevin,Magnussen,Danish,haas,Haas F1 Team,American,16,17,17,0,65,Lapped,19,33,1:19.805,210.077
2024,10,Spanish Grand Prix,2024-06-23,Circuit de Barcelona-Catalunya,Spain,albon,23,ALB,Alexander,Albon,Thai,williams,Williams,British,20,18,18,0,65,Lapped,14,45,1:19.132,211.863
2024,10,Spanish Grand Prix,2024-06-23,Circuit de Barcelona-Catalunya,Spain,tsunoda,22,TSU,Yuki,Tsunoda,Japanese,rb,RB F1 Team,Italian,17,19,19,0,65,Lapped,16,56,1:19.447,211.023
2024,10,Spanish Grand Prix,2024-06-23,Circuit de Barcelona-Catalunya,Spain,sargeant,2,SAR,Logan,Sargeant,American,williams,Williams,British,19,20,20,0,64,Lapped,20,38,1:20.172,209.115
2024,11,Austrian Grand Prix,2024-06-30,Red Bull Ring,Austria,russell,63,RUS,George,Russell,British,mercedes,Mercedes,German,3,1,1,25,71,Finished,5,48,1:09.164,224.752
2024,11,Austrian Grand Prix,2024-06-30,Red Bull Ring,Austria,piastri,81,PIA,Oscar,Piastri,Australian,mclaren,McLaren,British,7,2,2,18,71,Finished,4,56,1:08.697,226.280
2024,11,Austrian Grand Prix,2024-06-30,Red Bull Ring,Austria,sainz,55,SAI,Carlos,Sainz,Spanish,ferrari,Ferrari,Italian,4,3,3,15,71,Finished,6,56,1:09.282,224.369
2024,11,Austrian Grand Prix,2024-06-30,Red Bull Ring,Austria,hamilton,44,HAM,Lewis,Hamilton,British,mercedes,Mercedes,German,5,4,4,12,71,Finished,7,61,1:09.562,223.466
2024,11,Austrian Grand Prix,2024-06-30,Red Bull Ring,Austria,max_verstappen,1,VER,Max,Verstappen,Dutch,red_bull,Red Bull,Austrian,1,5,5,10,71,Finished,2,68,1:07.719,229.548
2024,11,Austrian Grand Prix,2024-06-30,Red Bull Ring,Austria,hulkenberg,27,HUL,Nico,Hülkenberg,German,haas,Haas F1 Team,American,9,6,6,8,71,Finished,14,51,1:10.215,221.388
2024,11,Austrian Grand Prix,2024-06-30,Red Bull Ring,Austria,perez,11,PER,Sergio,Pérez,Mexican,red_bull,Red Bull,Austrian,8,7,7,6,71,Finished,11,56,1:09.694,223.043
2024,11,Austrian Grand Prix,2024-06-30,Red Bull Ring,Austria,kevin_magnussen,20,MAG,Kevin,Magnussen,Danish,haas,Haas F1 Team,American,12,8,8,4,71,Finished,12,45,1:10.125,221.672
2024,11,Austrian Grand Prix,2024-06-30,Red Bull Ring,Austria,ricciardo,3,RIC,Daniel,Ricciardo,Australian,rb,RB F1 Team,Italian,11,9,9,2,71,Finished,18,49,1:10.426,220.725
2024,11,Austrian Grand Prix,2024-06-30,Red Bull Ring,Austria,gasly,10,GAS,Pierre,Gasly,French,alpine,Alpine F1 Team,French,13,10,10,1,71,Finished,9,45,1:09.609,223.315
2024,11,Austrian Grand Prix,2024-06-30,Red Bull Ring,Austria,leclerc,16,LEC,Charles,Leclerc,Monegasque,ferrari,Ferrari,Italian,6,11,11,0,71,Finished,8,55,1:09.584,223.396
2024,11,Austrian Grand Prix,2024-06-30,Red Bull Ring,Austria,ocon,31,OCO,Esteban,Ocon,French,alpine,Alpine F1 Team,French,10,12,12,0,71,Finished,10,45,1:09.649,223.187
2024,11,Austrian Grand Prix,2024-06-30,Red Bull Ring,Austria,stroll,18,STR,Lance,Stroll,Canadian,aston_martin,Aston Martin,British,17,13,13,0,70,Lapped,13,54,1:10.143,221.615
2024,11,Austrian Grand Prix,2024-06-30,Red Bull Ring,Austria,tsunoda,22,TSU,Yuki,Tsunoda,Japanese,rb,RB F1 Team,Italian,14,14,14,0,70,Lapped,15,54,1:10.318,221.064
2024,11,Austrian Grand Prix,2024-06-30,Red Bull Ring,Austria,albon,23,ALB,Alexander,Albon,Thai,williams,Williams,British,16,15,15,0,70,Lapped,16,41,1:10.364,220.919
2024,11,Austrian Grand Prix,2024-06-30,Red Bull Ring,Austria,bottas,77,BOT,Valtteri,Bottas,Finnish,sauber,Sauber,Swiss,18,16,16,0,70,Lapped,19,48,1:10.449,220.653
2024,11,Austrian Grand Prix,2024-06-30,Red Bull Ring,Austria,zhou,24,ZHO,Guanyu,Zhou,Chinese,sauber,Sauber,Swiss,20,17,17,0,70,Lapped,20,54,1:10.470,220.587
2024,11,Austrian Grand Prix,2024-06-30,Red Bull Ring,Austria,alonso,14,ALO,Fernando,Alonso,Spanish,aston_martin,Aston Martin,British,15,18,18,0,70,Lapped,1,70,1:07.694,229.633
2024,11,Austrian Grand Prix,2024-06-30,Red Bull Ring,Austria,sargeant,2,SAR,Logan,Sargeant,American,williams,Williams,British,19,19,19,0,69,Lapped,17,60,1:10.406,220.788
2024,11,Austrian Grand Prix,2024-06-30,Red Bull Ring,Austria,norris,4,NOR,Lando,Norris,British,mclaren,McLaren,British,2,20,20,0,64,Lapped,3,53,1:08.016,228.546
2024,12,British Grand Prix,2024-07-07,Silverstone Circuit,UK,hamilton,44,HAM,Lewis,Hamilton,British,mercedes,Mercedes,German,2,1,1,25,52,Finished,5,45,1:29.438,237.120
2024,12,British Grand Prix,2024-07-07,Silverstone Circuit,UK,max_verstappen,1,VER,Max,Verstappen,Dutch,red_bull,Red Bull,Austrian,4,2,2,18,52,Finished,3,48,1:28.952,238.416
2024,12,British Grand Prix,2024-07-07,Silverstone Circuit,UK,norris,4,NOR,Lando,Norris,British,mclaren,McLaren,British,3,3,3,15,52,Finished,4,43,1:29.262,237.588
2024,12,British Grand Prix,2024-07-07,Silverstone Circuit,UK,piastri,81,PIA,Oscar,Piastri,Australian,mclaren,McLaren,British,5,4,4,12,52,Finished,2,51,1:28.748,238.964
2024,12,British Grand Prix,2024-07-07,Silverstone Circuit,UK,sainz,55,SAI,Carlos,Sainz,Spanish,ferrari,Ferrari,Italian,7,5,5,11,52,Finished,1,52,1:28.293,240.195
2024,12,British Grand Prix,2024-07-07,Silverstone Circuit,UK,hulkenberg,27,HUL,Nico,Hülkenberg,German,haas,Haas F1 Team,American,6,6,6,8,52,Finished,10,43,1:29.836,236.070
2024,12,British Grand Prix,2024-07-07,Silverstone Circuit,UK,stroll,18,STR,Lance,Stroll,Canadian,aston_martin,Aston Martin,British,8,7,7,6,52,Finished,11,46,1:29.897,235.909
2024,12,British Grand Prix,2024-07-07,Silverstone Circuit,UK,alonso,14,ALO,Fernando,Alonso,Spanish,aston_martin,Aston Martin,British,10,8,8,4,52,Finished,7,47,1:29.710,236.401
2024,12,British Grand Prix,2024-07-07,Silverstone Circuit,UK,albon,23,ALB,Alexander,Albon,Thai,williams,Williams,British,9,9,9,2,52,Finished,8,52,1:29.718,236.380
2024,12,British Grand Prix,2024-07-07,Silverstone Circuit,UK,tsunoda,22,TSU,Yuki,Tsunoda,Japanese,rb,RB F1 Team,Italian,13,10,10,1,52,Finished,14,43,1:30.229,235.041
2024,12,British Grand Prix,2024-07-07,Silverstone Circuit,UK,sargeant,2,SAR,Logan,Sargeant,American,williams,Williams,British,12,11,11,0,52,Finished,12,42,1:29.972,235.713
2024,12,British Grand Prix,2024-07-07,Silverstone Circuit,UK,kevin_magnussen,20,MAG,Kevin,Magnussen,Danish,haas,Haas F1 Team,American,17,12,12,0,52,Finished,13,42,1:30.093,235.396
2024,12,British Grand Prix,2024-07-07,Silverstone Circuit,UK,ricciardo,3,RIC,Daniel,Ricciardo,Australian,rb,RB F1 Team,Italian,15,13,13,0,51,Lapped,15,47,1:30.735,233.731
2024,12,British Grand Prix,2024-07-07,Silverstone Circuit,UK,leclerc,16,LEC,Charles,Leclerc,Monegasque,ferrari,Ferrari,Italian,11,14,14,0,51,Lapped,9,43,1:29.748,236.301
2024,12,British Grand Prix,2024-07-07,Silverstone Circuit,UK,bottas,77,BOT,Valtteri,Bottas,Finnish,sauber,Sauber,Swiss,16,15,15,0,51,Lapped,18,44,1:31.277,232.343
2024,12,British Grand Prix,2024-07-07,Silverstone Circuit,UK,ocon,31,OCO,Esteban,Ocon,French,alpine,Alpine F1 Team,French,18,16,16,0,50,Lapped,16,46,1:30.875,233.371
2024,12,British Grand Prix,2024-07-07,Silverstone Circuit,UK,perez,11,PER,Sergio,Pérez,Mexican,red_bull,Red Bull,Austrian,20,17,17,0,50,Lapped,6,50,1:29.707,236.409
2024,12,British Grand Prix,2024-07-07,Silverstone Circuit,UK,zhou,24,ZHO,Guanyu,Zhou,Chinese,sauber,Sauber,Swiss,14,18,18,0,50,Lapped,17,43,1:31.014,233.014
2024,12,British Grand Prix,2024-07-07,Silverstone Circuit,UK,russell,63,RUS,George,Russell,British,mercedes,Mercedes,German,1,19,R,0,33,Retired,19,3,1:31.298,232.289
2024,12,British Grand Prix,2024-07-07,Silverstone Circuit,UK,gasly,10,GAS,Pierre,Gasly,French,alpine,Alpine F1 Team,French,19,20,W,0,0,Did not start,,,,
2024,13,Hungarian Grand Prix,2024-07-21,Hungaroring,Hungary,piastri,81,PIA,Oscar,Piastri,Australian,mclaren,McLaren,British,2,1,1,25,70,Finished,8,51,1:21.716,193.005
2024,13,Hungarian Grand Prix,2024-07-21,Hungaroring,Hungary,norris,4,NOR,Lando,Norris,British,mclaren,McLaren,British,1,2,2,18,70,Finished,7,50,1:21.712,193.014
2024,13,Hungarian Grand Prix,2024-07-21,Hungaroring,Hungary,hamilton,44,HAM,Lewis,Hamilton,British,mercedes,Mercedes,German,5,3,3,15,70,Finished,9,54,1:22.153,191.978
2024,13,Hungarian Grand Prix,2024-07-21,Hungaroring,Hungary,leclerc,16,LEC,Charles,Leclerc,Monegasque,ferrari,Ferrari,Italian,6,4,4,12,70,Finished,10,29,1:22.182,191.910
2024,13,Hungarian Grand Prix,2024-07-21,Hungaroring,Hungary,max_verstappen,1,VER,Max,Verstappen,Dutch,red_bull,Red Bull,Austrian,3,5,5,10,70,Finished,3,51,1:20.908,194.932
2024,13,Hungarian Grand Prix,2024-07-21,Hungaroring,Hungary,sainz,55,SAI,Carlos,Sainz,Spanish,ferrari,Ferrari,Italian,4,6,6,8,70,Finished,5,53,1:21.441,193.656
2024,13,Hungarian Grand Prix,2024-07-21,Hungaroring,Hungary,perez,11,PER,Sergio,Pérez,Mexican,red_bull,Red Bull,Austrian,16,7,7,6,70,Finished,4,49,1:21.096,194.480
2024,13,Hungarian Grand Prix,2024-07-21,Hungaroring,Hungary,russell,63,RUS,George,Russell,British,mercedes,Mercedes,German,17,8,8,5,70,Finished,1,55,1:20.305,196.396
2024,13,Hungarian Grand Prix,2024-07-21,Hungaroring,Hungary,tsunoda,22,TSU,Yuki,Tsunoda,Japanese,rb,RB F1 Team,Italian,10,9,9,2,70,Finished,18,57,1:23.533,188.806
2024,13,Hungarian Grand Prix,2024-07-21,Hungaroring,Hungary,stroll,18,STR,Lance,Stroll,Canadian,aston_martin,Aston Martin,British,8,10,10,1,70,Finished,11,48,1:22.338,191.547
2024,13,Hungarian Grand Prix,2024-07-21,Hungaroring,Hungary,alonso,14,ALO,Fernando,Alonso,Spanish,aston_martin,Aston Martin,British,7,11,11,0,70,Finished,14,52,1:23.063,189.875
2024,13,Hungarian Grand Prix,2024-07-21,Hungaroring,Hungary,ricciardo,3,RIC,Daniel,Ricciardo,Australian,rb,RB F1 Team,Italian,9,12,12,0,69,Lapped,12,30,1:22.640,190.847
2024,13,Hungarian Grand Prix,2024-07-21,Hungaroring,Hungary,hulkenberg,27,HUL,Nico,Hülkenberg,German,haas,Haas F1 Team,American,11,13,13,0,69,Lapped,16,54,1:23.461,188.969
2024,13,Hungarian Grand Prix,2024-07-21,Hungaroring,Hungary,albon,23,ALB,Alexander,Albon,Thai,williams,Williams,British,13,14,14,0,69,Lapped,20,31,1:23.930,187.913
2024,13,Hungarian Grand Prix,2024-07-21,Hungaroring,Hungary,kevin_magnussen,20,MAG,Kevin,Magnussen,Danish,haas,Haas F1 Team,American,15,15,15,0,69,Lapped,19,50,1:23.553,188.761
2024,13,Hungarian Grand Prix,2024-07-21,Hungaroring,Hungary,bottas,77,BOT,Valtteri,Bottas,Finnish,sauber,Sauber,Swiss,12,16,16,0,69,Lapped,13,52,1:22.792,190.496
2024,13,Hungarian Grand Prix,2024-07-21,Hungaroring,Hungary,sargeant,2,SAR,Logan,Sargeant,American,williams,Williams,British,14,17,17,0,69,Lapped,2,65,1:20.561,195.772
2024,13,Hungarian Grand Prix,2024-07-21,Hungaroring,Hungary,ocon,31,OCO,Esteban,Ocon,French,alpine,Alpine F1 Team,French,19,18,18,0,69,Lapped,6,66,1:21.610,193.255
2024,13,Hungarian Grand Prix,2024-07-21,Hungaroring,Hungary,zhou,24,ZHO,Guanyu,Zhou,Chinese,sauber,Sauber,Swiss,18,19,19,0,69,Lapped,17,38,1:23.487,188.910
2024,13,Hungarian Grand Prix,2024-07-21,Hungaroring,Hungary,gasly,10,GAS,Pierre,Gasly,French,alpine,Alpine F1 Team,French,20,20,R,0,33,Retired,15,31,1:23.340,189.244
2024,14,Belgian Grand Prix,2024-07-28,Circuit de Spa-Francorchamps,Belgium,hamilton,44,HAM,Lewis,Hamilton,British,mercedes,Mercedes,German,3,1,1,25,44,Finished,6,33,1:46.653,236.415
2024,14,Belgian Grand Prix,2024-07-28,Circuit de Spa-Francorchamps,Belgium,piastri,81,PIA,Oscar,Piastri,Australian,mclaren,McLaren,British,5,2,2,18,44,Finished,3,32,1:45.840,238.231
2024,14,Belgian Grand Prix,2024-07-28,Circuit de Spa-Francorchamps,Belgium,leclerc,16,LEC,Charles,Leclerc,Monegasque,ferrari,Ferrari,Italian,1,3,3,15,44,Finished,8,33,1:47.013,235.619
2024,14,Belgian Grand Prix,2024-07-28,Circuit de Spa-Francorchamps,Belgium,max_verstappen,1,VER,Max,Verstappen,Dutch,red_bull,Red Bull,Austrian,11,4,4,12,44,Finished,4,32,1:46.128,237.584
2024,14,Belgian Grand Prix,2024-07-28,Circuit de Spa-Francorchamps,Belgium,norris,4,NOR,Lando,Norris,British,mclaren,McLaren,British,4,5,5,10,44,Finished,2,31,1:45.563,238.856
2024,14,Belgian Grand Prix,2024-07-28,Circuit de Spa-Francorchamps,Belgium,sainz,55,SAI,Carlos,Sainz,Spanish,ferrari,Ferrari,Italian,7,6,6,8,44,Finished,5,44,1:46.364,237.057
2024,14,Belgian Grand Prix,2024-07-28,Circuit de Spa-Francorchamps,Belgium,perez,11,PER,Sergio,Pérez,Mexican,red_bull,Red Bull,Austrian,2,7,7,7,44,Finished,1,44,1:44.701,240.822
2024,14,Belgian Grand Prix,2024-07-28,Circuit de Spa-Francorchamps,Belgium,alonso,14,ALO,Fernando,Alonso,Spanish,aston_martin,Aston Martin,British,8,8,8,4,44,Finished,17,42,1:48.051,233.356
2024,14,Belgian Grand Prix,2024-07-28,Circuit de Spa-Francorchamps,Belgium,ocon,31,OCO,Esteban,Ocon,French,alpine,Alpine F1 Team,French,9,9,9,2,44,Finished,7,43,1:46.957,235.743
2024,14,Belgian Grand Prix,2024-07-28,Circuit de Spa-Francorchamps,Belgium,ricciardo,3,RIC,Daniel,Ricciardo,Australian,rb,RB F1 Team,Italian,13,10,10,1,44,Finished,12,37,1:47.435,234.694
2024,14,Belgian Grand Prix,2024-07-28,Circuit de Spa-Francorchamps,Belgium,stroll,18,STR,Lance,Stroll,Canadian,aston_martin,Aston Martin,British,15,11,11,0,44,Finished,18,44,1:48.105,233.239
2024,14,Belgian Grand Prix,2024-07-28,Circuit de Spa-Francorchamps,Belgium,albon,23,ALB,Alexander,Albon,Thai,williams,Williams,British,10,12,12,0,44,Finished,16,44,1:47.996,233.475
2024,14,Belgian Grand Prix,2024-07-28,Circuit de Spa-Francorchamps,Belgium,gasly,10,GAS,Pierre,Gasly,French,alpine,Alpine F1 Team,French,12,13,13,0,44,Finished,11,30,1:47.418,234.731
2024,14,Belgian Grand Prix,2024-07-28,Circuit de Spa-Francorchamps,Belgium,kevin_magnussen,20,MAG,Kevin,Magnussen,Danish,haas,Haas F1 Team,American,17,14,14,0,44,Finished,14,44,1:47.848,233.795
2024,14,Belgian Grand Prix,2024-07-28,Circuit de Spa-Francorchamps,Belgium,bottas,77,BOT,Valtteri,Bottas,Finnish,sauber,Sauber,Swiss,14,15,15,0,44,Finished,9,37,1:47.019,235.606
2024,14,Belgian Grand Prix,2024-07-28,Circuit de Spa-Francorchamps,Belgium,tsunoda,22,TSU,Yuki,Tsunoda,Japanese,rb,RB F1 Team,Italian,20,16,16,0,44,Finished,15,44,1:47.969,233.533
2024,14,Belgian Grand Prix,2024-07-28,Circuit de Spa-Francorchamps,Belgium,sargeant,2,SAR,Logan,Sargeant,American,williams,Williams,British,18,17,17,0,44,Finished,13,43,1:47.490,234.574
2024,14,Belgian Grand Prix,2024-07-28,Circuit de Spa-Francorchamps,Belgium,hulkenberg,27,HUL,Nico,Hülkenberg,German,haas,Haas F1 Team,American,16,18,18,0,44,Finished,19,44,1:48.954,231.422
2024,14,Belgian Grand Prix,2024-07-28,Circuit de Spa-Francorchamps,Belgium,zhou,24,ZHO,Guanyu,Zhou,Chinese,sauber,Sauber,Swiss,19,19,R,0,5,Retired,20,2,1:52.099,224.929
2024,14,Belgian Grand Prix,2024-07-28,Circuit de Spa-Francorchamps,Belgium,russell,63,RUS,George,Russell,British,mercedes,Mercedes,German,6,20,20,0,44,Disqualified,10,44,1:47.113,235.399
2024,15,Dutch Grand Prix,2024-08-25,Circuit Park Zandvoort,Netherlands,norris,4,NOR,Lando,Norris,British,mclaren,McLaren,British,1,1,1,26,72,Finished,1,72,1:13.817,207.708
2024,15,Dutch Grand Prix,2024-08-25,Circuit Park Zandvoort,Netherlands,max_verstappen,1,VER,Max,Verstappen,Dutch,red_bull,Red Bull,Austrian,2,2,2,18,72,Finished,9,30,1:14.752,205.110
2024,15,Dutch Grand Prix,2024-08-25,Circuit Park Zandvoort,Netherlands,leclerc,16,LEC,Charles,Leclerc,Monegasque,ferrari,Ferrari,Italian,6,3,3,15,72,Finished,7,62,1:14.585,205.569
2024,15,Dutch Grand Prix,2024-08-25,Circuit Park Zandvoort,Netherlands,piastri,81,PIA,Oscar,Piastri,Australian,mclaren,McLaren,British,3,4,4,12,72,Finished,5,36,1:14.237,206.533
2024,15,Dutch Grand Prix,2024-08-25,Circuit Park Zandvoort,Netherlands,sainz,55,SAI,Carlos,Sainz,Spanish,ferrari,Ferrari,Italian,10,5,5,10,72,Finished,4,40,1:14.117,206.867
2024,15,Dutch Grand Prix,2024-08-25,Circuit Park Zandvoort,Netherlands,perez,11,PER,Sergio,Pérez,Mexican,red_bull,Red Bull,Austrian,5,6,6,8,72,Finished,8,69,1:14.587,205.563
2024,15,Dutch Grand Prix,2024-08-25,Circuit Park Zandvoort,Netherlands,russell,63,RUS,George,Russell,British,mercedes,Mercedes,German,4,7,7,6,72,Finished,3,57,1:13.927,207.399
2024,15,Dutch Grand Prix,2024-08-25,Circuit Park Zandvoort,Netherlands,hamilton,44,HAM,Lewis,Hamilton,British,mercedes,Mercedes,German,14,8,8,4,72,Finished,2,62,1:13.878,207.536
2024,15,Dutch Grand Prix,2024-08-25,Circuit Park Zandvoort,Netherlands,gasly,10,GAS,Pierre,Gasly,French,alpine,Alpine F1 Team,French,9,9,9,2,71,Lapped,11,54,1:14.855,204.828
2024,15,Dutch Grand Prix,2024-08-25,Circuit Park Zandvoort,Netherlands,alonso,14,ALO,Fernando,Alonso,Spanish,aston_martin,Aston Martin,British,7,10,10,1,71,Lapped,10,34,1:14.758,205.093
2024,15,Dutch Grand Prix,2024-08-25,Circuit Park Zandvoort,Netherlands,hulkenberg,27,HUL,Nico,Hülkenberg,German,haas,Haas F1 Team,American,12,11,11,0,71,Lapped,18,59,1:15.657,202.656
2024,15,Dutch Grand Prix,2024-08-25,Circuit Park Zandvoort,Netherlands,ricciardo,3,RIC,Daniel,Ricciardo,Australian,rb,RB F1 Team,Italian,13,12,12,0,71,Lapped,13,52,1:15.222,203.828
2024,15,Dutch Grand Prix,2024-08-25,Circuit Park Zandvoort,Netherlands,stroll,18,STR,Lance,Stroll,Canadian,aston_martin,Aston Martin,British,8,13,13,0,71,Lapped,14,51,1:15.255,203.739
2024,15,Dutch Grand Prix,2024-08-25,Circuit Park Zandvoort,Netherlands,albon,23,ALB,Alexander,Albon,Thai,williams,Williams,British,19,14,14,0,71,Lapped,6,71,1:14.434,205.986
2024,15,Dutch Grand Prix,2024-08-25,Circuit Park Zandvoort,Netherlands,ocon,31,OCO,Esteban,Ocon,French,alpine,Alpine F1 Team,French,15,15,15,0,71,Lapped,15,50,1:15.390,203.374
2024,15,Dutch Grand Prix,2024-08-25,Circuit Park Zandvoort,Netherlands,sargeant,2,SAR,Logan,Sargeant,American,williams,Williams,British,18,16,16,0,71,Lapped,16,26,1:15.539,202.973
2024,15,Dutch Grand Prix,2024-08-25,Circuit Park Zandvoort,Netherlands,tsunoda,22,TSU,Yuki,Tsunoda,Japanese,rb,RB F1 Team,Italian,11,17,17,0,71,Lapped,17,16,1:15.552,202.938
2024,15,Dutch Grand Prix,2024-08-25,Circuit Park Zandvoort,Netherlands,kevin_magnussen,20,MAG,Kevin,Magnussen,Danish,haas,Haas F1 Team,American,20,18,18,0,71,Lapped,12,42,1:14.954,204.557
2024,15,Dutch Grand Prix,2024-08-25,Circuit Park Zandvoort,Netherlands,bottas,77,BOT,Valtteri,Bottas,Finnish,sauber,Sauber,Swiss,16,19,19,0,70,Lapped,20,45,1:15.822,202.215
2024,15,Dutch Grand Prix,2024-08-25,Circuit Park Zandvoort,Netherlands,zhou,24,ZHO,Guanyu,Zhou,Chinese,sauber,Sauber,Swiss,17,20,20,0,70,Lapped,19,67,1:15.724,202.477
2024,16,Italian Grand Prix,2024-09-01,Autodromo Nazionale di Monza,Italy,leclerc,16,LEC,Charles,Leclerc,Monegasque,ferrari,Ferrari,Italian,4,1,1,25,53,Finished,10,33,1:23.226,250.580
2024,16,Italian Grand Prix,2024-09-01,Autodromo Nazionale di Monza,Italy,piastri,81,PIA,Oscar,Piastri,Australian,mclaren,McLaren,British,2,2,2,18,53,Finished,4,53,1:21.943,254.503
2024,16,Italian Grand Prix,2024-09-01,Autodromo Nazionale di Monza,Italy,norris,4,NOR,Lando,Norris,British,mclaren,McLaren,British,1,3,3,16,53,Finished,1,53,1:21.432,256.100
2024,16,Italian Grand Prix,2024-09-01,Autodromo Nazionale di Monza,Italy,sainz,55,SAI,Carlos,Sainz,Spanish,ferrari,Ferrari,Italian,5,4,4,12,53,Finished,9,53,1:23.219,250.601
2024,16,Italian Grand Prix,2024-09-01,Autodromo Nazionale di Monza,Italy,hamilton,44,HAM,Lewis,Hamilton,British,mercedes,Mercedes,German,6,5,5,10,53,Finished,2,53,1:21.512,255.849
2024,16,Italian Grand Prix,2024-09-01,Autodromo Nazionale di Monza,Italy,max_verstappen,1,VER,Max,Verstappen,Dutch,red_bull,Red Bull,Austrian,7,6,6,8,53,Finished,3,43,1:21.745,255.120
2024,16,Italian Grand Prix,2024-09-01,Autodromo Nazionale di Monza,Italy,russell,63,RUS,George,Russell,British,mercedes,Mercedes,German,3,7,7,6,53,Finished,5,49,1:22.036,254.215
2024,16,Italian Grand Prix,2024-09-01,Autodromo Nazionale di Monza,Italy,perez,11,PER,Sergio,Pérez,Mexican,red_bull,Red Bull,Austrian,8,8,8,4,53,Finished,8,47,1:22.971,251.350
2024,16,Italian Grand Prix,2024-09-01,Autodromo Nazionale di Monza,Italy,albon,23,ALB,Alexander,Albon,Thai,williams,Williams,British,9,9,9,2,53,Finished,16,53,1:23.918,248.514
2024,16,Italian Grand Prix,2024-09-01,Autodromo Nazionale di Monza,Italy,kevin_magnussen,20,MAG,Kevin,Magnussen,Danish,haas,Haas F1 Team,American,13,10,10,1,53,Finished,12,51,1:23.437,249.946
2024,16,Italian Grand Prix,2024-09-01,Autodromo Nazionale di Monza,Italy,alonso,14,ALO,Fernando,Alonso,Spanish,aston_martin,Aston Martin,British,11,11,11,0,53,Finished,7,46,1:22.944,251.432
2024,16,Italian Grand Prix,2024-09-01,Autodromo Nazionale di Monza,Italy,colapinto,43,COL,Franco,Colapinto,Argentine,williams,Williams,British,18,12,12,0,53,Finished,14,53,1:23.728,249.077
2024,16,Italian Grand Prix,2024-09-01,Autodromo Nazionale di Monza,Italy,ricciardo,3,RIC,Daniel,Ricciardo,Australian,rb,RB F1 Team,Italian,12,13,13,0,53,Finished,17,52,1:24.219,247.625
2024,16,Italian Grand Prix,2024-09-01,Autodromo Nazionale di Monza,Italy,ocon,31,OCO,Esteban,Ocon,French,alpine,Alpine F1 Team,French,15,14,14,0,52,Lapped,18,52,1:24.343,247.261
2024,16,Italian Grand Prix,2024-09-01,Autodromo Nazionale di Monza,Italy,gasly,10,GAS,Pierre,Gasly,French,alpine,Alpine F1 Team,French,14,15,15,0,52,Lapped,15,51,1:23.755,248.997
2024,16,Italian Grand Prix,2024-09-01,Autodromo Nazionale di Monza,Italy,bottas,77,BOT,Valtteri,Bottas,Finnish,sauber,Sauber,Swiss,19,16,16,0,52,Lapped,13,52,1:23.609,249.432
2024,16,Italian Grand Prix,2024-09-01,Autodromo Nazionale di Monza,Italy,hulkenberg,27,HUL,Nico,Hülkenberg,German,haas,Haas F1 Team,American,10,17,17,0,52,Lapped,11,44,1:23.275,250.432
2024,16,Italian Grand Prix,2024-09-01,Autodromo Nazionale di Monza,Italy,zhou,24,ZHO,Guanyu,Zhou,Chinese,sauber,Sauber,Swiss,20,18,18,0,52,Lapped,19,17,1:25.092,245.085
2024,16,Italian Grand Prix,2024-09-01,Autodromo Nazionale di Monza,Italy,stroll,18,STR,Lance,Stroll,Canadian,aston_martin,Aston Martin,British,17,19,19,0,52,Lapped,6,52,1:22.232,253.609
2024,16,Italian Grand Prix,2024-09-01,Autodromo Nazionale di Monza,Italy,tsunoda,22,TSU,Yuki,Tsunoda,Japanese,rb,RB F1 Team,Italian,16,20,R,0,7,Retired,20,4,1:26.198,241.940
2024,17,Azerbaijan Grand Prix,2024-09-15,Baku City Circuit,Azerbaijan,piastri,81,PIA,Oscar,Piastri,Australian,mclaren,McLaren,British,2,1,1,25,51,Finished,9,47,1:47.060,201.856
2024,17,Azerbaijan Grand Prix,2024-09-15,Baku City Circuit,Azerbaijan,leclerc,16,LEC,Charles,Leclerc,Monegasque,ferrari,Ferrari,Italian,1,2,2,18,51,Finished,10,44,1:47.067,201.843
2024,17,Azerbaijan Grand Prix,2024-09-15,Baku City Circuit,Azerbaijan,russell,63,RUS,George,Russell,British,mercedes,Mercedes,German,5,3,3,15,51,Finished,2,45,1:46.628,202.674
2024,17,Azerbaijan Grand Prix,2024-09-15,Baku City Circuit,Azerbaijan,norris,4,NOR,Lando,Norris,British,mclaren,McLaren,British,15,4,4,13,51,Finished,1,42,1:45.255,205.318
2024,17,Azerbaijan Grand Prix,2024-09-15,Baku City Circuit,Azerbaijan,max_verstappen,1,VER,Max,Verstappen,Dutch,red_bull,Red Bull,Austrian,6,5,5,10,51,Finished,3,42,1:46.798,202.352
2024,17,Azerbaijan Grand Prix,2024-09-15,Baku City Circuit,Azerbaijan,alonso,14,ALO,Fernando,Alonso,Spanish,aston_martin,Aston Martin,British,7,6,6,8,51,Finished,8,48,1:47.057,201.862
2024,17,Azerbaijan Grand Prix,2024-09-15,Baku City Circuit,Azerbaijan,albon,23,ALB,Alexander,Albon,Thai,williams,Williams,British,9,7,7,6,51,Finished,5,43,1:46.947,202.070
2024,17,Azerbaijan Grand Prix,2024-09-15,Baku City Circuit,Azerbaijan,colapinto,43,COL,Franco,Colapinto,Argentine,williams,Williams,British,8,8,8,4,51,Finished,12,44,1:47.274,201.454
2024,17,Azerbaijan Grand Prix,2024-09-15,Baku City Circuit,Azerbaijan,hamilton,44,HAM,Lewis,Hamilton,British,mercedes,Mercedes,German,19,9,9,2,51,Finished,11,48,1:47.236,201.525
2024,17,Azerbaijan Grand Prix,2024-09-15,Baku City Circuit,Azerbaijan,bearman,50,BEA,Oliver,Bearman,British,haas,Haas F1 Team,American,10,10,10,1,51,Finished,7,47,1:47.048,201.879
2024,17,Azerbaijan Grand Prix,2024-09-15,Baku City Circuit,Azerbaijan,hulkenberg,27,HUL,Nico,Hülkenberg,German,haas,Haas F1 Team,American,12,11,11,0,51,Finished,14,42,1:47.691,200.674
2024,17,Azerbaijan Grand Prix,2024-09-15,Baku City Circuit,Azerbaijan,gasly,10,GAS,Pierre,Gasly,French,alpine,Alpine F1 Team,French,18,12,12,0,51,Finished,15,47,1:48.018,200.066
2024,17,Azerbaijan Grand Prix,2024-09-15,Baku City Circuit,Azerbaijan,ricciardo,3,RIC,Daniel,Ricciardo,Australian,rb,RB F1 Team,Italian,14,13,13,0,51,Finished,17,39,1:48.380,199.398
2024,17,Azerbaijan Grand Prix,2024-09-15,Baku City Circuit,Azerbaijan,zhou,24,ZHO,Guanyu,Zhou,Chinese,sauber,Sauber,Swiss,17,14,14,0,51,Finished,13,43,1:47.644,200.761
2024,17,Azerbaijan Grand Prix,2024-09-15,Baku City Circuit,Azerbaijan,ocon,31,OCO,Esteban,Ocon,French,alpine,Alpine F1 Team,French,20,15,15,0,50,Lapped,19,35,1:48.831,198.572
2024,17,Azerbaijan Grand Prix,2024-09-15,Baku City Circuit,Azerbaijan,bottas,77,BOT,Valtteri,Bottas,Finnish,sauber,Sauber,Swiss,16,16,16,0,50,Lapped,18,41,1:48.418,199.328
2024,17,Azerbaijan Grand Prix,2024-09-15,Baku City Circuit,Azerbaijan,perez,11,PER,Sergio,Pérez,Mexican,red_bull,Red Bull,Austrian,4,17,17,0,49,Retired,6,46,1:47.013,201.945
2024,17,Azerbaijan Grand Prix,2024-09-15,Baku City Circuit,Azerbaijan,sainz,55,SAI,Carlos,Sainz,Spanish,ferrari,Ferrari,Italian,3,18,18,0,49,Retired,4,46,1:46.866,202.223
2024,17,Azerbaijan Grand Prix,2024-09-15,Baku City Circuit,Azerbaijan,stroll,18,STR,Lance,Stroll,Canadian,aston_martin,Aston Martin,British,13,19,19,0,45,Retired,16,31,1:48.148,199.826
2024,17,Azerbaijan Grand Prix,2024-09-15,Baku City Circuit,Azerbaijan,tsunoda,22,TSU,Yuki,Tsunoda,Japanese,rb,RB F1 Team,Italian,11,20,R,0,14,Retired,20,8,1:50.887,194.890
2024,18,Singapore Grand Prix,2024-09-22,Marina Bay Street Circuit,Singapore,norris,4,NOR,Lando,Norris,British,mclaren,McLaren,British,1,1,1,25,62,Finished,2,48,1:34.925,187.347
2024,18,Singapore Grand Prix,2024-09-22,Marina Bay Street Circuit,Singapore,max_verstappen,1,VER,Max,Verstappen,Dutch,red_bull,Red Bull,Austrian,2,2,2,18,62,Finished,5,59,1:35.967,185.313
2024,18,Singapore Grand Prix,2024-09-22,Marina Bay Street Circuit,Singapore,piastri,81,PIA,Oscar,Piastri,Australian,mclaren,McLaren,British,5,3,3,15,62,Finished,4,48,1:35.745,185.743
2024,18,Singapore Grand Prix,2024-09-22,Marina Bay Street Circuit,Singapore,russell,63,RUS,George,Russell,British,mercedes,Mercedes,German,4,4,4,12,62,Finished,10,30,1:37.047,183.251
2024,18,Singapore Grand Prix,2024-09-22,Marina Bay Street Circuit,Singapore,leclerc,16,LEC,Charles,Leclerc,Monegasque,ferrari,Ferrari,Italian,9,5,5,10,62,Finished,3,46,1:35.371,186.471
2024,18,Singapore Grand Prix,2024-09-22,Marina Bay Street Circuit,Singapore,hamilton,44,HAM,Lewis,Hamilton,British,mercedes,Mercedes,German,3,6,6,8,62,Finished,12,43,1:37.393,182.600
2024,18,Singapore Grand Prix,2024-09-22,Marina Bay Street Circuit,Singapore,sainz,55,SAI,Carlos,Sainz,Spanish,ferrari,Ferrari,Italian,10,7,7,6,62,Finished,7,15,1:36.561,184.173
2024,18,Singapore Grand Prix,2024-09-22,Marina Bay Street Circuit,Singapore,alonso,14,ALO,Fernando,Alonso,Spanish,aston_martin,Aston Martin,British,7,8,8,4,61,Lapped,18,54,1:37.741,181.950
2024,18,Singapore Grand Prix,2024-09-22,Marina Bay Street Circuit,Singapore,hulkenberg,27,HUL,Nico,Hülkenberg,German,haas,Haas F1 Team,American,6,9,9,2,61,Lapped,15,35,1:37.470,182.456
2024,18,Singapore Grand Prix,2024-09-22,Marina Bay Street Circuit,Singapore,perez,11,PER,Sergio,Pérez,Mexican,red_bull,Red Bull,Austrian,13,10,10,1,61,Lapped,16,33,1:37.477,182.443
2024,18,Singapore Grand Prix,2024-09-22,Marina Bay Street Circuit,Singapore,colapinto,43,COL,Franco,Colapinto,Argentine,williams,Williams,British,12,11,11,0,61,Lapped,11,35,1:37.262,182.846
2024,18,Singapore Grand Prix,2024-09-22,Marina Bay Street Circuit,Singapore,tsunoda,22,TSU,Yuki,Tsunoda,Japanese,rb,RB F1 Team,Italian,8,12,12,0,61,Lapped,6,53,1:36.393,184.494
2024,18,Singapore Grand Prix,2024-09-22,Marina Bay Street Circuit,Singapore,ocon,31,OCO,Esteban,Ocon,French,alpine,Alpine F1 Team,French,15,13,13,0,61,Lapped,20,48,1:37.964,181.536
2024,18,Singapore Grand Prix,2024-09-22,Marina Bay Street Circuit,Singapore,stroll,18,STR,Lance,Stroll,Canadian,aston_martin,Aston Martin,British,17,14,14,0,61,Lapped,19,36,1:37.851,181.745
2024,18,Singapore Grand Prix,2024-09-22,Marina Bay Street Circuit,Singapore,zhou,24,ZHO,Guanyu,Zhou,Chinese,sauber,Sauber,Swiss,20,15,15,0,61,Lapped,14,47,1:37.461,182.472
2024,18,Singapore Grand Prix,2024-09-22,Marina Bay Street Circuit,Singapore,bottas,77,BOT,Valtteri,Bottas,Finnish,sauber,Sauber,Swiss,19,16,16,0,61,Lapped,17,46,1:37.524,182.355
2024,18,Singapore Grand Prix,2024-09-22,Marina Bay Street Circuit,Singapore,gasly,10,GAS,Pierre,Gasly,French,alpine,Alpine F1 Team,French,18,17,17,0,61,Lapped,9,46,1:36.927,183.478
2024,18,Singapore Grand Prix,2024-09-22,Marina Bay Street Circuit,Singapore,ricciardo,3,RIC,Daniel,Ricciardo,Australian,rb,RB F1 Team,Italian,16,18,18,0,61,Lapped,1,60,1:34.486,188.218
2024,18,Singapore Grand Prix,2024-09-22,Marina Bay Street Circuit,Singapore,kevin_magnussen,20,MAG,Kevin,Magnussen,Danish,haas,Haas F1 Team,American,14,19,19,0,57,Retired,13,52,1:37.425,182.540
2024,18,Singapore Grand Prix,2024-09-22,Marina Bay Street Circuit,Singapore,albon,23,ALB,Alexander,Albon,Thai,williams,Williams,British,11,20,R,0,15,Retired,8,13,1:36.888,183.552
2024,19,United States Grand Prix,2024-10-20,Circuit of the Americas,USA,leclerc,16,LEC,Charles,Leclerc,Monegasque,ferrari,Ferrari,Italian,4,1,1,25,56,Finished,6,39,1:37.834,202.861
2024,19,United States Grand Prix,2024-10-20,Circuit of the Americas,USA,sainz,55,SAI,Carlos,Sainz,Spanish,ferrari,Ferrari,Italian,3,2,2,18,56,Finished,5,42,1:37.763,203.009
2024,19,United States Grand Prix,2024-10-20,Circuit of the Americas,USA,max_verstappen,1,VER,Max,Verstappen,Dutch,red_bull,Red Bull,Austrian,2,3,3,15,56,Finished,9,42,1:38.117,202.276
2024,19,United States Grand Prix,2024-10-20,Circuit of the Americas,USA,norris,4,NOR,Lando,Norris,British,mclaren,McLaren,British,1,4,4,12,56,Finished,4,55,1:37.679,203.183
2024,19,United States Grand Prix,2024-10-20,Circuit of the Americas,USA,piastri,81,PIA,Oscar,Piastri,Australian,mclaren,McLaren,British,5,5,5,10,56,Finished,7,42,1:37.883,202.760
2024,19,United States Grand Prix,2024-10-20,Circuit of the Americas,USA,russell,63,RUS,George,Russell,British,mercedes,Mercedes,German,20,6,6,8,56,Finished,3,42,1:37.656,203.231
2024,19,United States Grand Prix,2024-10-20,Circuit of the Americas,USA,perez,11,PER,Sergio,Pérez,Mexican,red_bull,Red Bull,Austrian,9,7,7,6,56,Finished,13,45,1:38.514,201.461
2024,19,United States Grand Prix,2024-10-20,Circuit of the Americas,USA,hulkenberg,27,HUL,Nico,Hülkenberg,German,haas,Haas F1 Team,American,11,8,8,4,56,Finished,12,51,1:38.404,201.686
2024,19,United States Grand Prix,2024-10-20,Circuit of the Americas,USA,lawson,30,LAW,Liam,Lawson,New Zealander,rb,RB F1 Team,Italian,19,9,9,2,56,Finished,8,54,1:38.091,202.330
2024,19,United States Grand Prix,2024-10-20,Circuit of the Americas,USA,colapinto,43,COL,Franco,Colapinto,Argentine,williams,Williams,British,15,10,10,1,56,Finished,2,46,1:37.611,203.325
2024,19,United States Grand Prix,2024-10-20,Circuit of the Americas,USA,kevin_magnussen,20,MAG,Kevin,Magnussen,Danish,haas,Haas F1 Team,American,8,11,11,0,56,Finished,10,56,1:38.210,202.085
2024,19,United States Grand Prix,2024-10-20,Circuit of the Americas,USA,gasly,10,GAS,Pierre,Gasly,French,alpine,Alpine F1 Team,French,6,12,12,0,56,Finished,11,55,1:38.311,201.877
2024,19,United States Grand Prix,2024-10-20,Circuit of the Americas,USA,alonso,14,ALO,Fernando,Alonso,Spanish,aston_martin,Aston Martin,British,7,13,13,0,55,Lapped,17,52,1:39.261,199.945
2024,19,United States Grand Prix,2024-10-20,Circuit of the Americas,USA,tsunoda,22,TSU,Yuki,Tsunoda,Japanese,rb,RB F1 Team,Italian,10,14,14,0,55,Lapped,15,54,1:39.193,200.082
2024,19,United States Grand Prix,2024-10-20,Circuit of the Americas,USA,stroll,18,STR,Lance,Stroll,Canadian,aston_martin,Aston Martin,British,13,15,15,0,55,Lapped,16,54,1:39.214,200.040
2024,19,United States Grand Prix,2024-10-20,Circuit of the Americas,USA,albon,23,ALB,Alexander,Albon,Thai,williams,Williams,British,14,16,16,0,55,Lapped,14,54,1:39.084,200.302
2024,19,United States Grand Prix,2024-10-20,Circuit of the Americas,USA,bottas,77,BOT,Valtteri,Bottas,Finnish,sauber,Sauber,Swiss,16,17,17,0,55,Lapped,19,53,1:40.575,197.333
2024,19,United States Grand Prix,2024-10-20,Circuit of the Americas,USA,ocon,31,OCO,Esteban,Ocon,French,alpine,Alpine F1 Team,French,12,18,18,0,55,Lapped,1,53,1:37.330,203.912
2024,19,United States Grand Prix,2024-10-20,Circuit of the Americas,USA,zhou,24,ZHO,Guanyu,Zhou,Chinese,sauber,Sauber,Swiss,18,19,19,0,55,Lapped,18,53,1:39.272,199.923
2024,19,United States Grand Prix,2024-10-20,Circuit of the Americas,USA,hamilton,44,HAM,Lewis,Hamilton,British,mercedes,Mercedes,German,17,20,R,0,1,Retired,,,,
2024,20,Mexico City Grand Prix,2024-10-27,Autódromo Hermanos Rodríguez,Mexico,sainz,55,SAI,Carlos,Sainz,Spanish,ferrari,Ferrari,Italian,1,1,1,25,71,Finished,7,62,1:20.137,193.348
2024,20,Mexico City Grand Prix,2024-10-27,Autódromo Hermanos Rodríguez,Mexico,norris,4,NOR,Lando,Norris,British,mclaren,McLaren,British,3,2,2,18,71,Finished,4,68,1:19.691,194.430
2024,20,Mexico City Grand Prix,2024-10-27,Autódromo Hermanos Rodríguez,Mexico,leclerc,16,LEC,Charles,Leclerc,Monegasque,ferrari,Ferrari,Italian,4,3,3,16,71,Finished,1,71,1:18.336,197.794
2024,20,Mexico City Grand Prix,2024-10-27,Autódromo Hermanos Rodríguez,Mexico,hamilton,44,HAM,Lewis,Hamilton,British,mercedes,Mercedes,German,6,4,4,12,71,Finished,8,31,1:20.371,192.785
2024,20,Mexico City Grand Prix,2024-10-27,Autódromo Hermanos Rodríguez,Mexico,russell,63,RUS,George,Russell,British,mercedes,Mercedes,German,5,5,5,10,71,Finished,11,63,1:20.731,191.926
2024,20,Mexico City Grand Prix,2024-10-27,Autódromo Hermanos Rodríguez,Mexico,max_verstappen,1,VER,Max,Verstappen,Dutch,red_bull,Red Bull,Austrian,2,6,6,8,71,Finished,13,53,1:20.872,191.591
2024,20,Mexico City Grand Prix,2024-10-27,Autódromo Hermanos Rodríguez,Mexico,kevin_magnussen,20,MAG,Kevin,Magnussen,Danish,haas,Haas F1 Team,American,7,7,7,6,71,Finished,9,61,1:20.637,192.150
2024,20,Mexico City Grand Prix,2024-10-27,Autódromo Hermanos Rodríguez,Mexico,piastri,81,PIA,Oscar,Piastri,Australian,mclaren,McLaren,British,17,8,8,4,71,Finished,5,65,1:20.064,193.525
2024,20,Mexico City Grand Prix,2024-10-27,Autódromo Hermanos Rodríguez,Mexico,hulkenberg,27,HUL,Nico,Hülkenberg,German,haas,Haas F1 Team,American,10,9,9,2,70,Lapped,12,69,1:20.748,191.885
2024,20,Mexico City Grand Prix,2024-10-27,Autódromo Hermanos Rodríguez,Mexico,gasly,10,GAS,Pierre,Gasly,French,alpine,Alpine F1 Team,French,8,10,10,1,70,Lapped,15,67,1:21.274,190.643
2024,20,Mexico City Grand Prix,2024-10-27,Autódromo Hermanos Rodríguez,Mexico,stroll,18,STR,Lance,Stroll,Canadian,aston_martin,Aston Martin,British,14,11,11,0,70,Lapped,16,55,1:21.311,190.557
2024,20,Mexico City Grand Prix,2024-10-27,Autódromo Hermanos Rodríguez,Mexico,colapinto,43,COL,Franco,Colapinto,Argentine,williams,Williams,British,16,12,12,0,70,Lapped,6,50,1:20.090,193.462
2024,20,Mexico City Grand Prix,2024-10-27,Autódromo Hermanos Rodríguez,Mexico,ocon,31,OCO,Esteban,Ocon,French,alpine,Alpine F1 Team,French,0,13,13,0,70,Lapped,10,70,1:20.659,192.097
2024,20,Mexico City Grand Prix,2024-10-27,Autódromo Hermanos Rodríguez,Mexico,bottas,77,BOT,Valtteri,Bottas,Finnish,sauber,Sauber,Swiss,15,14,14,0,70,Lapped,14,57,1:21.085,191.088
2024,20,Mexico City Grand Prix,2024-10-27,Autódromo Hermanos Rodríguez,Mexico,zhou,24,ZHO,Guanyu,Zhou,Chinese,sauber,Sauber,Swiss,19,15,15,0,70,Lapped,17,56,1:21.553,189.991
2024,20,Mexico City Grand Prix,2024-10-27,Autódromo Hermanos Rodríguez,Mexico,lawson,30,LAW,Liam,Lawson,New Zealander,rb,RB F1 Team,Italian,12,16,16,0,70,Lapped,3,67,1:19.502,194.893
2024,20,Mexico City Grand Prix,2024-10-27,Autódromo Hermanos Rodríguez,Mexico,perez,11,PER,Sergio,Pérez,Mexican,red_bull,Red Bull,Austrian,18,17,17,0,70,Lapped,2,70,1:19.209,195.614
2024,20,Mexico City Grand Prix,2024-10-27,Autódromo Hermanos Rodríguez,Mexico,alonso,14,ALO,Fernando,Alonso,Spanish,aston_martin,Aston Martin,British,13,18,R,0,15,Retired,18,7,1:22.722,187.306
2024,20,Mexico City Grand Prix,2024-10-27,Autódromo Hermanos Rodríguez,Mexico,albon,23,ALB,Alexander,Albon,Thai,williams,Williams,British,9,19,R,0,0,Retired,,,,
2024,20,Mexico City Grand Prix,2024-10-27,Autódromo Hermanos Rodríguez,Mexico,tsunoda,22,TSU,Yuki,Tsunoda,Japanese,rb,RB F1 Team,Italian,11,20,R,0,0,Retired,,,,
2024,21,São Paulo Grand Prix,2024-11-03,Autódromo José Carlos Pace,Brazil,max_verstappen,1,VER,Max,Verstappen,Dutch,red_bull,Red Bull,Austrian,17,1,1,26,69,Finished,1,67,1:20.472,192.767
2024,21,São Paulo Grand Prix,2024-11-03,Autódromo José Carlos Pace,Brazil,ocon,31,OCO,Esteban,Ocon,French,alpine,Alpine F1 Team,French,4,2,2,18,69,Finished,7,64,1:21.771,189.705
2024,21,São Paulo Grand Prix,2024-11-03,Autódromo José Carlos Pace,Brazil,gasly,10,GAS,Pierre,Gasly,French,alpine,Alpine F1 Team,French,13,3,3,15,69,Finished,5,66,1:21.645,189.998
2024,21,São Paulo Grand Prix,2024-11-03,Autódromo José Carlos Pace,Brazil,russell,63,RUS,George,Russell,British,mercedes,Mercedes,German,2,4,4,12,69,Finished,6,66,1:21.645,189.998
2024,21,São Paulo Grand Prix,2024-11-03,Autódromo José Carlos Pace,Brazil,leclerc,16,LEC,Charles,Leclerc,Monegasque,ferrari,Ferrari,Italian,6,5,5,10,69,Finished,4,60,1:21.631,190.030
2024,21,São Paulo Grand Prix,2024-11-03,Autódromo José Carlos Pace,Brazil,norris,4,NOR,Lando,Norris,British,mclaren,McLaren,British,1,6,6,8,69,Finished,2,67,1:21.517,190.296
2024,21,São Paulo Grand Prix,2024-11-03,Autódromo José Carlos Pace,Brazil,tsunoda,22,TSU,Yuki,Tsunoda,Japanese,rb,RB F1 Team,Italian,3,7,7,6,69,Finished,8,69,1:21.828,189.573
2024,21,São Paulo Grand Prix,2024-11-03,Autódromo José Carlos Pace,Brazil,piastri,81,PIA,Oscar,Piastri,Australian,mclaren,McLaren,British,8,8,8,4,69,Finished,3,69,1:21.532,190.261
2024,21,São Paulo Grand Prix,2024-11-03,Autódromo José Carlos Pace,Brazil,lawson,30,LAW,Liam,Lawson,New Zealander,rb,RB F1 Team,Italian,5,9,9,2,69,Finished,10,67,1:22.123,188.892
2024,21,São Paulo Grand Prix,2024-11-03,Autódromo José Carlos Pace,Brazil,hamilton,44,HAM,Lewis,Hamilton,British,mercedes,Mercedes,German,14,10,10,1,69,Finished,9,69,1:22.041,189.081
2024,21,São Paulo Grand Prix,2024-11-03,Autódromo José Carlos Pace,Brazil,perez,11,PER,Sergio,Pérez,Mexican,red_bull,Red Bull,Austrian,12,11,11,0,69,Finished,11,67,1:22.143,188.846
2024,21,São Paulo Grand Prix,2024-11-03,Autódromo José Carlos Pace,Brazil,bearman,50,BEA,Oliver,Bearman,British,haas,Haas F1 Team,American,15,12,12,0,69,Finished,13,64,1:22.494,188.042
2024,21,São Paulo Grand Prix,2024-11-03,Autódromo José Carlos Pace,Brazil,bottas,77,BOT,Valtteri,Bottas,Finnish,sauber,Sauber,Swiss,11,13,13,0,69,Finished,14,67,1:22.877,187.173
2024,21,São Paulo Grand Prix,2024-11-03,Autódromo José Carlos Pace,Brazil,alonso,14,ALO,Fernando,Alonso,Spanish,aston_martin,Aston Martin,British,9,14,14,0,69,Finished,12,59,1:22.293,188.502
2024,21,São Paulo Grand Prix,2024-11-03,Autódromo José Carlos Pace,Brazil,zhou,24,ZHO,Guanyu,Zhou,Chinese,sauber,Sauber,Swiss,19,15,15,0,69,Finished,15,65,1:23.058,186.765
2024,21,São Paulo Grand Prix,2024-11-03,Autódromo José Carlos Pace,Brazil,sainz,55,SAI,Carlos,Sainz,Spanish,ferrari,Ferrari,Italian,20,16,R,0,38,Retired,16,19,1:24.201,184.230
2024,21,São Paulo Grand Prix,2024-11-03,Autódromo José Carlos Pace,Brazil,colapinto,43,COL,Franco,Colapinto,Argentine,williams,Williams,British,16,17,R,0,30,Retired,17,21,1:24.296,184.022
2024,21,São Paulo Grand Prix,2024-11-03,Autódromo José Carlos Pace,Brazil,albon,23,ALB,Alexander,Albon,Thai,williams,Williams,British,7,18,W,0,0,Did not start,,,,
2024,21,São Paulo Grand Prix,2024-11-03,Autódromo José Carlos Pace,Brazil,stroll,18,STR,Lance,Stroll,Canadian,aston_martin,Aston Martin,British,10,19,W,0,0,Did not start,,,,
2024,21,São Paulo Grand Prix,2024-11-03,Autódromo José Carlos Pace,Brazil,hulkenberg,27,HUL,Nico,Hülkenberg,German,haas,Haas F1 Team,American,18,20,D,0,0,Disqualified,,,,
2024,22,Las Vegas Grand Prix,2024-11-23,Las Vegas Strip Street Circuit,USA,russell,63,RUS,George,Russell,British,mercedes,Mercedes,German,1,1,1,25,50,Finished,4,46,1:35.717,233.225
2024,22,Las Vegas Grand Prix,2024-11-23,Las Vegas Strip Street Circuit,USA,hamilton,44,HAM,Lewis,Hamilton,British,mercedes,Mercedes,German,10,2,2,18,50,Finished,2,41,1:35.480,233.803
2024,22,Las Vegas Grand Prix,2024-11-23,Las Vegas Strip Street Circuit,USA,sainz,55,SAI,Carlos,Sainz,Spanish,ferrari,Ferrari,Italian,2,3,3,15,50,Finished,5,44,1:35.875,232.840
2024,22,Las Vegas Grand Prix,2024-11-23,Las Vegas Strip Street Circuit,USA,leclerc,16,LEC,Charles,Leclerc,Monegasque,ferrari,Ferrari,Italian,4,4,4,12,50,Finished,3,40,1:35.674,233.329
2024,22,Las Vegas Grand Prix,2024-11-23,Las Vegas Strip Street Circuit,USA,max_verstappen,1,VER,Max,Verstappen,Dutch,red_bull,Red Bull,Austrian,5,5,5,10,50,Finished,6,43,1:36.248,231.938
2024,22,Las Vegas Grand Prix,2024-11-23,Las Vegas Strip Street Circuit,USA,norris,4,NOR,Lando,Norris,British,mclaren,McLaren,British,6,6,6,9,50,Finished,1,50,1:34.876,235.292
2024,22,Las Vegas Grand Prix,2024-11-23,Las Vegas Strip Street Circuit,USA,piastri,81,PIA,Oscar,Piastri,Australian,mclaren,McLaren,British,8,7,7,6,50,Finished,13,44,1:36.598,231.097
2024,22,Las Vegas Grand Prix,2024-11-23,Las Vegas Strip Street Circuit,USA,hulkenberg,27,HUL,Nico,Hülkenberg,German,haas,Haas F1 Team,American,9,8,8,4,50,Finished,12,48,1:36.585,231.129
2024,22,Las Vegas Grand Prix,2024-11-23,Las Vegas Strip Street Circuit,USA,tsunoda,22,TSU,Yuki,Tsunoda,Japanese,rb,RB F1 Team,Italian,7,9,9,2,50,Finished,16,48,1:36.957,230.242
2024,22,Las Vegas Grand Prix,2024-11-23,Las Vegas Strip Street Circuit,USA,perez,11,PER,Sergio,Pérez,Mexican,red_bull,Red Bull,Austrian,15,10,10,1,50,Finished,8,42,1:36.326,231.750
2024,22,Las Vegas Grand Prix,2024-11-23,Las Vegas Strip Street Circuit,USA,alonso,14,ALO,Fernando,Alonso,Spanish,aston_martin,Aston Martin,British,16,11,11,0,50,Finished,10,39,1:36.553,231.205
2024,22,Las Vegas Grand Prix,2024-11-23,Las Vegas Strip Street Circuit,USA,kevin_magnussen,20,MAG,Kevin,Magnussen,Danish,haas,Haas F1 Team,American,12,12,12,0,50,Finished,11,49,1:36.557,231.196
2024,22,Las Vegas Grand Prix,2024-11-23,Las Vegas Strip Street Circuit,USA,zhou,24,ZHO,Guanyu,Zhou,Chinese,sauber,Sauber,Swiss,13,13,13,0,50,Finished,7,46,1:36.324,231.755
2024,22,Las Vegas Grand Prix,2024-11-23,Las Vegas Strip Street Circuit,USA,colapinto,43,COL,Franco,Colapinto,Argentine,williams,Williams,British,20,14,14,0,50,Finished,15,37,1:36.867,230.456
2024,22,Las Vegas Grand Prix,2024-11-23,Las Vegas Strip Street Circuit,USA,stroll,18,STR,Lance,Stroll,Canadian,aston_martin,Aston Martin,British,18,15,15,0,50,Finished,18,43,1:37.179,229.716
2024,22,Las Vegas Grand Prix,2024-11-23,Las Vegas Strip Street Circuit,USA,lawson,30,LAW,Liam,Lawson,New Zealander,rb,RB F1 Team,Italian,14,16,16,0,50,Finished,17,45,1:36.980,230.187
2024,22,Las Vegas Grand Prix,2024-11-23,Las Vegas Strip Street Circuit,USA,ocon,31,OCO,Esteban,Ocon,French,alpine,Alpine F1 Team,French,11,17,17,0,49,Lapped,9,47,1:36.511,231.306
2024,22,Las Vegas Grand Prix,2024-11-23,Las Vegas Strip Street Circuit,USA,bottas,77,BOT,Valtteri,Bottas,Finnish,sauber,Sauber,Swiss,19,18,18,0,49,Lapped,14,46,1:36.601,231.090
2024,22,Las Vegas Grand Prix,2024-11-23,Las Vegas Strip Street Circuit,USA,albon,23,ALB,Alexander,Albon,Thai,williams,Williams,British,17,19,R,0,25,Retired,19,21,1:38.008,227.773
2024,22,Las Vegas Grand Prix,2024-11-23,Las Vegas Strip Street Circuit,USA,gasly,10,GAS,Pierre,Gasly,French,alpine,Alpine F1 Team,French,3,20,R,0,15,Retired,20,13,1:38.314,227.064
2024,23,Qatar Grand Prix,2024-12-01,Lusail International Circuit,Qatar,max_verstappen,1,VER,Max,Verstappen,Dutch,red_bull,Red Bull,Austrian,2,1,1,25,57,Finished,2,55,1:22.905,235.310
2024,23,Qatar Grand Prix,2024-12-01,Lusail International Circuit,Qatar,leclerc,16,LEC,Charles,Leclerc,Monegasque,ferrari,Ferrari,Italian,5,2,2,18,57,Finished,4,53,1:23.242,234.357
2024,23,Qatar Grand Prix,2024-12-01,Lusail International Circuit,Qatar,piastri,81,PIA,Oscar,Piastri,Australian,mclaren,McLaren,British,4,3,3,15,57,Finished,3,51,1:23.218,234.425
2024,23,Qatar Grand Prix,2024-12-01,Lusail International Circuit,Qatar,russell,63,RUS,George,Russell,British,mercedes,Mercedes,German,1,4,4,12,57,Finished,5,50,1:23.355,234.039
2024,23,Qatar Grand Prix,2024-12-01,Lusail International Circuit,Qatar,gasly,10,GAS,Pierre,Gasly,French,alpine,Alpine F1 Team,French,11,5,5,10,57,Finished,8,56,1:23.705,233.061
2024,23,Qatar Grand Prix,2024-12-01,Lusail International Circuit,Qatar,sainz,55,SAI,Carlos,Sainz,Spanish,ferrari,Ferrari,Italian,7,6,6,8,57,Finished,6,52,1:23.465,233.731
2024,23,Qatar Grand Prix,2024-12-01,Lusail International Circuit,Qatar,alonso,14,ALO,Fernando,Alonso,Spanish,aston_martin,Aston Martin,British,8,7,7,6,57,Finished,7,57,1:23.667,233.167
2024,23,Qatar Grand Prix,2024-12-01,Lusail International Circuit,Qatar,zhou,24,ZHO,Guanyu,Zhou,Chinese,sauber,Sauber,Swiss,12,8,8,4,57,Finished,10,57,1:23.889,232.550
2024,23,Qatar Grand Prix,2024-12-01,Lusail International Circuit,Qatar,kevin_magnussen,20,MAG,Kevin,Magnussen,Danish,haas,Haas F1 Team,American,10,9,9,2,57,Finished,11,55,1:24.259,231.528
2024,23,Qatar Grand Prix,2024-12-01,Lusail International Circuit,Qatar,norris,4,NOR,Lando,Norris,British,mclaren,McLaren,British,3,10,10,2,57,Finished,1,56,1:22.384,236.798
2024,23,Qatar Grand Prix,2024-12-01,Lusail International Circuit,Qatar,bottas,77,BOT,Valtteri,Bottas,Finnish,sauber,Sauber,Swiss,13,11,11,0,57,Finished,13,53,1:25.533,228.080
2024,23,Qatar Grand Prix,2024-12-01,Lusail International Circuit,Qatar,hamilton,44,HAM,Lewis,Hamilton,British,mercedes,Mercedes,German,6,12,12,0,57,Finished,9,52,1:23.865,232.616
2024,23,Qatar Grand Prix,2024-12-01,Lusail International Circuit,Qatar,tsunoda,22,TSU,Yuki,Tsunoda,Japanese,rb,RB F1 Team,Italian,14,13,13,0,57,Finished,17,47,1:26.144,226.462
2024,23,Qatar Grand Prix,2024-12-01,Lusail International Circuit,Qatar,lawson,30,LAW,Liam,Lawson,New Zealander,rb,RB F1 Team,Italian,17,14,14,0,57,Finished,16,46,1:26.076,226.641
2024,23,Qatar Grand Prix,2024-12-01,Lusail International Circuit,Qatar,albon,23,ALB,Alexander,Albon,Thai,williams,Williams,British,16,15,15,0,56,Lapped,14,47,1:25.559,228.011
2024,23,Qatar Grand Prix,2024-12-01,Lusail International Circuit,Qatar,hulkenberg,27,HUL,Nico,Hülkenberg,German,haas,Haas F1 Team,American,18,16,R,0,39,Retired,15,33,1:25.767,227.458
2024,23,Qatar Grand Prix,2024-12-01,Lusail International Circuit,Qatar,perez,11,PER,Sergio,Pérez,Mexican,red_bull,Red Bull,Austrian,9,17,R,0,38,Retired,12,31,1:25.288,228.735
2024,23,Qatar Grand Prix,2024-12-01,Lusail International Circuit,Qatar,stroll,18,STR,Lance,Stroll,Canadian,aston_martin,Aston Martin,British,15,18,R,0,8,Retired,18,6,1:30.935,214.531
2024,23,Qatar Grand Prix,2024-12-01,Lusail International Circuit,Qatar,colapinto,43,COL,Franco,Colapinto,Argentine,williams,Williams,British,19,19,R,0,0,Retired,,,,
2024,23,Qatar Grand Prix,2024-12-01,Lusail International Circuit,Qatar,ocon,31,OCO,Esteban,Ocon,French,alpine,Alpine F1 Team,French,20,20,R,0,0,Retired,,,,
2024,24,Abu Dhabi Grand Prix,2024-12-08,Yas Marina Circuit,UAE,norris,4,NOR,Lando,Norris,British,mclaren,McLaren,British,1,1,1,25,58,Finished,3,52,1:27.438,217.429
2024,24,Abu Dhabi Grand Prix,2024-12-08,Yas Marina Circuit,UAE,sainz,55,SAI,Carlos,Sainz,Spanish,ferrari,Ferrari,Italian,3,2,2,18,58,Finished,5,55,1:27.765,216.619
2024,24,Abu Dhabi Grand Prix,2024-12-08,Yas Marina Circuit,UAE,leclerc,16,LEC,Charles,Leclerc,Monegasque,ferrari,Ferrari,Italian,19,3,3,15,58,Finished,9,51,1:28.018,215.996
2024,24,Abu Dhabi Grand Prix,2024-12-08,Yas Marina Circuit,UAE,hamilton,44,HAM,Lewis,Hamilton,British,mercedes,Mercedes,German,16,4,4,12,58,Finished,2,44,1:27.278,217.828
2024,24,Abu Dhabi Grand Prix,2024-12-08,Yas Marina Circuit,UAE,russell,63,RUS,George,Russell,British,mercedes,Mercedes,German,6,5,5,10,58,Finished,10,56,1:28.195,215.563
2024,24,Abu Dhabi Grand Prix,2024-12-08,Yas Marina Circuit,UAE,max_verstappen,1,VER,Max,Verstappen,Dutch,red_bull,Red Bull,Austrian,4,6,6,8,58,Finished,6,56,1:27.765,216.619
2024,24,Abu Dhabi Grand Prix,2024-12-08,Yas Marina Circuit,UAE,gasly,10,GAS,Pierre,Gasly,French,alpine,Alpine F1 Team,French,5,7,7,6,58,Finished,16,30,1:29.251,213.012
2024,24,Abu Dhabi Grand Prix,2024-12-08,Yas Marina Circuit,UAE,hulkenberg,27,HUL,Nico,Hülkenberg,German,haas,Haas F1 Team,American,7,8,8,4,58,Finished,14,17,1:29.152,213.249
2024,24,Abu Dhabi Grand Prix,2024-12-08,Yas Marina Circuit,UAE,alonso,14,ALO,Fernando,Alonso,Spanish,aston_martin,Aston Martin,British,8,9,9,2,58,Finished,7,51,1:27.948,216.168
2024,24,Abu Dhabi Grand Prix,2024-12-08,Yas Marina Circuit,UAE,piastri,81,PIA,Oscar,Piastri,Australian,mclaren,McLaren,British,2,10,10,1,58,Finished,4,51,1:27.690,216.804
2024,24,Abu Dhabi Grand Prix,2024-12-08,Yas Marina Circuit,UAE,albon,23,ALB,Alexander,Albon,Thai,williams,Williams,British,18,11,11,0,57,Lapped,18,46,1:29.438,212.567
2024,24,Abu Dhabi Grand Prix,2024-12-08,Yas Marina Circuit,UAE,tsunoda,22,TSU,Yuki,Tsunoda,Japanese,rb,RB F1 Team,Italian,11,12,12,0,57,Lapped,15,41,1:29.200,213.134
2024,24,Abu Dhabi Grand Prix,2024-12-08,Yas Marina Circuit,UAE,zhou,24,ZHO,Guanyu,Zhou,Chinese,sauber,Sauber,Swiss,15,13,13,0,57,Lapped,8,56,1:27.982,216.085
2024,24,Abu Dhabi Grand Prix,2024-12-08,Yas Marina Circuit,UAE,stroll,18,STR,Lance,Stroll,Canadian,aston_martin,Aston Martin,British,13,14,14,0,57,Lapped,11,42,1:28.604,214.568
2024,24,Abu Dhabi Grand Prix,2024-12-08,Yas Marina Circuit,UAE,doohan,61,DOO,Jack,Doohan,Australian,alpine,Alpine F1 Team,French,17,15,15,0,57,Lapped,13,56,1:29.121,213.323
2024,24,Abu Dhabi Grand Prix,2024-12-08,Yas Marina Circuit,UAE,kevin_magnussen,20,MAG,Kevin,Magnussen,Danish,haas,Haas F1 Team,American,14,16,16,0,57,Lapped,1,57,1:25.637,222.002
2024,24,Abu Dhabi Grand Prix,2024-12-08,Yas Marina Circuit,UAE,lawson,30,LAW,Liam,Lawson,New Zealander,rb,RB F1 Team,Italian,12,17,17,0,55,Retired,12,52,1:28.751,214.212
2024,24,Abu Dhabi Grand Prix,2024-12-08,Yas Marina Circuit,UAE,bottas,77,BOT,Valtteri,Bottas,Finnish,sauber,Sauber,Swiss,9,18,R,0,30,Retired,19,14,1:29.482,212.462
2024,24,Abu Dhabi Grand Prix,2024-12-08,Yas Marina Circuit,UAE,colapinto,43,COL,Franco,Colapinto,Argentine,williams,Williams,British,20,19,R,0,26,Retired,17,5,1:29.411,212.631
2024,24,Abu Dhabi Grand Prix,2024-12-08,Yas Marina Circuit,UAE,perez,11,PER,Sergio,Pérez,Mexican,red_bull,Red Bull,Austrian,10,20,R,0,0,Retired,,,,
2025,1,Australian Grand Prix,2025-03-16,Albert Park Grand Prix Circuit,Australia,norris,4,NOR,Lando,Norris,British,mclaren,McLaren,British,1,1,1,25,57,Finished,1,43,1:22.167,
2025,1,Australian Grand Prix,2025-03-16,Albert Park Grand Prix Circuit,Australia,max_verstappen,1,VER,Max,Verstappen,Dutch,red_bull,Red Bull,Austrian,3,2,2,18,57,Finished,3,43,1:23.081,
2025,1,Australian Grand Prix,2025-03-16,Albert Park Grand Prix Circuit,Australia,russell,63,RUS,George,Russell,British,mercedes,Mercedes,German,4,3,3,15,57,Finished,11,43,1:25.065,
2025,1,Australian Grand Prix,2025-03-16,Albert Park Grand Prix Circuit,Australia,antonelli,12,ANT,Andrea Kimi,Antonelli,Italian,mercedes,Mercedes,German,16,4,4,12,57,Finished,9,43,1:24.901,
2025,1,Australian Grand Prix,2025-03-16,Albert Park Grand Prix Circuit,Australia,albon,23,ALB,Alexander,Albon,Thai,williams,Williams,British,6,5,5,10,57,Finished,8,43,1:24.597,
2025,1,Australian Grand Prix,2025-03-16,Albert Park Grand Prix Circuit,Australia,stroll,18,STR,Lance,Stroll,Canadian,aston_martin,Aston Martin,British,13,6,6,8,57,Finished,14,43,1:25.538,
2025,1,Australian Grand Prix,2025-03-16,Albert Park Grand Prix Circuit,Australia,hulkenberg,27,HUL,Nico,Hülkenberg,German,sauber,Sauber,Swiss,17,7,7,6,57,Finished,12,43,1:25.243,
2025,1,Australian Grand Prix,2025-03-16,Albert Park Grand Prix Circuit,Australia,leclerc,16,LEC,Charles,Leclerc,Monegasque,ferrari,Ferrari,Italian,7,8,8,4,57,Finished,13,43,1:25.271,
2025,1,Australian Grand Prix,2025-03-16,Albert Park Grand Prix Circuit,Australia,piastri,81,PIA,Oscar,Piastri,Australian,mclaren,McLaren,British,2,9,9,2,57,Finished,4,43,1:23.242,
2025,1,Australian Grand Prix,2025-03-16,Albert Park Grand Prix Circuit,Australia,hamilton,44,HAM,Lewis,Hamilton,British,ferrari,Ferrari,Italian,8,10,10,1,57,Finished,7,43,1:24.218,
2025,1,Australian Grand Prix,2025-03-16,Albert Park Grand Prix Circuit,Australia,gasly,10,GAS,Pierre,Gasly,French,alpine,Alpine F1 Team,French,9,11,11,0,57,Finished,10,43,1:25.020,
2025,1,Australian Grand Prix,2025-03-16,Albert Park Grand Prix Circuit,Australia,tsunoda,22,TSU,Yuki,Tsunoda,Japanese,rb,RB F1 Team,Italian,5,12,12,0,57,Finished,6,43,1:24.194,
2025,1,Australian Grand Prix,2025-03-16,Albert Park Grand Prix Circuit,Australia,ocon,31,OCO,Esteban,Ocon,French,haas,Haas F1 Team,American,19,13,13,0,57,Finished,15,42,1:26.764,
2025,1,Australian Grand Prix,2025-03-16,Albert Park Grand Prix Circuit,Australia,bearman,87,BEA,Oliver,Bearman,British,haas,Haas F1 Team,American,20,14,14,0,57,Finished,16,42,1:27.603,
2025,1,Australian Grand Prix,2025-03-16,Albert Park Grand Prix Circuit,Australia,lawson,30,LAW,Liam,Lawson,New Zealander,red_bull,Red Bull,Austrian,18,15,R,0,46,Retired,2,43,1:22.970,
2025,1,Australian Grand Prix,2025-03-16,Albert Park Grand Prix Circuit,Australia,bortoleto,5,BOR,Gabriel,Bortoleto,Brazilian,sauber,Sauber,Swiss,15,16,R,0,45,Retired,5,43,1:24.192,
2025,1,Australian Grand Prix,2025-03-16,Albert Park Grand Prix Circuit,Australia,alonso,14,ALO,Fernando,Alonso,Spanish,aston_martin,Aston Martin,British,12,17,R,0,32,Retired,17,32,1:28.819,
2025,1,Australian Grand Prix,2025-03-16,Albert Park Grand Prix Circuit,Australia,sainz,55,SAI,Carlos,Sainz,Spanish,williams,Williams,British,10,18,R,0,0,Retired,,,,
2025,1,Australian Grand Prix,2025-03-16,Albert Park Grand Prix Circuit,Australia,doohan,7,DOO,Jack,Doohan,Australian,alpine,Alpine F1 Team,French,14,19,R,0,0,Retired,,,,
2025,1,Australian Grand Prix,2025-03-16,Albert Park Grand Prix Circuit,Australia,hadjar,6,HAD,Isack,Hadjar,French,rb,RB F1 Team,Italian,11,20,R,0,0,Retired,,,,
2025,2,Chinese Grand Prix,2025-03-23,Shanghai International Circuit,China,piastri,81,PIA,Oscar,Piastri,Australian,mclaren,McLaren,British,1,1,1,25,56,Finished,3,53,1:35.520,
2025,2,Chinese Grand Prix,2025-03-23,Shanghai International Circuit,China,norris,4,NOR,Lando,Norris,British,mclaren,McLaren,British,3,2,2,18,56,Finished,1,53,1:35.454,
2025,2,Chinese Grand Prix,2025-03-23,Shanghai International Circuit,China,russell,63,RUS,George,Russell,British,mercedes,Mercedes,German,2,3,3,15,56,Finished,5,55,1:35.816,
2025,2,Chinese Grand Prix,2025-03-23,Shanghai International Circuit,China,max_verstappen,1,VER,Max,Verstappen,Dutch,red_bull,Red Bull,Austrian,4,4,4,12,56,Finished,2,56,1:35.488,
2025,2,Chinese Grand Prix,2025-03-23,Shanghai International Circuit,China,ocon,31,OCO,Esteban,Ocon,French,haas,Haas F1 Team,American,11,5,5,10,56,Finished,4,56,1:35.740,
2025,2,Chinese Grand Prix,2025-03-23,Shanghai International Circuit,China,antonelli,12,ANT,Andrea Kimi,Antonelli,Italian,mercedes,Mercedes,German,8,6,6,8,56,Finished,11,56,1:36.046,
2025,2,Chinese Grand Prix,2025-03-23,Shanghai International Circuit,China,albon,23,ALB,Alexander,Albon,Thai,williams,Williams,British,10,7,7,6,56,Finished,12,52,1:36.254,
2025,2,Chinese Grand Prix,2025-03-23,Shanghai International Circuit,China,bearman,87,BEA,Oliver,Bearman,British,haas,Haas F1 Team,American,17,8,8,4,56,Finished,13,52,1:36.363,
2025,2,Chinese Grand Prix,2025-03-23,Shanghai International Circuit,China,stroll,18,STR,Lance,Stroll,Canadian,aston_martin,Aston Martin,British,14,9,9,2,56,Finished,10,39,1:36.044,
2025,2,Chinese Grand Prix,2025-03-23,Shanghai International Circuit,China,sainz,55,SAI,Carlos,Sainz,Spanish,williams,Williams,British,15,10,10,1,56,Finished,15,50,1:36.779,
2025,2,Chinese Grand Prix,2025-03-23,Shanghai International Circuit,China,hadjar,6,HAD,Isack,Hadjar,French,rb,RB F1 Team,Italian,7,11,11,0,56,Finished,6,35,1:35.868,
2025,2,Chinese Grand Prix,2025-03-23,Shanghai International Circuit,China,lawson,30,LAW,Liam,Lawson,New Zealander,red_bull,Red Bull,Austrian,20,12,12,0,56,Finished,9,32,1:35.985,
2025,2,Chinese Grand Prix,2025-03-23,Shanghai International Circuit,China,doohan,7,DOO,Jack,Doohan,Australian,alpine,Alpine F1 Team,French,18,13,13,0,56,Finished,14,52,1:36.424,
2025,2,Chinese Grand Prix,2025-03-23,Shanghai International Circuit,China,bortoleto,5,BOR,Gabriel,Bortoleto,Brazilian,sauber,Sauber,Swiss,19,14,14,0,55,Lapped,8,28,1:35.874,
2025,2,Chinese Grand Prix,2025-03-23,Shanghai International Circuit,China,hulkenberg,27,HUL,Nico,Hülkenberg,German,sauber,Sauber,Swiss,12,15,15,0,55,Lapped,16,35,1:37.275,
2025,2,Chinese Grand Prix,2025-03-23,Shanghai International Circuit,China,tsunoda,22,TSU,Yuki,Tsunoda,Japanese,rb,RB F1 Team,Italian,9,16,16,0,55,Lapped,7,49,1:35.871,
2025,2,Chinese Grand Prix,2025-03-23,Shanghai International Circuit,China,alonso,14,ALO,Fernando,Alonso,Spanish,aston_martin,Aston Martin,British,13,17,R,0,4,Retired,17,3,1:39.256,
2025,2,Chinese Grand Prix,2025-03-23,Shanghai International Circuit,China,leclerc,16,LEC,Charles,Leclerc,Monegasque,ferrari,Ferrari,Italian,6,18,D,0,0,Disqualified,,,,
2025,2,Chinese Grand Prix,2025-03-23,Shanghai International Circuit,China,hamilton,44,HAM,Lewis,Hamilton,British,ferrari,Ferrari,Italian,5,19,D,0,0,Disqualified,,,,
2025,2,Chinese Grand Prix,2025-03-23,Shanghai International Circuit,China,gasly,10,GAS,Pierre,Gasly,French,alpine,Alpine F1 Team,French,16,20,D,0,0,Disqualified,,,,
2025,3,Japanese Grand Prix,2025-04-06,Suzuka Circuit,Japan,max_verstappen,1,VER,Max,Verstappen,Dutch,red_bull,Red Bull,Austrian,1,1,1,25,53,Finished,3,52,1:31.041,
2025,3,Japanese Grand Prix,2025-04-06,Suzuka Circuit,Japan,norris,4,NOR,Lando,Norris,British,mclaren,McLaren,British,2,2,2,18,53,Finished,5,51,1:31.116,
2025,3,Japanese Grand Prix,2025-04-06,Suzuka Circuit,Japan,piastri,81,PIA,Oscar,Piastri,Australian,mclaren,McLaren,British,3,3,3,15,53,Finished,2,53,1:31.039,
2025,3,Japanese Grand Prix,2025-04-06,Suzuka Circuit,Japan,leclerc,16,LEC,Charles,Leclerc,Monegasque,ferrari,Ferrari,Italian,4,4,4,12,53,Finished,10,47,1:31.469,
2025,3,Japanese Grand Prix,2025-04-06,Suzuka Circuit,Japan,russell,63,RUS,George,Russell,British,mercedes,Mercedes,German,5,5,5,10,53,Finished,8,51,1:31.357,
2025,3,Japanese Grand Prix,2025-04-06,Suzuka Circuit,Japan,antonelli,12,ANT,Andrea Kimi,Antonelli,Italian,mercedes,Mercedes,German,6,6,6,8,53,Finished,1,50,1:30.965,
2025,3,Japanese Grand Prix,2025-04-06,Suzuka Circuit,Japan,hamilton,44,HAM,Lewis,Hamilton,British,ferrari,Ferrari,Italian,8,7,7,6,53,Finished,9,51,1:31.406,
2025,3,Japanese Grand Prix,2025-04-06,Suzuka Circuit,Japan,hadjar,6,HAD,Isack,Hadjar,French,rb,RB F1 Team,Italian,7,8,8,4,53,Finished,7,52,1:31.317,
2025,3,Japanese Grand Prix,2025-04-06,Suzuka Circuit,Japan,albon,23,ALB,Alexander,Albon,Thai,williams,Williams,British,9,9,9,2,53,Finished,6,52,1:31.125,
2025,3,Japanese Grand Prix,2025-04-06,Suzuka Circuit,Japan,bearman,87,BEA,Oliver,Bearman,British,haas,Haas F1 Team,American,10,10,10,1,53,Finished,15,49,1:32.006,
2025,3,Japanese Grand Prix,2025-04-06,Suzuka Circuit,Japan,alonso,14,ALO,Fernando,Alonso,Spanish,aston_martin,Aston Martin,British,12,11,11,0,53,Finished,11,51,1:31.770,
2025,3,Japanese Grand Prix,2025-04-06,Suzuka Circuit,Japan,tsunoda,22,TSU,Yuki,Tsunoda,Japanese,red_bull,Red Bull,Austrian,14,12,12,0,53,Finished,13,51,1:31.871,
2025,3,Japanese Grand Prix,2025-04-06,Suzuka Circuit,Japan,gasly,10,GAS,Pierre,Gasly,French,alpine,Alpine F1 Team,French,11,13,13,0,53,Finished,12,52,1:31.820,
2025,3,Japanese Grand Prix,2025-04-06,Suzuka Circuit,Japan,sainz,55,SAI,Carlos,Sainz,Spanish,williams,Williams,British,15,14,14,0,53,Finished,4,36,1:31.106,
2025,3,Japanese Grand Prix,2025-04-06,Suzuka Circuit,Japan,doohan,7,DOO,Jack,Doohan,Australian,alpine,Alpine F1 Team,French,19,15,15,0,53,Finished,20,47,1:32.685,
2025,3,Japanese Grand Prix,2025-04-06,Suzuka Circuit,Japan,hulkenberg,27,HUL,Nico,Hülkenberg,German,sauber,Sauber,Swiss,16,16,16,0,53,Finished,19,31,1:32.572,
2025,3,Japanese Grand Prix,2025-04-06,Suzuka Circuit,Japan,lawson,30,LAW,Liam,Lawson,New Zealander,rb,RB F1 Team,Italian,13,17,17,0,53,Finished,17,39,1:32.043,
2025,3,Japanese Grand Prix,2025-04-06,Suzuka Circuit,Japan,ocon,31,OCO,Esteban,Ocon,French,haas,Haas F1 Team,American,18,18,18,0,53,Finished,14,48,1:31.967,
2025,3,Japanese Grand Prix,2025-04-06,Suzuka Circuit,Japan,bortoleto,5,BOR,Gabriel,Bortoleto,Brazilian,sauber,Sauber,Swiss,17,19,19,0,53,Finished,16,45,1:32.034,
2025,3,Japanese Grand Prix,2025-04-06,Suzuka Circuit,Japan,stroll,18,STR,Lance,Stroll,Canadian,aston_martin,Aston Martin,British,20,20,20,0,52,Lapped,18,52,1:32.052,
2025,4,Bahrain Grand Prix,2025-04-13,Bahrain International Circuit,Bahrain,piastri,81,PIA,Oscar,Piastri,Australian,mclaren,McLaren,British,1,1,1,25,57,Finished,1,36,1:35.140,
2025,4,Bahrain Grand Prix,2025-04-13,Bahrain International Circuit,Bahrain,russell,63,RUS,George,Russell,British,mercedes,Mercedes,German,3,2,2,18,57,Finished,2,36,1:35.518,
2025,4,Bahrain Grand Prix,2025-04-13,Bahrain International Circuit,Bahrain,norris,4,NOR,Lando,Norris,British,mclaren,McLaren,British,6,3,3,15,57,Finished,3,38,1:35.728,
2025,4,Bahrain Grand Prix,2025-04-13,Bahrain International Circuit,Bahrain,leclerc,16,LEC,Charles,Leclerc,Monegasque,ferrari,Ferrari,Italian,2,4,4,12,57,Finished,4,36,1:36.132,
2025,4,Bahrain Grand Prix,2025-04-13,Bahrain International Circuit,Bahrain,hamilton,44,HAM,Lewis,Hamilton,British,ferrari,Ferrari,Italian,9,5,5,10,57,Finished,6,37,1:36.235,
2025,4,Bahrain Grand Prix,2025-04-13,Bahrain International Circuit,Bahrain,max_verstappen,1,VER,Max,Verstappen,Dutch,red_bull,Red Bull,Austrian,7,6,6,8,57,Finished,5,29,1:36.167,
2025,4,Bahrain Grand Prix,2025-04-13,Bahrain International Circuit,Bahrain,gasly,10,GAS,Pierre,Gasly,French,alpine,Alpine F1 Team,French,4,7,7,6,57,Finished,7,39,1:36.531,
2025,4,Bahrain Grand Prix,2025-04-13,Bahrain International Circuit,Bahrain,ocon,31,OCO,Esteban,Ocon,French,haas,Haas F1 Team,American,14,8,8,4,57,Finished,12,30,1:37.098,
2025,4,Bahrain Grand Prix,2025-04-13,Bahrain International Circuit,Bahrain,tsunoda,22,TSU,Yuki,Tsunoda,Japanese,red_bull,Red Bull,Austrian,10,9,9,2,57,Finished,14,45,1:37.225,
2025,4,Bahrain Grand Prix,2025-04-13,Bahrain International Circuit,Bahrain,bearman,87,BEA,Oliver,Bearman,British,haas,Haas F1 Team,American,20,10,10,1,57,Finished,15,40,1:37.303,
2025,4,Bahrain Grand Prix,2025-04-13,Bahrain International Circuit,Bahrain,antonelli,12,ANT,Andrea Kimi,Antonelli,Italian,mercedes,Mercedes,German,5,11,11,0,57,Finished,9,29,1:36.690,
2025,4,Bahrain Grand Prix,2025-04-13,Bahrain International Circuit,Bahrain,albon,23,ALB,Alexander,Albon,Thai,williams,Williams,British,15,12,12,0,57,Finished,13,47,1:37.141,
2025,4,Bahrain Grand Prix,2025-04-13,Bahrain International Circuit,Bahrain,hadjar,6,HAD,Isack,Hadjar,French,rb,RB F1 Team,Italian,12,13,13,0,57,Finished,10,30,1:36.952,
2025,4,Bahrain Grand Prix,2025-04-13,Bahrain International Circuit,Bahrain,doohan,7,DOO,Jack,Doohan,Australian,alpine,Alpine F1 Team,French,11,14,14,0,57,Finished,8,31,1:36.682,
2025,4,Bahrain Grand Prix,2025-04-13,Bahrain International Circuit,Bahrain,alonso,14,ALO,Fernando,Alonso,Spanish,aston_martin,Aston Martin,British,13,15,15,0,57,Finished,17,38,1:37.906,
2025,4,Bahrain Grand Prix,2025-04-13,Bahrain International Circuit,Bahrain,lawson,30,LAW,Liam,Lawson,New Zealander,rb,RB F1 Team,Italian,17,16,16,0,57,Finished,16,44,1:37.380,
2025,4,Bahrain Grand Prix,2025-04-13,Bahrain International Circuit,Bahrain,stroll,18,STR,Lance,Stroll,Canadian,aston_martin,Aston Martin,British,19,17,17,0,57,Finished,19,38,1:38.064,
2025,4,Bahrain Grand Prix,2025-04-13,Bahrain International Circuit,Bahrain,bortoleto,5,BOR,Gabriel,Bortoleto,Brazilian,sauber,Sauber,Swiss,18,18,18,0,57,Finished,18,38,1:38.006,
2025,4,Bahrain Grand Prix,2025-04-13,Bahrain International Circuit,Bahrain,sainz,55,SAI,Carlos,Sainz,Spanish,williams,Williams,British,8,19,R,0,45,Retired,11,16,1:36.954,
2025,4,Bahrain Grand Prix,2025-04-13,Bahrain International Circuit,Bahrain,hulkenberg,27,HUL,Nico,Hülkenberg,German,sauber,Sauber,Swiss,16,20,D,0,0,Disqualified,,,,
2025,5,Saudi Arabian Grand Prix,2025-04-20,Jeddah Corniche Circuit,Saudi Arabia,piastri,81,PIA,Oscar,Piastri,Australian,mclaren,McLaren,British,2,1,1,25,50,Finished,3,50,1:32.228,
2025,5,Saudi Arabian Grand Prix,2025-04-20,Jeddah Corniche Circuit,Saudi Arabia,max_verstappen,1,VER,Max,Verstappen,Dutch,red_bull,Red Bull,Austrian,1,2,2,18,50,Finished,4,49,1:32.280,
2025,5,Saudi Arabian Grand Prix,2025-04-20,Jeddah Corniche Circuit,Saudi Arabia,leclerc,16,LEC,Charles,Leclerc,Monegasque,ferrari,Ferrari,Italian,4,3,3,15,50,Finished,2,49,1:32.192,
2025,5,Saudi Arabian Grand Prix,2025-04-20,Jeddah Corniche Circuit,Saudi Arabia,norris,4,NOR,Lando,Norris,British,mclaren,McLaren,British,10,4,4,12,50,Finished,1,41,1:31.778,
2025,5,Saudi Arabian Grand Prix,2025-04-20,Jeddah Corniche Circuit,Saudi Arabia,russell,63,RUS,George,Russell,British,mercedes,Mercedes,German,3,5,5,10,50,Finished,9,32,1:32.893,
2025,5,Saudi Arabian Grand Prix,2025-04-20,Jeddah Corniche Circuit,Saudi Arabia,antonelli,12,ANT,Andrea Kimi,Antonelli,Italian,mercedes,Mercedes,German,5,6,6,8,50,Finished,5,50,1:32.396,
2025,5,Saudi Arabian Grand Prix,2025-04-20,Jeddah Corniche Circuit,Saudi Arabia,hamilton,44,HAM,Lewis,Hamilton,British,ferrari,Ferrari,Italian,7,7,7,6,50,Finished,7,43,1:32.600,
2025,5,Saudi Arabian Grand Prix,2025-04-20,Jeddah Corniche Circuit,Saudi Arabia,sainz,55,SAI,Carlos,Sainz,Spanish,williams,Williams,British,6,8,8,4,50,Finished,6,50,1:32.466,
2025,5,Saudi Arabian Grand Prix,2025-04-20,Jeddah Corniche Circuit,Saudi Arabia,albon,23,ALB,Alexander,Albon,Thai,williams,Williams,British,11,9,9,2,50,Finished,16,47,1:33.477,
2025,5,Saudi Arabian Grand Prix,2025-04-20,Jeddah Corniche Circuit,Saudi Arabia,hadjar,6,HAD,Isack,Hadjar,French,rb,RB F1 Team,Italian,14,10,10,1,50,Finished,14,39,1:33.257,
2025,5,Saudi Arabian Grand Prix,2025-04-20,Jeddah Corniche Circuit,Saudi Arabia,alonso,14,ALO,Fernando,Alonso,Spanish,aston_martin,Aston Martin,British,13,11,11,0,50,Finished,11,49,1:33.009,
2025,5,Saudi Arabian Grand Prix,2025-04-20,Jeddah Corniche Circuit,Saudi Arabia,lawson,30,LAW,Liam,Lawson,New Zealander,rb,RB F1 Team,Italian,12,12,12,0,50,Finished,10,43,1:32.998,
2025,5,Saudi Arabian Grand Prix,2025-04-20,Jeddah Corniche Circuit,Saudi Arabia,bearman,87,BEA,Oliver,Bearman,British,haas,Haas F1 Team,American,15,13,13,0,50,Finished,13,50,1:33.238,
2025,5,Saudi Arabian Grand Prix,2025-04-20,Jeddah Corniche Circuit,Saudi Arabia,ocon,31,OCO,Esteban,Ocon,French,haas,Haas F1 Team,American,19,14,14,0,50,Finished,17,47,1:34.309,
2025,5,Saudi Arabian Grand Prix,2025-04-20,Jeddah Corniche Circuit,Saudi Arabia,hulkenberg,27,HUL,Nico,Hülkenberg,German,sauber,Sauber,Swiss,18,15,15,0,49,Lapped,15,39,1:33.446,
2025,5,Saudi Arabian Grand Prix,2025-04-20,Jeddah Corniche Circuit,Saudi Arabia,stroll,18,STR,Lance,Stroll,Canadian,aston_martin,Aston Martin,British,16,16,16,0,49,Lapped,8,44,1:32.745,
2025,5,Saudi Arabian Grand Prix,2025-04-20,Jeddah Corniche Circuit,Saudi Arabia,doohan,7,DOO,Jack,Doohan,Australian,alpine,Alpine F1 Team,French,17,17,17,0,49,Lapped,12,48,1:33.150,
2025,5,Saudi Arabian Grand Prix,2025-04-20,Jeddah Corniche Circuit,Saudi Arabia,bortoleto,5,BOR,Gabriel,Bortoleto,Brazilian,sauber,Sauber,Swiss,20,18,18,0,49,Lapped,18,39,1:34.447,
2025,5,Saudi Arabian Grand Prix,2025-04-20,Jeddah Corniche Circuit,Saudi Arabia,tsunoda,22,TSU,Yuki,Tsunoda,Japanese,red_bull,Red Bull,Austrian,8,19,R,0,1,Retired,,,,
2025,5,Saudi Arabian Grand Prix,2025-04-20,Jeddah Corniche Circuit,Saudi Arabia,gasly,10,GAS,Pierre,Gasly,French,alpine,Alpine F1 Team,French,9,20,R,0,0,Retired,,,,
2025,6,Miami Grand Prix,2025-05-04,Miami International Autodrome,USA,piastri,81,PIA,Oscar,Piastri,Australian,mclaren,McLaren,British,4,1,1,25,57,Finished,2,35,1:29.822,
2025,6,Miami Grand Prix,2025-05-04,Miami International Autodrome,USA,norris,4,NOR,Lando,Norris,British,mclaren,McLaren,British,2,2,2,18,57,Finished,1,36,1:29.746,
2025,6,Miami Grand Prix,2025-05-04,Miami International Autodrome,USA,russell,63,RUS,George,Russell,British,mercedes,Mercedes,German,5,3,3,15,57,Finished,3,31,1:30.318,
2025,6,Miami Grand Prix,2025-05-04,Miami International Autodrome,USA,max_verstappen,1,VER,Max,Verstappen,Dutch,red_bull,Red Bull,Austrian,1,4,4,12,57,Finished,5,41,1:30.466,
2025,6,Miami Grand Prix,2025-05-04,Miami International Autodrome,USA,albon,23,ALB,Alexander,Albon,Thai,williams,Williams,British,7,5,5,10,57,Finished,6,55,1:30.482,
2025,6,Miami Grand Prix,2025-05-04,Miami International Autodrome,USA,antonelli,12,ANT,Andrea Kimi,Antonelli,Italian,mercedes,Mercedes,German,3,6,6,8,57,Finished,9,27,1:30.795,
2025,6,Miami Grand Prix,2025-05-04,Miami International Autodrome,USA,leclerc,16,LEC,Charles,Leclerc,Monegasque,ferrari,Ferrari,Italian,8,7,7,6,57,Finished,4,35,1:30.461,
2025,6,Miami Grand Prix,2025-05-04,Miami International Autodrome,USA,hamilton,44,HAM,Lewis,Hamilton,British,ferrari,Ferrari,Italian,12,8,8,4,57,Finished,7,35,1:30.562,
2025,6,Miami Grand Prix,2025-05-04,Miami International Autodrome,USA,sainz,55,SAI,Carlos,Sainz,Spanish,williams,Williams,British,6,9,9,2,57,Finished,8,35,1:30.703,
2025,6,Miami Grand Prix,2025-05-04,Miami International Autodrome,USA,tsunoda,22,TSU,Yuki,Tsunoda,Japanese,red_bull,Red Bull,Austrian,10,10,10,1,57,Finished,10,55,1:30.964,
2025,6,Miami Grand Prix,2025-05-04,Miami International Autodrome,USA,hadjar,6,HAD,Isack,Hadjar,French,rb,RB F1 Team,Italian,11,11,11,0,57,Finished,11,51,1:30.971,
2025,6,Miami Grand Prix,2025-05-04,Miami International Autodrome,USA,ocon,31,OCO,Esteban,Ocon,French,haas,Haas F1 Team,American,9,12,12,0,57,Finished,13,30,1:31.122,
2025,6,Miami Grand Prix,2025-05-04,Miami International Autodrome,USA,gasly,10,GAS,Pierre,Gasly,French,alpine,Alpine F1 Team,French,20,13,13,0,57,Finished,14,35,1:31.159,
2025,6,Miami Grand Prix,2025-05-04,Miami International Autodrome,USA,hulkenberg,27,HUL,Nico,Hülkenberg,German,sauber,Sauber,Swiss,16,14,14,0,56,Lapped,12,43,1:31.015,
2025,6,Miami Grand Prix,2025-05-04,Miami International Autodrome,USA,alonso,14,ALO,Fernando,Alonso,Spanish,aston_martin,Aston Martin,British,17,15,15,0,56,Lapped,15,38,1:31.287,
2025,6,Miami Grand Prix,2025-05-04,Miami International Autodrome,USA,stroll,18,STR,Lance,Stroll,Canadian,aston_martin,Aston Martin,British,18,16,16,0,56,Lapped,16,50,1:31.769,
2025,6,Miami Grand Prix,2025-05-04,Miami International Autodrome,USA,lawson,30,LAW,Liam,Lawson,New Zealander,rb,RB F1 Team,Italian,15,17,R,0,36,Retired,17,30,1:31.770,
2025,6,Miami Grand Prix,2025-05-04,Miami International Autodrome,USA,bortoleto,5,BOR,Gabriel,Bortoleto,Brazilian,sauber,Sauber,Swiss,13,18,R,0,30,Retired,18,21,1:32.328,
2025,6,Miami Grand Prix,2025-05-04,Miami International Autodrome,USA,bearman,87,BEA,Oliver,Bearman,British,haas,Haas F1 Team,American,19,19,R,0,27,Retired,19,24,1:32.680,
2025,6,Miami Grand Prix,2025-05-04,Miami International Autodrome,USA,doohan,7,DOO,Jack,Doohan,Australian,alpine,Alpine F1 Team,French,14,20,R,0,0,Retired,,,,
2025,7,Emilia Romagna Grand Prix,2025-05-18,Autodromo Enzo e Dino Ferrari,Italy,max_verstappen,1,VER,Max,Verstappen,Dutch,red_bull,Red Bull,Austrian,2,1,1,25,63,Finished,1,58,1:17.988,
2025,7,Emilia Romagna Grand Prix,2025-05-18,Autodromo Enzo e Dino Ferrari,Italy,norris,4,NOR,Lando,Norris,British,mclaren,McLaren,British,4,2,2,18,63,Finished,4,63,1:18.311,
2025,7,Emilia Romagna Grand Prix,2025-05-18,Autodromo Enzo e Dino Ferrari,Italy,piastri,81,PIA,Oscar,Piastri,Australian,mclaren,McLaren,British,1,3,3,15,63,Finished,5,56,1:18.894,
2025,7,Emilia Romagna Grand Prix,2025-05-18,Autodromo Enzo e Dino Ferrari,Italy,hamilton,44,HAM,Lewis,Hamilton,British,ferrari,Ferrari,Italian,12,4,4,12,63,Finished,2,61,1:18.265,
2025,7,Emilia Romagna Grand Prix,2025-05-18,Autodromo Enzo e Dino Ferrari,Italy,albon,23,ALB,Alexander,Albon,Thai,williams,Williams,British,7,5,5,10,63,Finished,3,63,1:18.289,
2025,7,Emilia Romagna Grand Prix,2025-05-18,Autodromo Enzo e Dino Ferrari,Italy,leclerc,16,LEC,Charles,Leclerc,Monegasque,ferrari,Ferrari,Italian,11,6,6,8,63,Finished,6,56,1:19.048,
2025,7,Emilia Romagna Grand Prix,2025-05-18,Autodromo Enzo e Dino Ferrari,Italy,russell,63,RUS,George,Russell,British,mercedes,Mercedes,German,3,7,7,6,63,Finished,9,55,1:19.733,
2025,7,Emilia Romagna Grand Prix,2025-05-18,Autodromo Enzo e Dino Ferrari,Italy,sainz,55,SAI,Carlos,Sainz,Spanish,williams,Williams,British,6,8,8,4,63,Finished,10,58,1:19.836,
2025,7,Emilia Romagna Grand Prix,2025-05-18,Autodromo Enzo e Dino Ferrari,Italy,hadjar,6,HAD,Isack,Hadjar,French,rb,RB F1 Team,Italian,9,9,9,2,63,Finished,7,60,1:19.473,
2025,7,Emilia Romagna Grand Prix,2025-05-18,Autodromo Enzo e Dino Ferrari,Italy,tsunoda,22,TSU,Yuki,Tsunoda,Japanese,red_bull,Red Bull,Austrian,20,10,10,1,63,Finished,12,60,1:20.039,
2025,7,Emilia Romagna Grand Prix,2025-05-18,Autodromo Enzo e Dino Ferrari,Italy,alonso,14,ALO,Fernando,Alonso,Spanish,aston_martin,Aston Martin,British,5,11,11,0,63,Finished,11,61,1:19.894,
2025,7,Emilia Romagna Grand Prix,2025-05-18,Autodromo Enzo e Dino Ferrari,Italy,hulkenberg,27,HUL,Nico,Hülkenberg,German,sauber,Sauber,Swiss,17,12,12,0,63,Finished,15,62,1:20.401,
2025,7,Emilia Romagna Grand Prix,2025-05-18,Autodromo Enzo e Dino Ferrari,Italy,gasly,10,GAS,Pierre,Gasly,French,alpine,Alpine F1 Team,French,10,13,13,0,63,Finished,14,58,1:20.398,
2025,7,Emilia Romagna Grand Prix,2025-05-18,Autodromo Enzo e Dino Ferrari,Italy,lawson,30,LAW,Liam,Lawson,New Zealander,rb,RB F1 Team,Italian,15,14,14,0,63,Finished,16,60,1:20.473,
2025,7,Emilia Romagna Grand Prix,2025-05-18,Autodromo Enzo e Dino Ferrari,Italy,stroll,18,STR,Lance,Stroll,Canadian,aston_martin,Aston Martin,British,8,15,15,0,63,Finished,17,58,1:20.501,
2025,7,Emilia Romagna Grand Prix,2025-05-18,Autodromo Enzo e Dino Ferrari,Italy,colapinto,43,COL,Franco,Colapinto,Argentine,alpine,Alpine F1 Team,French,16,16,16,0,63,Finished,13,57,1:20.345,
2025,7,Emilia Romagna Grand Prix,2025-05-18,Autodromo Enzo e Dino Ferrari,Italy,bearman,87,BEA,Oliver,Bearman,British,haas,Haas F1 Team,American,19,17,17,0,63,Finished,8,52,1:19.521,
2025,7,Emilia Romagna Grand Prix,2025-05-18,Autodromo Enzo e Dino Ferrari,Italy,bortoleto,5,BOR,Gabriel,Bortoleto,Brazilian,sauber,Sauber,Swiss,14,18,18,0,63,Finished,19,57,1:20.630,
2025,7,Emilia Romagna Grand Prix,2025-05-18,Autodromo Enzo e Dino Ferrari,Italy,antonelli,12,ANT,Andrea Kimi,Antonelli,Italian,mercedes,Mercedes,German,13,19,R,0,44,Retired,18,33,1:20.620,
2025,7,Emilia Romagna Grand Prix,2025-05-18,Autodromo Enzo e Dino Ferrari,Italy,ocon,31,OCO,Esteban,Ocon,French,haas,Haas F1 Team,American,18,20,R,0,27,Retired,20,3,1:21.413,
2025,8,Monaco Grand Prix,2025-05-25,Circuit de Monaco,Monaco,norris,4,NOR,Lando,Norris,British,mclaren,McLaren,British,1,1,1,25,78,Finished,1,78,1:13.221,
2025,8,Monaco Grand Prix,2025-05-25,Circuit de Monaco,Monaco,leclerc,16,LEC,Charles,Leclerc,Monegasque,ferrari,Ferrari,Italian,2,2,2,18,78,Finished,6,36,1:14.055,
2025,8,Monaco Grand Prix,2025-05-25,Circuit de Monaco,Monaco,piastri,81,PIA,Oscar,Piastri,Australian,mclaren,McLaren,British,3,3,3,15,78,Finished,4,60,1:13.745,
2025,8,Monaco Grand Prix,2025-05-25,Circuit de Monaco,Monaco,max_verstappen,1,VER,Max,Verstappen,Dutch,red_bull,Red Bull,Austrian,4,4,4,12,78,Finished,8,45,1:14.230,
2025,8,Monaco Grand Prix,2025-05-25,Circuit de Monaco,Monaco,hamilton,44,HAM,Lewis,Hamilton,British,ferrari,Ferrari,Italian,7,5,5,10,78,Finished,7,73,1:14.090,
2025,8,Monaco Grand Prix,2025-05-25,Circuit de Monaco,Monaco,hadjar,6,HAD,Isack,Hadjar,French,rb,RB F1 Team,Italian,5,6,6,8,77,Lapped,19,16,1:15.981,
2025,8,Monaco Grand Prix,2025-05-25,Circuit de Monaco,Monaco,ocon,31,OCO,Esteban,Ocon,French,haas,Haas F1 Team,American,8,7,7,6,77,Lapped,14,34,1:15.157,
2025,8,Monaco Grand Prix,2025-05-25,Circuit de Monaco,Monaco,lawson,30,LAW,Liam,Lawson,New Zealander,rb,RB F1 Team,Italian,9,8,8,4,77,Lapped,17,54,1:15.321,
2025,8,Monaco Grand Prix,2025-05-25,Circuit de Monaco,Monaco,albon,23,ALB,Alexander,Albon,Thai,williams,Williams,British,10,9,9,2,76,Lapped,9,74,1:14.597,
2025,8,Monaco Grand Prix,2025-05-25,Circuit de Monaco,Monaco,sainz,55,SAI,Carlos,Sainz,Spanish,williams,Williams,British,11,10,10,1,76,Lapped,5,68,1:13.988,
2025,8,Monaco Grand Prix,2025-05-25,Circuit de Monaco,Monaco,russell,63,RUS,George,Russell,British,mercedes,Mercedes,German,14,11,11,0,76,Lapped,2,74,1:13.405,
2025,8,Monaco Grand Prix,2025-05-25,Circuit de Monaco,Monaco,bearman,87,BEA,Oliver,Bearman,British,haas,Haas F1 Team,American,20,12,12,0,76,Lapped,10,6,1:14.855,
2025,8,Monaco Grand Prix,2025-05-25,Circuit de Monaco,Monaco,colapinto,43,COL,Franco,Colapinto,Argentine,alpine,Alpine F1 Team,French,18,13,13,0,76,Lapped,16,30,1:15.298,
2025,8,Monaco Grand Prix,2025-05-25,Circuit de Monaco,Monaco,bortoleto,5,BOR,Gabriel,Bortoleto,Brazilian,sauber,Sauber,Swiss,16,14,14,0,76,Lapped,12,37,1:14.884,
2025,8,Monaco Grand Prix,2025-05-25,Circuit de Monaco,Monaco,stroll,18,STR,Lance,Stroll,Canadian,aston_martin,Aston Martin,British,19,15,15,0,76,Lapped,11,67,1:14.877,
2025,8,Monaco Grand Prix,2025-05-25,Circuit de Monaco,Monaco,hulkenberg,27,HUL,Nico,Hülkenberg,German,sauber,Sauber,Swiss,13,16,16,0,76,Lapped,15,47,1:15.223,
2025,8,Monaco Grand Prix,2025-05-25,Circuit de Monaco,Monaco,tsunoda,22,TSU,Yuki,Tsunoda,Japanese,red_bull,Red Bull,Austrian,12,17,17,0,76,Lapped,13,75,1:14.913,
2025,8,Monaco Grand Prix,2025-05-25,Circuit de Monaco,Monaco,antonelli,12,ANT,Andrea Kimi,Antonelli,Italian,mercedes,Mercedes,German,15,18,18,0,75,Lapped,3,74,1:13.518,
2025,8,Monaco Grand Prix,2025-05-25,Circuit de Monaco,Monaco,alonso,14,ALO,Fernando,Alonso,Spanish,aston_martin,Aston Martin,British,6,19,R,0,36,Retired,18,15,1:15.593,
2025,8,Monaco Grand Prix,2025-05-25,Circuit de Monaco,Monaco,gasly,10,GAS,Pierre,Gasly,French,alpine,Alpine F1 Team,French,17,20,R,0,7,Retired,20,6,1:18.054,
2025,9,Spanish Grand Prix,2025-06-01,Circuit de Barcelona-Catalunya,Spain,piastri,81,PIA,Oscar,Piastri,Australian,mclaren,McLaren,British,1,1,1,25,66,Finished,1,61,1:15.743,
2025,9,Spanish Grand Prix,2025-06-01,Circuit de Barcelona-Catalunya,Spain,norris,4,NOR,Lando,Norris,British,mclaren,McLaren,British,2,2,2,18,66,Finished,2,61,1:16.187,
2025,9,Spanish Grand Prix,2025-06-01,Circuit de Barcelona-Catalunya,Spain,leclerc,16,LEC,Charles,Leclerc,Monegasque,ferrari,Ferrari,Italian,7,3,3,15,66,Finished,5,62,1:17.259,
2025,9,Spanish Grand Prix,2025-06-01,Circuit de Barcelona-Catalunya,Spain,russell,63,RUS,George,Russell,British,mercedes,Mercedes,German,4,4,4,12,66,Finished,4,62,1:17.244,
2025,9,Spanish Grand Prix,2025-06-01,Circuit de Barcelona-Catalunya,Spain,hulkenberg,27,HUL,Nico,Hülkenberg,German,sauber,Sauber,Swiss,15,5,5,10,66,Finished,6,63,1:17.575,
2025,9,Spanish Grand Prix,2025-06-01,Circuit de Barcelona-Catalunya,Spain,hamilton,44,HAM,Lewis,Hamilton,British,ferrari,Ferrari,Italian,5,6,6,8,66,Finished,7,62,1:17.706,
2025,9,Spanish Grand Prix,2025-06-01,Circuit de Barcelona-Catalunya,Spain,hadjar,6,HAD,Isack,Hadjar,French,rb,RB F1 Team,Italian,9,7,7,6,66,Finished,8,63,1:17.770,
2025,9,Spanish Grand Prix,2025-06-01,Circuit de Barcelona-Catalunya,Spain,gasly,10,GAS,Pierre,Gasly,French,alpine,Alpine F1 Team,French,8,8,8,4,66,Finished,9,63,1:17.896,
2025,9,Spanish Grand Prix,2025-06-01,Circuit de Barcelona-Catalunya,Spain,alonso,14,ALO,Fernando,Alonso,Spanish,aston_martin,Aston Martin,British,10,9,9,2,66,Finished,11,66,1:18.128,
2025,9,Spanish Grand Prix,2025-06-01,Circuit de Barcelona-Catalunya,Spain,max_verstappen,1,VER,Max,Verstappen,Dutch,red_bull,Red Bull,Austrian,3,10,10,1,66,Finished,3,62,1:17.019,
2025,9,Spanish Grand Prix,2025-06-01,Circuit de Barcelona-Catalunya,Spain,lawson,30,LAW,Liam,Lawson,New Zealander,rb,RB F1 Team,Italian,13,11,11,0,66,Finished,18,62,1:19.424,
2025,9,Spanish Grand Prix,2025-06-01,Circuit de Barcelona-Catalunya,Spain,bortoleto,5,BOR,Gabriel,Bortoleto,Brazilian,sauber,Sauber,Swiss,12,12,12,0,66,Finished,13,51,1:18.297,
2025,9,Spanish Grand Prix,2025-06-01,Circuit de Barcelona-Catalunya,Spain,tsunoda,22,TSU,Yuki,Tsunoda,Japanese,red_bull,Red Bull,Austrian,19,13,13,0,66,Finished,10,46,1:17.998,
2025,9,Spanish Grand Prix,2025-06-01,Circuit de Barcelona-Catalunya,Spain,sainz,55,SAI,Carlos,Sainz,Spanish,williams,Williams,British,17,14,14,0,66,Finished,17,65,1:19.317,
2025,9,Spanish Grand Prix,2025-06-01,Circuit de Barcelona-Catalunya,Spain,colapinto,43,COL,Franco,Colapinto,Argentine,alpine,Alpine F1 Team,French,18,15,15,0,66,Finished,14,41,1:18.353,
2025,9,Spanish Grand Prix,2025-06-01,Circuit de Barcelona-Catalunya,Spain,ocon,31,OCO,Esteban,Ocon,French,haas,Haas F1 Team,American,16,16,16,0,66,Finished,15,46,1:18.624,
2025,9,Spanish Grand Prix,2025-06-01,Circuit de Barcelona-Catalunya,Spain,bearman,87,BEA,Oliver,Bearman,British,haas,Haas F1 Team,American,14,17,17,0,66,Finished,16,63,1:18.907,
2025,9,Spanish Grand Prix,2025-06-01,Circuit de Barcelona-Catalunya,Spain,antonelli,12,ANT,Andrea Kimi,Antonelli,Italian,mercedes,Mercedes,German,6,18,R,0,53,Retired,12,52,1:18.255,
2025,9,Spanish Grand Prix,2025-06-01,Circuit de Barcelona-Catalunya,Spain,albon,23,ALB,Alexander,Albon,Thai,williams,Williams,British,11,19,R,0,27,Retired,19,9,1:20.508,
2025,10,Canadian Grand Prix,2025-06-15,Circuit Gilles Villeneuve,Canada,russell,63,RUS,George,Russell,British,mercedes,Mercedes,German,1,1,1,25,70,Finished,1,63,1:14.119,
2025,10,Canadian Grand Prix,2025-06-15,Circuit Gilles Villeneuve,Canada,max_verstappen,1,VER,Max,Verstappen,Dutch,red_bull,Red Bull,Austrian,2,2,2,18,70,Finished,5,62,1:14.287,
2025,10,Canadian Grand Prix,2025-06-15,Circuit Gilles Villeneuve,Canada,antonelli,12,ANT,Andrea Kimi,Antonelli,Italian,mercedes,Mercedes,German,4,3,3,15,70,Finished,7,60,1:14.455,
2025,10,Canadian Grand Prix,2025-06-15,Circuit Gilles Villeneuve,Canada,piastri,81,PIA,Oscar,Piastri,Australian,mclaren,McLaren,British,3,4,4,12,70,Finished,3,64,1:14.255,
2025,10,Canadian Grand Prix,2025-06-15,Circuit Gilles Villeneuve,Canada,leclerc,16,LEC,Charles,Leclerc,Monegasque,ferrari,Ferrari,Italian,8,5,5,10,70,Finished,4,57,1:14.261,
2025,10,Canadian Grand Prix,2025-06-15,Circuit Gilles Villeneuve,Canada,hamilton,44,HAM,Lewis,Hamilton,British,ferrari,Ferrari,Italian,5,6,6,8,70,Finished,9,64,1:14.805,
2025,10,Canadian Grand Prix,2025-06-15,Circuit Gilles Villeneuve,Canada,alonso,14,ALO,Fernando,Alonso,Spanish,aston_martin,Aston Martin,British,6,7,7,6,70,Finished,12,58,1:15.024,
2025,10,Canadian Grand Prix,2025-06-15,Circuit Gilles Villeneuve,Canada,hulkenberg,27,HUL,Nico,Hülkenberg,German,sauber,Sauber,Swiss,11,8,8,4,70,Finished,14,65,1:15.372,
2025,10,Canadian Grand Prix,2025-06-15,Circuit Gilles Villeneuve,Canada,ocon,31,OCO,Esteban,Ocon,French,haas,Haas F1 Team,American,14,9,9,2,69,Lapped,8,61,1:14.593,
2025,10,Canadian Grand Prix,2025-06-15,Circuit Gilles Villeneuve,Canada,sainz,55,SAI,Carlos,Sainz,Spanish,williams,Williams,British,16,10,10,1,69,Lapped,6,59,1:14.389,
2025,10,Canadian Grand Prix,2025-06-15,Circuit Gilles Villeneuve,Canada,bearman,87,BEA,Oliver,Bearman,British,haas,Haas F1 Team,American,13,11,11,0,69,Lapped,15,62,1:15.397,
2025,10,Canadian Grand Prix,2025-06-15,Circuit Gilles Villeneuve,Canada,tsunoda,22,TSU,Yuki,Tsunoda,Japanese,red_bull,Red Bull,Austrian,18,12,12,0,69,Lapped,13,59,1:15.358,
2025,10,Canadian Grand Prix,2025-06-15,Circuit Gilles Villeneuve,Canada,colapinto,43,COL,Franco,Colapinto,Argentine,alpine,Alpine F1 Team,French,10,13,13,0,69,Lapped,17,53,1:16.076,
2025,10,Canadian Grand Prix,2025-06-15,Circuit Gilles Villeneuve,Canada,bortoleto,5,BOR,Gabriel,Bortoleto,Brazilian,sauber,Sauber,Swiss,15,14,14,0,69,Lapped,16,56,1:15.414,
2025,10,Canadian Grand Prix,2025-06-15,Circuit Gilles Villeneuve,Canada,gasly,10,GAS,Pierre,Gasly,French,alpine,Alpine F1 Team,French,20,15,15,0,69,Lapped,11,63,1:14.993,
2025,10,Canadian Grand Prix,2025-06-15,Circuit Gilles Villeneuve,Canada,hadjar,6,HAD,Isack,Hadjar,French,rb,RB F1 Team,Italian,12,16,16,0,69,Lapped,19,51,1:16.292,
2025,10,Canadian Grand Prix,2025-06-15,Circuit Gilles Villeneuve,Canada,stroll,18,STR,Lance,Stroll,Canadian,aston_martin,Aston Martin,British,17,17,17,0,69,Lapped,10,57,1:14.902,
2025,10,Canadian Grand Prix,2025-06-15,Circuit Gilles Villeneuve,Canada,norris,4,NOR,Lando,Norris,British,mclaren,McLaren,British,7,18,18,0,66,Retired,2,65,1:14.229,
2025,10,Canadian Grand Prix,2025-06-15,Circuit Gilles Villeneuve,Canada,lawson,30,LAW,Liam,Lawson,New Zealander,rb,RB F1 Team,Italian,19,19,R,0,53,Retired,20,52,1:16.320,
2025,10,Canadian Grand Prix,2025-06-15,Circuit Gilles Villeneuve,Canada,albon,23,ALB,Alexander,Albon,Thai,williams,Williams,British,9,20,R,0,46,Retired,18,31,1:16.197,
2025,11,Austrian Grand Prix,2025-06-29,Red Bull Ring,Austria,norris,4,NOR,Lando,Norris,British,mclaren,McLaren,British,1,1,1,25,70,Finished,2,61,1:08.272,
2025,11,Austrian Grand Prix,2025-06-29,Red Bull Ring,Austria,piastri,81,PIA,Oscar,Piastri,Australian,mclaren,McLaren,British,3,2,2,18,70,Finished,1,59,1:07.924,
2025,11,Austrian Grand Prix,2025-06-29,Red Bull Ring,Austria,leclerc,16,LEC,Charles,Leclerc,Monegasque,ferrari,Ferrari,Italian,2,3,3,15,70,Finished,4,56,1:08.765,
2025,11,Austrian Grand Prix,2025-06-29,Red Bull Ring,Austria,hamilton,44,HAM,Lewis,Hamilton,British,ferrari,Ferrari,Italian,4,4,4,12,70,Finished,3,53,1:08.628,
2025,11,Austrian Grand Prix,2025-06-29,Red Bull Ring,Austria,russell,63,RUS,George,Russell,British,mercedes,Mercedes,German,5,5,5,10,70,Finished,7,47,1:09.372,
2025,11,Austrian Grand Prix,2025-06-29,Red Bull Ring,Austria,lawson,30,LAW,Liam,Lawson,New Zealander,rb,RB F1 Team,Italian,6,6,6,8,70,Finished,14,58,1:09.977,
2025,11,Austrian Grand Prix,2025-06-29,Red Bull Ring,Austria,alonso,14,ALO,Fernando,Alonso,Spanish,aston_martin,Aston Martin,British,11,7,7,6,69,Lapped,12,39,1:09.935,
2025,11,Austrian Grand Prix,2025-06-29,Red Bull Ring,Austria,bortoleto,5,BOR,Gabriel,Bortoleto,Brazilian,sauber,Sauber,Swiss,8,8,8,4,69,Lapped,6,60,1:09.247,
2025,11,Austrian Grand Prix,2025-06-29,Red Bull Ring,Austria,hulkenberg,27,HUL,Nico,Hülkenberg,German,sauber,Sauber,Swiss,20,9,9,2,69,Lapped,8,57,1:09.459,
2025,11,Austrian Grand Prix,2025-06-29,Red Bull Ring,Austria,ocon,31,OCO,Esteban,Ocon,French,haas,Haas F1 Team,American,17,10,10,1,69,Lapped,9,55,1:09.550,
2025,11,Austrian Grand Prix,2025-06-29,Red Bull Ring,Austria,bearman,87,BEA,Oliver,Bearman,British,haas,Haas F1 Team,American,15,11,11,0,69,Lapped,13,42,1:09.960,
2025,11,Austrian Grand Prix,2025-06-29,Red Bull Ring,Austria,hadjar,6,HAD,Isack,Hadjar,French,rb,RB F1 Team,Italian,13,12,12,0,69,Lapped,16,40,1:10.204,
2025,11,Austrian Grand Prix,2025-06-29,Red Bull Ring,Austria,gasly,10,GAS,Pierre,Gasly,French,alpine,Alpine F1 Team,French,10,13,13,0,69,Lapped,15,46,1:10.151,
2025,11,Austrian Grand Prix,2025-06-29,Red Bull Ring,Austria,stroll,18,STR,Lance,Stroll,Canadian,aston_martin,Aston Martin,British,16,14,14,0,69,Lapped,5,55,1:09.214,
2025,11,Austrian Grand Prix,2025-06-29,Red Bull Ring,Austria,colapinto,43,COL,Franco,Colapinto,Argentine,alpine,Alpine F1 Team,French,14,15,15,0,69,Lapped,10,44,1:09.621,
2025,11,Austrian Grand Prix,2025-06-29,Red Bull Ring,Austria,tsunoda,22,TSU,Yuki,Tsunoda,Japanese,red_bull,Red Bull,Austrian,18,16,16,0,68,Lapped,11,62,1:09.802,
2025,11,Austrian Grand Prix,2025-06-29,Red Bull Ring,Austria,albon,23,ALB,Alexander,Albon,Thai,williams,Williams,British,12,17,R,0,15,Retired,17,9,1:10.641,
2025,11,Austrian Grand Prix,2025-06-29,Red Bull Ring,Austria,max_verstappen,1,VER,Max,Verstappen,Dutch,red_bull,Red Bull,Austrian,7,18,R,0,0,Retired,,,,
2025,11,Austrian Grand Prix,2025-06-29,Red Bull Ring,Austria,antonelli,12,ANT,Andrea Kimi,Antonelli,Italian,mercedes,Mercedes,German,9,19,R,0,0,Retired,,,,
2025,11,Austrian Grand Prix,2025-06-29,Red Bull Ring,Austria,sainz,55,SAI,Carlos,Sainz,Spanish,williams,Williams,British,19,20,W,0,0,Did not start,,,,
2025,12,British Grand Prix,2025-07-06,Silverstone Circuit,UK,norris,4,NOR,Lando,Norris,British,mclaren,McLaren,British,3,1,1,25,52,Finished,2,48,1:29.734,
2025,12,British Grand Prix,2025-07-06,Silverstone Circuit,UK,piastri,81,PIA,Oscar,Piastri,Australian,mclaren,McLaren,British,2,2,2,18,52,Finished,1,51,1:29.337,
2025,12,British Grand Prix,2025-07-06,Silverstone Circuit,UK,hulkenberg,27,HUL,Nico,Hülkenberg,German,sauber,Sauber,Swiss,19,3,3,15,52,Finished,14,51,1:30.933,
2025,12,British Grand Prix,2025-07-06,Silverstone Circuit,UK,hamilton,44,HAM,Lewis,Hamilton,British,ferrari,Ferrari,Italian,5,4,4,12,52,Finished,3,49,1:30.016,
2025,12,British Grand Prix,2025-07-06,Silverstone Circuit,UK,max_verstappen,1,VER,Max,Verstappen,Dutch,red_bull,Red Bull,Austrian,1,5,5,10,52,Finished,5,49,1:30.179,
2025,12,British Grand Prix,2025-07-06,Silverstone Circuit,UK,gasly,10,GAS,Pierre,Gasly,French,alpine,Alpine F1 Team,French,8,6,6,8,52,Finished,8,48,1:30.751,
2025,12,British Grand Prix,2025-07-06,Silverstone Circuit,UK,stroll,18,STR,Lance,Stroll,Canadian,aston_martin,Aston Martin,British,17,7,7,6,52,Finished,15,50,1:32.088,
2025,12,British Grand Prix,2025-07-06,Silverstone Circuit,UK,albon,23,ALB,Alexander,Albon,Thai,williams,Williams,British,13,8,8,4,52,Finished,4,50,1:30.047,
2025,12,British Grand Prix,2025-07-06,Silverstone Circuit,UK,alonso,14,ALO,Fernando,Alonso,Spanish,aston_martin,Aston Martin,British,7,9,9,2,52,Finished,6,49,1:30.353,
2025,12,British Grand Prix,2025-07-06,Silverstone Circuit,UK,russell,63,RUS,George,Russell,British,mercedes,Mercedes,German,4,10,10,1,52,Finished,11,51,1:30.869,
2025,12,British Grand Prix,2025-07-06,Silverstone Circuit,UK,bearman,87,BEA,Oliver,Bearman,British,haas,Haas F1 Team,American,18,11,11,0,52,Finished,13,50,1:30.921,
2025,12,British Grand Prix,2025-07-06,Silverstone Circuit,UK,sainz,55,SAI,Carlos,Sainz,Spanish,williams,Williams,British,9,12,12,0,52,Finished,7,52,1:30.645,
2025,12,British Grand Prix,2025-07-06,Silverstone Circuit,UK,ocon,31,OCO,Esteban,Ocon,French,haas,Haas F1 Team,American,14,13,13,0,52,Finished,9,52,1:30.818,
2025,12,British Grand Prix,2025-07-06,Silverstone Circuit,UK,leclerc,16,LEC,Charles,Leclerc,Monegasque,ferrari,Ferrari,Italian,6,14,14,0,52,Finished,10,50,1:30.819,
2025,12,British Grand Prix,2025-07-06,Silverstone Circuit,UK,tsunoda,22,TSU,Yuki,Tsunoda,Japanese,red_bull,Red Bull,Austrian,11,15,15,0,51,Lapped,12,49,1:30.873,
2025,12,British Grand Prix,2025-07-06,Silverstone Circuit,UK,antonelli,12,ANT,Andrea Kimi,Antonelli,Italian,mercedes,Mercedes,German,10,16,R,0,23,Retired,17,8,1:45.576,
2025,12,British Grand Prix,2025-07-06,Silverstone Circuit,UK,hadjar,6,HAD,Isack,Hadjar,French,rb,RB F1 Team,Italian,12,17,R,0,17,Retired,16,9,1:41.705,
2025,12,British Grand Prix,2025-07-06,Silverstone Circuit,UK,bortoleto,5,BOR,Gabriel,Bortoleto,Brazilian,sauber,Sauber,Swiss,16,18,R,0,3,Retired,18,3,2:16.121,
2025,12,British Grand Prix,2025-07-06,Silverstone Circuit,UK,lawson,30,LAW,Liam,Lawson,New Zealander,rb,RB F1 Team,Italian,15,19,R,0,0,Retired,,,,
2025,12,British Grand Prix,2025-07-06,Silverstone Circuit,UK,colapinto,43,COL,Franco,Colapinto,Argentine,alpine,Alpine F1 Team,French,20,20,W,0,0,Did not start,,,,
2025,13,Belgian Grand Prix,2025-07-27,Circuit de Spa-Francorchamps,Belgium,piastri,81,PIA,Oscar,Piastri,Australian,mclaren,McLaren,British,2,1,1,25,44,Finished,4,43,1:45.706,
2025,13,Belgian Grand Prix,2025-07-27,Circuit de Spa-Francorchamps,Belgium,norris,4,NOR,Lando,Norris,British,mclaren,McLaren,British,1,2,2,18,44,Finished,3,42,1:45.257,
2025,13,Belgian Grand Prix,2025-07-27,Circuit de Spa-Francorchamps,Belgium,leclerc,16,LEC,Charles,Leclerc,Monegasque,ferrari,Ferrari,Italian,3,3,3,15,44,Finished,9,40,1:46.174,
2025,13,Belgian Grand Prix,2025-07-27,Circuit de Spa-Francorchamps,Belgium,max_verstappen,1,VER,Max,Verstappen,Dutch,red_bull,Red Bull,Austrian,4,4,4,12,44,Finished,7,40,1:46.096,
2025,13,Belgian Grand Prix,2025-07-27,Circuit de Spa-Francorchamps,Belgium,russell,63,RUS,George,Russell,British,mercedes,Mercedes,German,6,5,5,10,44,Finished,11,43,1:46.566,
2025,13,Belgian Grand Prix,2025-07-27,Circuit de Spa-Francorchamps,Belgium,albon,23,ALB,Alexander,Albon,Thai,williams,Williams,British,5,6,6,8,44,Finished,15,38,1:46.813,
2025,13,Belgian Grand Prix,2025-07-27,Circuit de Spa-Francorchamps,Belgium,hamilton,44,HAM,Lewis,Hamilton,British,ferrari,Ferrari,Italian,18,7,7,6,44,Finished,10,43,1:46.534,
2025,13,Belgian Grand Prix,2025-07-27,Circuit de Spa-Francorchamps,Belgium,lawson,30,LAW,Liam,Lawson,New Zealander,rb,RB F1 Team,Italian,9,8,8,4,44,Finished,12,38,1:46.649,
2025,13,Belgian Grand Prix,2025-07-27,Circuit de Spa-Francorchamps,Belgium,bortoleto,5,BOR,Gabriel,Bortoleto,Brazilian,sauber,Sauber,Swiss,10,9,9,2,44,Finished,16,41,1:46.966,
2025,13,Belgian Grand Prix,2025-07-27,Circuit de Spa-Francorchamps,Belgium,gasly,10,GAS,Pierre,Gasly,French,alpine,Alpine F1 Team,French,13,10,10,1,44,Finished,17,42,1:47.177,
2025,13,Belgian Grand Prix,2025-07-27,Circuit de Spa-Francorchamps,Belgium,bearman,87,BEA,Oliver,Bearman,British,haas,Haas F1 Team,American,12,11,11,0,44,Finished,13,43,1:46.709,
2025,13,Belgian Grand Prix,2025-07-27,Circuit de Spa-Francorchamps,Belgium,hulkenberg,27,HUL,Nico,Hülkenberg,German,sauber,Sauber,Swiss,14,12,12,0,44,Finished,2,39,1:45.068,
2025,13,Belgian Grand Prix,2025-07-27,Circuit de Spa-Francorchamps,Belgium,tsunoda,22,TSU,Yuki,Tsunoda,Japanese,red_bull,Red Bull,Austrian,7,13,13,0,44,Finished,19,42,1:47.241,
2025,13,Belgian Grand Prix,2025-07-27,Circuit de Spa-Francorchamps,Belgium,stroll,18,STR,Lance,Stroll,Canadian,aston_martin,Aston Martin,British,16,14,14,0,44,Finished,18,38,1:47.212,
2025,13,Belgian Grand Prix,2025-07-27,Circuit de Spa-Francorchamps,Belgium,ocon,31,OCO,Esteban,Ocon,French,haas,Haas F1 Team,American,11,15,15,0,44,Finished,14,44,1:46.744,
2025,13,Belgian Grand Prix,2025-07-27,Circuit de Spa-Francorchamps,Belgium,antonelli,12,ANT,Andrea Kimi,Antonelli,Italian,mercedes,Mercedes,German,19,16,16,0,44,Finished,1,32,1:44.861,
2025,13,Belgian Grand Prix,2025-07-27,Circuit de Spa-Francorchamps,Belgium,alonso,14,ALO,Fernando,Alonso,Spanish,aston_martin,Aston Martin,British,20,17,17,0,44,Finished,5,32,1:45.849,
2025,13,Belgian Grand Prix,2025-07-27,Circuit de Spa-Francorchamps,Belgium,sainz,55,SAI,Carlos,Sainz,Spanish,williams,Williams,British,17,18,18,0,44,Finished,6,30,1:46.073,
2025,13,Belgian Grand Prix,2025-07-27,Circuit de Spa-Francorchamps,Belgium,colapinto,43,COL,Franco,Colapinto,Argentine,alpine,Alpine F1 Team,French,15,19,19,0,44,Finished,8,30,1:46.104,
2025,13,Belgian Grand Prix,2025-07-27,Circuit de Spa-Francorchamps,Belgium,hadjar,6,HAD,Isack,Hadjar,French,rb,RB F1 Team,Italian,8,20,20,0,43,Lapped,20,43,1:47.667,
2025,14,Hungarian Grand Prix,2025-08-03,Hungaroring,Hungary,norris,4,NOR,Lando,Norris,British,mclaren,McLaren,British,3,1,1,25,70,Finished,5,57,1:19.918,
2025,14,Hungarian Grand Prix,2025-08-03,Hungaroring,Hungary,piastri,81,PIA,Oscar,Piastri,Australian,mclaren,McLaren,British,2,2,2,18,70,Finished,2,56,1:19.412,
2025,14,Hungarian Grand Prix,2025-08-03,Hungaroring,Hungary,russell,63,RUS,George,Russell,British,mercedes,Mercedes,German,4,3,3,15,70,Finished,1,45,1:19.409,
2025,14,Hungarian Grand Prix,2025-08-03,Hungaroring,Hungary,leclerc,16,LEC,Charles,Leclerc,Monegasque,ferrari,Ferrari,Italian,1,4,4,12,70,Finished,9,47,1:20.440,
2025,14,Hungarian Grand Prix,2025-08-03,Hungaroring,Hungary,alonso,14,ALO,Fernando,Alonso,Spanish,aston_martin,Aston Martin,British,5,5,5,10,70,Finished,8,54,1:20.113,
2025,14,Hungarian Grand Prix,2025-08-03,Hungaroring,Hungary,bortoleto,5,BOR,Gabriel,Bortoleto,Brazilian,sauber,Sauber,Swiss,7,6,6,8,70,Finished,11,48,1:20.705,
2025,14,Hungarian Grand Prix,2025-08-03,Hungaroring,Hungary,stroll,18,STR,Lance,Stroll,Canadian,aston_martin,Aston Martin,British,6,7,7,6,70,Finished,12,55,1:20.708,
2025,14,Hungarian Grand Prix,2025-08-03,Hungaroring,Hungary,lawson,30,LAW,Liam,Lawson,New Zealander,rb,RB F1 Team,Italian,9,8,8,4,70,Finished,10,56,1:20.457,
2025,14,Hungarian Grand Prix,2025-08-03,Hungaroring,Hungary,max_verstappen,1,VER,Max,Verstappen,Dutch,red_bull,Red Bull,Austrian,8,9,9,2,70,Finished,3,50,1:19.576,
2025,14,Hungarian Grand Prix,2025-08-03,Hungaroring,Hungary,antonelli,12,ANT,Andrea Kimi,Antonelli,Italian,mercedes,Mercedes,German,15,10,10,1,69,Lapped,13,54,1:20.745,
2025,14,Hungarian Grand Prix,2025-08-03,Hungaroring,Hungary,hadjar,6,HAD,Isack,Hadjar,French,rb,RB F1 Team,Italian,10,11,11,0,69,Lapped,15,48,1:20.802,
2025,14,Hungarian Grand Prix,2025-08-03,Hungaroring,Hungary,hamilton,44,HAM,Lewis,Hamilton,British,ferrari,Ferrari,Italian,12,12,12,0,69,Lapped,7,55,1:20.022,
2025,14,Hungarian Grand Prix,2025-08-03,Hungaroring,Hungary,hulkenberg,27,HUL,Nico,Hülkenberg,German,sauber,Sauber,Swiss,18,13,13,0,69,Lapped,6,67,1:20.013,
2025,14,Hungarian Grand Prix,2025-08-03,Hungaroring,Hungary,sainz,55,SAI,Carlos,Sainz,Spanish,williams,Williams,British,13,14,14,0,69,Lapped,4,53,1:19.790,
2025,14,Hungarian Grand Prix,2025-08-03,Hungaroring,Hungary,albon,23,ALB,Alexander,Albon,Thai,williams,Williams,British,19,15,15,0,69,Lapped,14,49,1:20.779,
2025,14,Hungarian Grand Prix,2025-08-03,Hungaroring,Hungary,ocon,31,OCO,Esteban,Ocon,French,haas,Haas F1 Team,American,17,16,16,0,69,Lapped,19,17,1:21.916,
2025,14,Hungarian Grand Prix,2025-08-03,Hungaroring,Hungary,tsunoda,22,TSU,Yuki,Tsunoda,Japanese,red_bull,Red Bull,Austrian,20,17,17,0,69,Lapped,17,46,1:21.180,
2025,14,Hungarian Grand Prix,2025-08-03,Hungaroring,Hungary,colapinto,43,COL,Franco,Colapinto,Argentine,alpine,Alpine F1 Team,French,14,18,18,0,69,Lapped,16,37,1:20.827,
2025,14,Hungarian Grand Prix,2025-08-03,Hungaroring,Hungary,gasly,10,GAS,Pierre,Gasly,French,alpine,Alpine F1 Team,French,16,19,19,0,69,Lapped,18,46,1:21.433,
2025,14,Hungarian Grand Prix,2025-08-03,Hungaroring,Hungary,bearman,87,BEA,Oliver,Bearman,British,haas,Haas F1 Team,American,11,20,R,0,48,Retired,20,37,1:21.989,
2025,15,Dutch Grand Prix,2025-08-31,Circuit Park Zandvoort,Netherlands,piastri,81,PIA,Oscar,Piastri,Australian,mclaren,McLaren,British,1,1,1,25,72,Finished,1,60,1:12.271,
2025,15,Dutch Grand Prix,2025-08-31,Circuit Park Zandvoort,Netherlands,max_verstappen,1,VER,Max,Verstappen,Dutch,red_bull,Red Bull,Austrian,3,2,2,18,72,Finished,3,70,1:12.921,
2025,15,Dutch Grand Prix,2025-08-31,Circuit Park Zandvoort,Netherlands,hadjar,6,HAD,Isack,Hadjar,French,rb,RB F1 Team,Italian,4,3,3,15,72,Finished,5,70,1:13.327,
2025,15,Dutch Grand Prix,2025-08-31,Circuit Park Zandvoort,Netherlands,russell,63,RUS,George,Russell,British,mercedes,Mercedes,German,5,4,4,12,72,Finished,9,70,1:13.728,
2025,15,Dutch Grand Prix,2025-08-31,Circuit Park Zandvoort,Netherlands,albon,23,ALB,Alexander,Albon,Thai,williams,Williams,British,15,5,5,10,72,Finished,7,70,1:13.687,
2025,15,Dutch Grand Prix,2025-08-31,Circuit Park Zandvoort,Netherlands,bearman,87,BEA,Oliver,Bearman,British,haas,Haas F1 Team,American,20,6,6,8,72,Finished,13,70,1:13.950,
2025,15,Dutch Grand Prix,2025-08-31,Circuit Park Zandvoort,Netherlands,stroll,18,STR,Lance,Stroll,Canadian,aston_martin,Aston Martin,British,19,7,7,6,72,Finished,11,70,1:13.822,
2025,15,Dutch Grand Prix,2025-08-31,Circuit Park Zandvoort,Netherlands,alonso,14,ALO,Fernando,Alonso,Spanish,aston_martin,Aston Martin,British,10,8,8,4,72,Finished,8,42,1:13.719,
2025,15,Dutch Grand Prix,2025-08-31,Circuit Park Zandvoort,Netherlands,tsunoda,22,TSU,Yuki,Tsunoda,Japanese,red_bull,Red Bull,Austrian,12,9,9,2,72,Finished,16,71,1:14.354,
2025,15,Dutch Grand Prix,2025-08-31,Circuit Park Zandvoort,Netherlands,ocon,31,OCO,Esteban,Ocon,French,haas,Haas F1 Team,American,18,10,10,1,72,Finished,14,71,1:13.986,
2025,15,Dutch Grand Prix,2025-08-31,Circuit Park Zandvoort,Netherlands,colapinto,43,COL,Franco,Colapinto,Argentine,alpine,Alpine F1 Team,French,16,11,11,0,72,Finished,4,72,1:13.049,
2025,15,Dutch Grand Prix,2025-08-31,Circuit Park Zandvoort,Netherlands,lawson,30,LAW,Liam,Lawson,New Zealander,rb,RB F1 Team,Italian,8,12,12,0,72,Finished,12,60,1:13.879,
2025,15,Dutch Grand Prix,2025-08-31,Circuit Park Zandvoort,Netherlands,sainz,55,SAI,Carlos,Sainz,Spanish,williams,Williams,British,9,13,13,0,72,Finished,10,58,1:13.808,
2025,15,Dutch Grand Prix,2025-08-31,Circuit Park Zandvoort,Netherlands,hulkenberg,27,HUL,Nico,Hülkenberg,German,sauber,Sauber,Swiss,17,14,14,0,72,Finished,18,61,1:14.912,
2025,15,Dutch Grand Prix,2025-08-31,Circuit Park Zandvoort,Netherlands,bortoleto,5,BOR,Gabriel,Bortoleto,Brazilian,sauber,Sauber,Swiss,13,15,15,0,72,Finished,15,63,1:14.307,
2025,15,Dutch Grand Prix,2025-08-31,Circuit Park Zandvoort,Netherlands,antonelli,12,ANT,Andrea Kimi,Antonelli,Italian,mercedes,Mercedes,German,11,16,16,0,72,Finished,6,70,1:13.480,
2025,15,Dutch Grand Prix,2025-08-31,Circuit Park Zandvoort,Netherlands,gasly,10,GAS,Pierre,Gasly,French,alpine,Alpine F1 Team,French,14,17,17,0,72,Finished,19,59,1:15.248,
2025,15,Dutch Grand Prix,2025-08-31,Circuit Park Zandvoort,Netherlands,norris,4,NOR,Lando,Norris,British,mclaren,McLaren,British,2,18,18,0,64,Retired,2,59,1:12.379,
2025,15,Dutch Grand Prix,2025-08-31,Circuit Park Zandvoort,Netherlands,leclerc,16,LEC,Charles,Leclerc,Monegasque,ferrari,Ferrari,Italian,6,19,R,0,52,Retired,17,33,1:14.557,
2025,15,Dutch Grand Prix,2025-08-31,Circuit Park Zandvoort,Netherlands,hamilton,44,HAM,Lewis,Hamilton,British,ferrari,Ferrari,Italian,7,20,R,0,22,Retired,20,6,1:15.684,
2025,16,Italian Grand Prix,2025-09-07,Autodromo Nazionale di Monza,Italy,max_verstappen,1,VER,Max,Verstappen,Dutch,red_bull,Red Bull,Austrian,1,1,1,25,53,Finished,2,52,1:21.003,
2025,16,Italian Grand Prix,2025-09-07,Autodromo Nazionale di Monza,Italy,norris,4,NOR,Lando,Norris,British,mclaren,McLaren,British,2,2,2,18,53,Finished,1,53,1:20.901,
2025,16,Italian Grand Prix,2025-09-07,Autodromo Nazionale di Monza,Italy,piastri,81,PIA,Oscar,Piastri,Australian,mclaren,McLaren,British,3,3,3,15,53,Finished,3,47,1:21.245,
2025,16,Italian Grand Prix,2025-09-07,Autodromo Nazionale di Monza,Italy,leclerc,16,LEC,Charles,Leclerc,Monegasque,ferrari,Ferrari,Italian,4,4,4,12,53,Finished,4,53,1:21.294,
2025,16,Italian Grand Prix,2025-09-07,Autodromo Nazionale di Monza,Italy,russell,63,RUS,George,Russell,British,mercedes,Mercedes,German,5,5,5,10,53,Finished,8,45,1:21.800,
2025,16,Italian Grand Prix,2025-09-07,Autodromo Nazionale di Monza,Italy,hamilton,44,HAM,Lewis,Hamilton,British,ferrari,Ferrari,Italian,10,6,6,8,53,Finished,6,50,1:21.546,
2025,16,Italian Grand Prix,2025-09-07,Autodromo Nazionale di Monza,Italy,albon,23,ALB,Alexander,Albon,Thai,williams,Williams,British,14,7,7,6,53,Finished,5,53,1:21.368,
2025,16,Italian Grand Prix,2025-09-07,Autodromo Nazionale di Monza,Italy,bortoleto,5,BOR,Gabriel,Bortoleto,Brazilian,sauber,Sauber,Swiss,7,8,8,4,53,Finished,12,51,1:22.139,
2025,16,Italian Grand Prix,2025-09-07,Autodromo Nazionale di Monza,Italy,antonelli,12,ANT,Andrea Kimi,Antonelli,Italian,mercedes,Mercedes,German,6,9,9,2,53,Finished,10,53,1:21.968,
2025,16,Italian Grand Prix,2025-09-07,Autodromo Nazionale di Monza,Italy,hadjar,6,HAD,Isack,Hadjar,French,rb,RB F1 Team,Italian,19,10,10,1,53,Finished,11,46,1:22.133,
2025,16,Italian Grand Prix,2025-09-07,Autodromo Nazionale di Monza,Italy,sainz,55,SAI,Carlos,Sainz,Spanish,williams,Williams,British,13,11,11,0,53,Finished,7,47,1:21.740,
2025,16,Italian Grand Prix,2025-09-07,Autodromo Nazionale di Monza,Italy,bearman,87,BEA,Oliver,Bearman,British,haas,Haas F1 Team,American,11,12,12,0,53,Finished,9,53,1:21.820,
2025,16,Italian Grand Prix,2025-09-07,Autodromo Nazionale di Monza,Italy,tsunoda,22,TSU,Yuki,Tsunoda,Japanese,red_bull,Red Bull,Austrian,9,13,13,0,53,Finished,16,52,1:22.712,
2025,16,Italian Grand Prix,2025-09-07,Autodromo Nazionale di Monza,Italy,lawson,30,LAW,Liam,Lawson,New Zealander,rb,RB F1 Team,Italian,18,14,14,0,53,Finished,17,49,1:22.777,
2025,16,Italian Grand Prix,2025-09-07,Autodromo Nazionale di Monza,Italy,ocon,31,OCO,Esteban,Ocon,French,haas,Haas F1 Team,American,15,15,15,0,52,Lapped,18,48,1:22.892,
2025,16,Italian Grand Prix,2025-09-07,Autodromo Nazionale di Monza,Italy,gasly,10,GAS,Pierre,Gasly,French,alpine,Alpine F1 Team,French,20,16,16,0,52,Lapped,14,52,1:22.185,
2025,16,Italian Grand Prix,2025-09-07,Autodromo Nazionale di Monza,Italy,colapinto,43,COL,Franco,Colapinto,Argentine,alpine,Alpine F1 Team,French,17,17,17,0,52,Lapped,15,48,1:22.239,
2025,16,Italian Grand Prix,2025-09-07,Autodromo Nazionale di Monza,Italy,stroll,18,STR,Lance,Stroll,Canadian,aston_martin,Aston Martin,British,16,18,18,0,52,Lapped,13,51,1:22.164,
2025,16,Italian Grand Prix,2025-09-07,Autodromo Nazionale di Monza,Italy,alonso,14,ALO,Fernando,Alonso,Spanish,aston_martin,Aston Martin,British,8,19,R,0,24,Retired,19,23,1:23.757,
2025,16,Italian Grand Prix,2025-09-07,Autodromo Nazionale di Monza,Italy,hulkenberg,27,HUL,Nico,Hülkenberg,German,sauber,Sauber,Swiss,12,20,W,0,0,Did not start,,,,
2025,17,Azerbaijan Grand Prix,2025-09-21,Baku City Circuit,Azerbaijan,max_verstappen,1,VER,Max,Verstappen,Dutch,red_bull,Red Bull,Austrian,1,1,1,25,51,Finished,1,50,1:43.388,
2025,17,Azerbaijan Grand Prix,2025-09-21,Baku City Circuit,Azerbaijan,russell,63,RUS,George,Russell,British,mercedes,Mercedes,German,5,2,2,18,51,Finished,2,42,1:43.754,
2025,17,Azerbaijan Grand Prix,2025-09-21,Baku City Circuit,Azerbaijan,sainz,55,SAI,Carlos,Sainz,Spanish,williams,Williams,British,2,3,3,15,51,Finished,4,47,1:43.972,
2025,17,Azerbaijan Grand Prix,2025-09-21,Baku City Circuit,Azerbaijan,antonelli,12,ANT,Andrea Kimi,Antonelli,Italian,mercedes,Mercedes,German,4,4,4,12,51,Finished,6,47,1:44.091,
2025,17,Azerbaijan Grand Prix,2025-09-21,Baku City Circuit,Azerbaijan,lawson,30,LAW,Liam,Lawson,New Zealander,rb,RB F1 Team,Italian,3,5,5,10,51,Finished,13,49,1:44.531,
2025,17,Azerbaijan Grand Prix,2025-09-21,Baku City Circuit,Azerbaijan,tsunoda,22,TSU,Yuki,Tsunoda,Japanese,red_bull,Red Bull,Austrian,6,6,6,8,51,Finished,12,41,1:44.434,
2025,17,Azerbaijan Grand Prix,2025-09-21,Baku City Circuit,Azerbaijan,norris,4,NOR,Lando,Norris,British,mclaren,McLaren,British,7,7,7,6,51,Finished,8,42,1:44.155,
2025,17,Azerbaijan Grand Prix,2025-09-21,Baku City Circuit,Azerbaijan,hamilton,44,HAM,Lewis,Hamilton,British,ferrari,Ferrari,Italian,12,8,8,4,51,Finished,5,40,1:43.977,
2025,17,Azerbaijan Grand Prix,2025-09-21,Baku City Circuit,Azerbaijan,leclerc,16,LEC,Charles,Leclerc,Monegasque,ferrari,Ferrari,Italian,10,9,9,2,51,Finished,9,50,1:44.274,
2025,17,Azerbaijan Grand Prix,2025-09-21,Baku City Circuit,Azerbaijan,hadjar,6,HAD,Isack,Hadjar,French,rb,RB F1 Team,Italian,8,10,10,1,51,Finished,3,50,1:43.884,
2025,17,Azerbaijan Grand Prix,2025-09-21,Baku City Circuit,Azerbaijan,bortoleto,5,BOR,Gabriel,Bortoleto,Brazilian,sauber,Sauber,Swiss,13,11,11,0,51,Finished,14,45,1:44.930,
2025,17,Azerbaijan Grand Prix,2025-09-21,Baku City Circuit,Azerbaijan,bearman,87,BEA,Oliver,Bearman,British,haas,Haas F1 Team,American,15,12,12,0,51,Finished,10,31,1:44.288,
2025,17,Azerbaijan Grand Prix,2025-09-21,Baku City Circuit,Azerbaijan,albon,23,ALB,Alexander,Albon,Thai,williams,Williams,British,19,13,13,0,51,Finished,7,51,1:44.152,
2025,17,Azerbaijan Grand Prix,2025-09-21,Baku City Circuit,Azerbaijan,ocon,31,OCO,Esteban,Ocon,French,haas,Haas F1 Team,American,20,14,14,0,51,Finished,17,50,1:45.388,
2025,17,Azerbaijan Grand Prix,2025-09-21,Baku City Circuit,Azerbaijan,alonso,14,ALO,Fernando,Alonso,Spanish,aston_martin,Aston Martin,British,11,15,15,0,51,Finished,15,50,1:45.002,
2025,17,Azerbaijan Grand Prix,2025-09-21,Baku City Circuit,Azerbaijan,hulkenberg,27,HUL,Nico,Hülkenberg,German,sauber,Sauber,Swiss,17,16,16,0,51,Finished,11,47,1:44.370,
2025,17,Azerbaijan Grand Prix,2025-09-21,Baku City Circuit,Azerbaijan,stroll,18,STR,Lance,Stroll,Canadian,aston_martin,Aston Martin,British,14,17,17,0,51,Finished,16,50,1:45.083,
2025,17,Azerbaijan Grand Prix,2025-09-21,Baku City Circuit,Azerbaijan,gasly,10,GAS,Pierre,Gasly,French,alpine,Alpine F1 Team,French,18,18,18,0,50,Lapped,18,37,1:45.492,
2025,17,Azerbaijan Grand Prix,2025-09-21,Baku City Circuit,Azerbaijan,colapinto,43,COL,Franco,Colapinto,Argentine,alpine,Alpine F1 Team,French,16,19,19,0,50,Lapped,19,40,1:46.055,
2025,17,Azerbaijan Grand Prix,2025-09-21,Baku City Circuit,Azerbaijan,piastri,81,PIA,Oscar,Piastri,Australian,mclaren,McLaren,British,9,20,R,0,0,Retired,,,,
2025,18,Singapore Grand Prix,2025-10-05,Marina Bay Street Circuit,Singapore,russell,63,RUS,George,Russell,British,mercedes,Mercedes,German,1,1,1,25,62,Finished,11,27,1:35.676,
2025,18,Singapore Grand Prix,2025-10-05,Marina Bay Street Circuit,Singapore,max_verstappen,1,VER,Max,Verstappen,Dutch,red_bull,Red Bull,Austrian,2,2,2,18,62,Finished,10,30,1:35.649,
2025,18,Singapore Grand Prix,2025-10-05,Marina Bay Street Circuit,Singapore,norris,4,NOR,Lando,Norris,British,mclaren,McLaren,British,5,3,3,15,62,Finished,7,36,1:35.555,
2025,18,Singapore Grand Prix,2025-10-05,Marina Bay Street Circuit,Singapore,piastri,81,PIA,Oscar,Piastri,Australian,mclaren,McLaren,British,3,4,4,12,62,Finished,6,31,1:35.408,
2025,18,Singapore Grand Prix,2025-10-05,Marina Bay Street Circuit,Singapore,antonelli,12,ANT,Andrea Kimi,Antonelli,Italian,mercedes,Mercedes,German,4,5,5,10,62,Finished,4,27,1:35.303,
2025,18,Singapore Grand Prix,2025-10-05,Marina Bay Street Circuit,Singapore,leclerc,16,LEC,Charles,Leclerc,Monegasque,ferrari,Ferrari,Italian,7,6,6,8,62,Finished,14,41,1:35.983,
2025,18,Singapore Grand Prix,2025-10-05,Marina Bay Street Circuit,Singapore,alonso,14,ALO,Fernando,Alonso,Spanish,aston_martin,Aston Martin,British,10,7,7,6,62,Finished,13,52,1:35.862,
2025,18,Singapore Grand Prix,2025-10-05,Marina Bay Street Circuit,Singapore,hamilton,44,HAM,Lewis,Hamilton,British,ferrari,Ferrari,Italian,6,8,8,4,62,Finished,1,48,1:33.808,
2025,18,Singapore Grand Prix,2025-10-05,Marina Bay Street Circuit,Singapore,bearman,87,BEA,Oliver,Bearman,British,haas,Haas F1 Team,American,9,9,9,2,62,Finished,15,56,1:36.201,
2025,18,Singapore Grand Prix,2025-10-05,Marina Bay Street Circuit,Singapore,sainz,55,SAI,Carlos,Sainz,Spanish,williams,Williams,British,18,10,10,1,61,Lapped,3,61,1:34.963,
2025,18,Singapore Grand Prix,2025-10-05,Marina Bay Street Circuit,Singapore,hadjar,6,HAD,Isack,Hadjar,French,rb,RB F1 Team,Italian,8,11,11,0,61,Lapped,18,54,1:36.938,
2025,18,Singapore Grand Prix,2025-10-05,Marina Bay Street Circuit,Singapore,tsunoda,22,TSU,Yuki,Tsunoda,Japanese,red_bull,Red Bull,Austrian,13,12,12,0,61,Lapped,17,45,1:36.831,
2025,18,Singapore Grand Prix,2025-10-05,Marina Bay Street Circuit,Singapore,stroll,18,STR,Lance,Stroll,Canadian,aston_martin,Aston Martin,British,15,13,13,0,61,Lapped,12,60,1:35.851,
2025,18,Singapore Grand Prix,2025-10-05,Marina Bay Street Circuit,Singapore,albon,23,ALB,Alexander,Albon,Thai,williams,Williams,British,20,14,14,0,61,Lapped,9,60,1:35.648,
2025,18,Singapore Grand Prix,2025-10-05,Marina Bay Street Circuit,Singapore,lawson,30,LAW,Liam,Lawson,New Zealander,rb,RB F1 Team,Italian,12,15,15,0,61,Lapped,8,61,1:35.641,
2025,18,Singapore Grand Prix,2025-10-05,Marina Bay Street Circuit,Singapore,colapinto,43,COL,Franco,Colapinto,Argentine,alpine,Alpine F1 Team,French,16,16,16,0,61,Lapped,20,17,1:37.182,
2025,18,Singapore Grand Prix,2025-10-05,Marina Bay Street Circuit,Singapore,bortoleto,5,BOR,Gabriel,Bortoleto,Brazilian,sauber,Sauber,Swiss,14,17,17,0,61,Lapped,19,16,1:37.126,
2025,18,Singapore Grand Prix,2025-10-05,Marina Bay Street Circuit,Singapore,ocon,31,OCO,Esteban,Ocon,French,haas,Haas F1 Team,American,17,18,18,0,61,Lapped,16,32,1:36.646,
2025,18,Singapore Grand Prix,2025-10-05,Marina Bay Street Circuit,Singapore,gasly,10,GAS,Pierre,Gasly,French,alpine,Alpine F1 Team,French,19,19,19,0,61,Lapped,2,53,1:34.573,
2025,18,Singapore Grand Prix,2025-10-05,Marina Bay Street Circuit,Singapore,hulkenberg,27,HUL,Nico,Hülkenberg,German,sauber,Sauber,Swiss,11,20,20,0,61,Lapped,5,47,1:35.404,
2025,19,United States Grand Prix,2025-10-19,Circuit of the Americas,USA,max_verstappen,1,VER,Max,Verstappen,Dutch,red_bull,Red Bull,Austrian,1,1,1,25,56,Finished,3,35,1:37.991,
2025,19,United States Grand Prix,2025-10-19,Circuit of the Americas,USA,norris,4,NOR,Lando,Norris,British,mclaren,McLaren,British,2,2,2,18,56,Finished,2,35,1:37.620,
2025,19,United States Grand Prix,2025-10-19,Circuit of the Americas,USA,leclerc,16,LEC,Charles,Leclerc,Monegasque,ferrari,Ferrari,Italian,3,3,3,15,56,Finished,5,47,1:38.231,
2025,19,United States Grand Prix,2025-10-19,Circuit of the Americas,USA,hamilton,44,HAM,Lewis,Hamilton,British,ferrari,Ferrari,Italian,5,4,4,12,56,Finished,8,55,1:38.361,
2025,19,United States Grand Prix,2025-10-19,Circuit of the Americas,USA,piastri,81,PIA,Oscar,Piastri,Australian,mclaren,McLaren,British,6,5,5,10,56,Finished,10,55,1:38.564,
2025,19,United States Grand Prix,2025-10-19,Circuit of the Americas,USA,russell,63,RUS,George,Russell,British,mercedes,Mercedes,German,4,6,6,8,56,Finished,4,35,1:38.224,
2025,19,United States Grand Prix,2025-10-19,Circuit of the Americas,USA,tsunoda,22,TSU,Yuki,Tsunoda,Japanese,red_bull,Red Bull,Austrian,13,7,7,6,56,Finished,13,54,1:38.803,
2025,19,United States Grand Prix,2025-10-19,Circuit of the Americas,USA,hulkenberg,27,HUL,Nico,Hülkenberg,German,sauber,Sauber,Swiss,11,8,8,4,56,Finished,9,54,1:38.372,
2025,19,United States Grand Prix,2025-10-19,Circuit of the Americas,USA,bearman,87,BEA,Oliver,Bearman,British,haas,Haas F1 Team,American,8,9,9,2,56,Finished,16,32,1:39.119,
2025,19,United States Grand Prix,2025-10-19,Circuit of the Americas,USA,alonso,14,ALO,Fernando,Alonso,Spanish,aston_martin,Aston Martin,British,10,10,10,1,56,Finished,12,54,1:38.789,
2025,19,United States Grand Prix,2025-10-19,Circuit of the Americas,USA,lawson,30,LAW,Liam,Lawson,New Zealander,rb,RB F1 Team,Italian,12,11,11,0,56,Finished,14,53,1:38.983,
2025,19,United States Grand Prix,2025-10-19,Circuit of the Americas,USA,stroll,18,STR,Lance,Stroll,Canadian,aston_martin,Aston Martin,British,19,12,12,0,56,Finished,15,54,1:39.071,
2025,19,United States Grand Prix,2025-10-19,Circuit of the Americas,USA,antonelli,12,ANT,Andrea Kimi,Antonelli,Italian,mercedes,Mercedes,German,7,13,13,0,56,Finished,1,33,1:37.577,
2025,19,United States Grand Prix,2025-10-19,Circuit of the Americas,USA,albon,23,ALB,Alexander,Albon,Thai,williams,Williams,British,18,14,14,0,56,Finished,7,38,1:38.328,
2025,19,United States Grand Prix,2025-10-19,Circuit of the Americas,USA,ocon,31,OCO,Esteban,Ocon,French,haas,Haas F1 Team,American,17,15,15,0,56,Finished,18,31,1:39.263,
2025,19,United States Grand Prix,2025-10-19,Circuit of the Americas,USA,hadjar,6,HAD,Isack,Hadjar,French,rb,RB F1 Team,Italian,20,16,16,0,56,Finished,11,54,1:38.724,
2025,19,United States Grand Prix,2025-10-19,Circuit of the Americas,USA,colapinto,43,COL,Franco,Colapinto,Argentine,alpine,Alpine F1 Team,French,15,17,17,0,55,Lapped,17,54,1:39.173,
2025,19,United States Grand Prix,2025-10-19,Circuit of the Americas,USA,bortoleto,5,BOR,Gabriel,Bortoleto,Brazilian,sauber,Sauber,Swiss,16,18,18,0,55,Lapped,6,39,1:38.275,
2025,19,United States Grand Prix,2025-10-19,Circuit of the Americas,USA,gasly,10,GAS,Pierre,Gasly,French,alpine,Alpine F1 Team,French,14,19,19,0,55,Lapped,19,30,1:39.270,
2025,19,United States Grand Prix,2025-10-19,Circuit of the Americas,USA,sainz,55,SAI,Carlos,Sainz,Spanish,williams,Williams,British,9,20,R,0,5,Retired,20,3,1:40.327,
2025,20,Mexico City Grand Prix,2025-10-26,Autódromo Hermanos Rodríguez,Mexico,norris,4,NOR,Lando,Norris,British,mclaren,McLaren,British,1,1,1,25,71,Finished,8,45,1:20.764,
2025,20,Mexico City Grand Prix,2025-10-26,Autódromo Hermanos Rodríguez,Mexico,leclerc,16,LEC,Charles,Leclerc,Monegasque,ferrari,Ferrari,Italian,2,2,2,18,71,Finished,14,45,1:21.588,
2025,20,Mexico City Grand Prix,2025-10-26,Autódromo Hermanos Rodríguez,Mexico,max_verstappen,1,VER,Max,Verstappen,Dutch,red_bull,Red Bull,Austrian,5,3,3,15,71,Finished,10,50,1:21.108,
2025,20,Mexico City Grand Prix,2025-10-26,Autódromo Hermanos Rodríguez,Mexico,bearman,87,BEA,Oliver,Bearman,British,haas,Haas F1 Team,American,9,4,4,12,71,Finished,7,51,1:20.705,
2025,20,Mexico City Grand Prix,2025-10-26,Autódromo Hermanos Rodríguez,Mexico,piastri,81,PIA,Oscar,Piastri,Australian,mclaren,McLaren,British,7,5,5,10,71,Finished,3,53,1:20.422,
2025,20,Mexico City Grand Prix,2025-10-26,Autódromo Hermanos Rodríguez,Mexico,antonelli,12,ANT,Andrea Kimi,Antonelli,Italian,mercedes,Mercedes,German,6,6,6,8,71,Finished,9,58,1:20.826,
2025,20,Mexico City Grand Prix,2025-10-26,Autódromo Hermanos Rodríguez,Mexico,russell,63,RUS,George,Russell,British,mercedes,Mercedes,German,4,7,7,6,71,Finished,1,50,1:20.052,
2025,20,Mexico City Grand Prix,2025-10-26,Autódromo Hermanos Rodríguez,Mexico,hamilton,44,HAM,Lewis,Hamilton,British,ferrari,Ferrari,Italian,3,8,8,4,71,Finished,6,50,1:20.601,
2025,20,Mexico City Grand Prix,2025-10-26,Autódromo Hermanos Rodríguez,Mexico,ocon,31,OCO,Esteban,Ocon,French,haas,Haas F1 Team,American,11,9,9,2,71,Finished,17,65,1:21.869,
2025,20,Mexico City Grand Prix,2025-10-26,Autódromo Hermanos Rodríguez,Mexico,bortoleto,5,BOR,Gabriel,Bortoleto,Brazilian,sauber,Sauber,Swiss,16,10,10,1,71,Finished,11,39,1:21.121,
2025,20,Mexico City Grand Prix,2025-10-26,Autódromo Hermanos Rodríguez,Mexico,tsunoda,22,TSU,Yuki,Tsunoda,Japanese,red_bull,Red Bull,Austrian,10,11,11,0,71,Finished,13,44,1:21.486,
2025,20,Mexico City Grand Prix,2025-10-26,Autódromo Hermanos Rodríguez,Mexico,albon,23,ALB,Alexander,Albon,Thai,williams,Williams,British,17,12,12,0,70,Lapped,4,45,1:20.480,
2025,20,Mexico City Grand Prix,2025-10-26,Autódromo Hermanos Rodríguez,Mexico,hadjar,6,HAD,Isack,Hadjar,French,rb,RB F1 Team,Italian,8,13,13,0,70,Lapped,16,44,1:21.714,
2025,20,Mexico City Grand Prix,2025-10-26,Autódromo Hermanos Rodríguez,Mexico,stroll,18,STR,Lance,Stroll,Canadian,aston_martin,Aston Martin,British,19,14,14,0,70,Lapped,5,45,1:20.593,
2025,20,Mexico City Grand Prix,2025-10-26,Autódromo Hermanos Rodríguez,Mexico,gasly,10,GAS,Pierre,Gasly,French,alpine,Alpine F1 Team,French,18,15,15,0,70,Lapped,18,43,1:22.271,
2025,20,Mexico City Grand Prix,2025-10-26,Autódromo Hermanos Rodríguez,Mexico,colapinto,43,COL,Franco,Colapinto,Argentine,alpine,Alpine F1 Team,French,20,16,16,0,70,Lapped,12,50,1:21.342,
2025,20,Mexico City Grand Prix,2025-10-26,Autódromo Hermanos Rodríguez,Mexico,sainz,55,SAI,Carlos,Sainz,Spanish,williams,Williams,British,12,17,17,0,67,Retired,2,48,1:20.098,
2025,20,Mexico City Grand Prix,2025-10-26,Autódromo Hermanos Rodríguez,Mexico,alonso,14,ALO,Fernando,Alonso,Spanish,aston_martin,Aston Martin,British,14,18,R,0,34,Retired,15,22,1:21.708,
2025,20,Mexico City Grand Prix,2025-10-26,Autódromo Hermanos Rodríguez,Mexico,hulkenberg,27,HUL,Nico,Hülkenberg,German,sauber,Sauber,Swiss,13,19,R,0,25,Retired,19,14,1:23.091,
2025,20,Mexico City Grand Prix,2025-10-26,Autódromo Hermanos Rodríguez,Mexico,lawson,30,LAW,Liam,Lawson,New Zealander,rb,RB F1 Team,Italian,15,20,R,0,5,Retired,20,4,1:25.124,
2025,21,São Paulo Grand Prix,2025-11-09,Autódromo José Carlos Pace,Brazil,norris,4,NOR,Lando,Norris,British,mclaren,McLaren,British,1,1,1,25,71,Finished,6,66,1:13.040,
2025,21,São Paulo Grand Prix,2025-11-09,Autódromo José Carlos Pace,Brazil,antonelli,12,ANT,Andrea Kimi,Antonelli,Italian,mercedes,Mercedes,German,2,2,2,18,71,Finished,9,52,1:13.123,
2025,21,São Paulo Grand Prix,2025-11-09,Autódromo José Carlos Pace,Brazil,max_verstappen,1,VER,Max,Verstappen,Dutch,red_bull,Red Bull,Austrian,19,3,3,15,71,Finished,2,56,1:12.447,
2025,21,São Paulo Grand Prix,2025-11-09,Autódromo José Carlos Pace,Brazil,russell,63,RUS,George,Russell,British,mercedes,Mercedes,German,6,4,4,12,71,Finished,8,52,1:13.097,
2025,21,São Paulo Grand Prix,2025-11-09,Autódromo José Carlos Pace,Brazil,piastri,81,PIA,Oscar,Piastri,Australian,mclaren,McLaren,British,4,5,5,10,71,Finished,3,54,1:12.742,
2025,21,São Paulo Grand Prix,2025-11-09,Autódromo José Carlos Pace,Brazil,bearman,87,BEA,Oliver,Bearman,British,haas,Haas F1 Team,American,8,6,6,8,71,Finished,13,48,1:13.483,
2025,21,São Paulo Grand Prix,2025-11-09,Autódromo José Carlos Pace,Brazil,lawson,30,LAW,Liam,Lawson,New Zealander,rb,RB F1 Team,Italian,7,7,7,6,71,Finished,18,21,1:14.029,
2025,21,São Paulo Grand Prix,2025-11-09,Autódromo José Carlos Pace,Brazil,hadjar,6,HAD,Isack,Hadjar,French,rb,RB F1 Team,Italian,5,8,8,4,71,Finished,15,40,1:13.694,
2025,21,São Paulo Grand Prix,2025-11-09,Autódromo José Carlos Pace,Brazil,hulkenberg,27,HUL,Nico,Hülkenberg,German,sauber,Sauber,Swiss,10,9,9,2,71,Finished,11,39,1:13.474,
2025,21,São Paulo Grand Prix,2025-11-09,Autódromo José Carlos Pace,Brazil,gasly,10,GAS,Pierre,Gasly,French,alpine,Alpine F1 Team,French,9,10,10,1,71,Finished,16,42,1:13.736,
2025,21,São Paulo Grand Prix,2025-11-09,Autódromo José Carlos Pace,Brazil,albon,23,ALB,Alexander,Albon,Thai,williams,Williams,British,12,11,11,0,71,Finished,1,59,1:12.400,
2025,21,São Paulo Grand Prix,2025-11-09,Autódromo José Carlos Pace,Brazil,ocon,31,OCO,Esteban,Ocon,French,haas,Haas F1 Team,American,20,12,12,0,71,Finished,12,10,1:13.481,
2025,21,São Paulo Grand Prix,2025-11-09,Autódromo José Carlos Pace,Brazil,sainz,55,SAI,Carlos,Sainz,Spanish,williams,Williams,British,15,13,13,0,71,Finished,14,19,1:13.683,
2025,21,São Paulo Grand Prix,2025-11-09,Autódromo José Carlos Pace,Brazil,alonso,14,ALO,Fernando,Alonso,Spanish,aston_martin,Aston Martin,British,11,14,14,0,71,Finished,10,48,1:13.312,
2025,21,São Paulo Grand Prix,2025-11-09,Autódromo José Carlos Pace,Brazil,colapinto,43,COL,Franco,Colapinto,Argentine,alpine,Alpine F1 Team,French,16,15,15,0,71,Finished,5,45,1:12.816,
2025,21,São Paulo Grand Prix,2025-11-09,Autódromo José Carlos Pace,Brazil,stroll,18,STR,Lance,Stroll,Canadian,aston_martin,Aston Martin,British,14,16,16,0,71,Finished,7,56,1:13.094,
2025,21,São Paulo Grand Prix,2025-11-09,Autódromo José Carlos Pace,Brazil,tsunoda,22,TSU,Yuki,Tsunoda,Japanese,red_bull,Red Bull,Austrian,17,17,17,0,71,Finished,4,49,1:12.774,
2025,21,São Paulo Grand Prix,2025-11-09,Autódromo José Carlos Pace,Brazil,hamilton,44,HAM,Lewis,Hamilton,British,ferrari,Ferrari,Italian,13,18,R,0,37,Retired,17,35,1:13.844,
2025,21,São Paulo Grand Prix,2025-11-09,Autódromo José Carlos Pace,Brazil,leclerc,16,LEC,Charles,Leclerc,Monegasque,ferrari,Ferrari,Italian,3,19,R,0,5,Retired,19,2,1:43.560,
2025,21,São Paulo Grand Prix,2025-11-09,Autódromo José Carlos Pace,Brazil,bortoleto,5,BOR,Gabriel,Bortoleto,Brazilian,sauber,Sauber,Swiss,18,20,R,0,0,Retired,,,,
2025,22,Las Vegas Grand Prix,2025-11-23,Las Vegas Strip Street Circuit,USA,max_verstappen,1,VER,Max,Verstappen,Dutch,red_bull,Red Bull,Austrian,2,1,1,25,50,Finished,1,50,1:33.365,
2025,22,Las Vegas Grand Prix,2025-11-23,Las Vegas Strip Street Circuit,USA,russell,63,RUS,George,Russell,British,mercedes,Mercedes,German,4,2,2,18,50,Finished,9,50,1:34.592,
2025,22,Las Vegas Grand Prix,2025-11-23,Las Vegas Strip Street Circuit,USA,antonelli,12,ANT,Andrea Kimi,Antonelli,Italian,mercedes,Mercedes,German,17,3,3,15,50,Finished,2,48,1:33.998,
2025,22,Las Vegas Grand Prix,2025-11-23,Las Vegas Strip Street Circuit,USA,leclerc,16,LEC,Charles,Leclerc,Monegasque,ferrari,Ferrari,Italian,9,4,4,12,50,Finished,3,43,1:34.304,
2025,22,Las Vegas Grand Prix,2025-11-23,Las Vegas Strip Street Circuit,USA,sainz,55,SAI,Carlos,Sainz,Spanish,williams,Williams,British,3,5,5,10,50,Finished,4,42,1:34.496,
2025,22,Las Vegas Grand Prix,2025-11-23,Las Vegas Strip Street Circuit,USA,hadjar,6,HAD,Isack,Hadjar,French,rb,RB F1 Team,Italian,8,6,6,8,50,Finished,10,50,1:34.620,
2025,22,Las Vegas Grand Prix,2025-11-23,Las Vegas Strip Street Circuit,USA,hulkenberg,27,HUL,Nico,Hülkenberg,German,sauber,Sauber,Swiss,11,7,7,6,50,Finished,8,49,1:34.592,
2025,22,Las Vegas Grand Prix,2025-11-23,Las Vegas Strip Street Circuit,USA,hamilton,44,HAM,Lewis,Hamilton,British,ferrari,Ferrari,Italian,19,8,8,4,50,Finished,6,49,1:34.553,
2025,22,Las Vegas Grand Prix,2025-11-23,Las Vegas Strip Street Circuit,USA,ocon,31,OCO,Esteban,Ocon,French,haas,Haas F1 Team,American,13,9,9,2,50,Finished,7,48,1:34.557,
2025,22,Las Vegas Grand Prix,2025-11-23,Las Vegas Strip Street Circuit,USA,bearman,87,BEA,Oliver,Bearman,British,haas,Haas F1 Team,American,14,10,10,1,50,Finished,5,50,1:34.519,
2025,22,Las Vegas Grand Prix,2025-11-23,Las Vegas Strip Street Circuit,USA,alonso,14,ALO,Fernando,Alonso,Spanish,aston_martin,Aston Martin,British,7,11,11,0,50,Finished,14,41,1:35.629,
2025,22,Las Vegas Grand Prix,2025-11-23,Las Vegas Strip Street Circuit,USA,tsunoda,22,TSU,Yuki,Tsunoda,Japanese,red_bull,Red Bull,Austrian,20,12,12,0,50,Finished,12,49,1:34.967,
2025,22,Las Vegas Grand Prix,2025-11-23,Las Vegas Strip Street Circuit,USA,gasly,10,GAS,Pierre,Gasly,French,alpine,Alpine F1 Team,French,10,13,13,0,50,Finished,15,44,1:35.674,
2025,22,Las Vegas Grand Prix,2025-11-23,Las Vegas Strip Street Circuit,USA,lawson,30,LAW,Liam,Lawson,New Zealander,rb,RB F1 Team,Italian,6,14,14,0,49,Lapped,11,47,1:34.837,
2025,22,Las Vegas Grand Prix,2025-11-23,Las Vegas Strip Street Circuit,USA,colapinto,43,COL,Franco,Colapinto,Argentine,alpine,Alpine F1 Team,French,15,15,15,0,49,Lapped,16,38,1:35.780,
2025,22,Las Vegas Grand Prix,2025-11-23,Las Vegas Strip Street Circuit,USA,albon,23,ALB,Alexander,Albon,Thai,williams,Williams,British,16,16,R,0,35,Retired,13,26,1:35.184,
2025,22,Las Vegas Grand Prix,2025-11-23,Las Vegas Strip Street Circuit,USA,bortoleto,5,BOR,Gabriel,Bortoleto,Brazilian,sauber,Sauber,Swiss,18,17,R,0,2,Retired,,,,
2025,22,Las Vegas Grand Prix,2025-11-23,Las Vegas Strip Street Circuit,USA,stroll,18,STR,Lance,Stroll,Canadian,aston_martin,Aston Martin,British,12,18,R,0,0,Retired,,,,
2025,22,Las Vegas Grand Prix,2025-11-23,Las Vegas Strip Street Circuit,USA,norris,4,NOR,Lando,Norris,British,mclaren,McLaren,British,1,19,D,0,50,Disqualified,,,,
2025,22,Las Vegas Grand Prix,2025-11-23,Las Vegas Strip Street Circuit,USA,piastri,81,PIA,Oscar,Piastri,Australian,mclaren,McLaren,British,5,20,D,0,50,Disqualified,,,,
2025,23,Qatar Grand Prix,2025-11-30,Lusail International Circuit,Qatar,max_verstappen,1,VER,Max,Verstappen,Dutch,red_bull,Red Bull,Austrian,3,1,1,25,57,Finished,5,50,1:23.498,
2025,23,Qatar Grand Prix,2025-11-30,Lusail International Circuit,Qatar,piastri,81,PIA,Oscar,Piastri,Australian,mclaren,McLaren,British,1,2,2,18,57,Finished,1,44,1:22.996,
2025,23,Qatar Grand Prix,2025-11-30,Lusail International Circuit,Qatar,sainz,55,SAI,Carlos,Sainz,Spanish,williams,Williams,British,7,3,3,15,57,Finished,6,48,1:23.859,
2025,23,Qatar Grand Prix,2025-11-30,Lusail International Circuit,Qatar,norris,4,NOR,Lando,Norris,British,mclaren,McLaren,British,2,4,4,12,57,Finished,2,47,1:23.197,
2025,23,Qatar Grand Prix,2025-11-30,Lusail International Circuit,Qatar,antonelli,12,ANT,Andrea Kimi,Antonelli,Italian,mercedes,Mercedes,German,5,5,5,10,57,Finished,8,55,1:23.955,
2025,23,Qatar Grand Prix,2025-11-30,Lusail International Circuit,Qatar,russell,63,RUS,George,Russell,British,mercedes,Mercedes,German,4,6,6,8,57,Finished,3,56,1:23.198,
2025,23,Qatar Grand Prix,2025-11-30,Lusail International Circuit,Qatar,alonso,14,ALO,Fernando,Alonso,Spanish,aston_martin,Aston Martin,British,8,7,7,6,57,Finished,7,57,1:23.940,
2025,23,Qatar Grand Prix,2025-11-30,Lusail International Circuit,Qatar,leclerc,16,LEC,Charles,Leclerc,Monegasque,ferrari,Ferrari,Italian,10,8,8,4,57,Finished,13,56,1:24.432,
2025,23,Qatar Grand Prix,2025-11-30,Lusail International Circuit,Qatar,lawson,30,LAW,Liam,Lawson,New Zealander,rb,RB F1 Team,Italian,12,9,9,2,57,Finished,9,54,1:23.971,
2025,23,Qatar Grand Prix,2025-11-30,Lusail International Circuit,Qatar,tsunoda,22,TSU,Yuki,Tsunoda,Japanese,red_bull,Red Bull,Austrian,15,10,10,1,57,Finished,10,57,1:24.139,
2025,23,Qatar Grand Prix,2025-11-30,Lusail International Circuit,Qatar,albon,23,ALB,Alexander,Albon,Thai,williams,Williams,British,14,11,11,0,57,Finished,11,57,1:24.261,
2025,23,Qatar Grand Prix,2025-11-30,Lusail International Circuit,Qatar,hamilton,44,HAM,Lewis,Hamilton,British,ferrari,Ferrari,Italian,17,12,12,0,57,Finished,14,52,1:24.848,
2025,23,Qatar Grand Prix,2025-11-30,Lusail International Circuit,Qatar,bortoleto,5,BOR,Gabriel,Bortoleto,Brazilian,sauber,Sauber,Swiss,19,13,13,0,57,Finished,17,54,1:25.233,
2025,23,Qatar Grand Prix,2025-11-30,Lusail International Circuit,Qatar,colapinto,43,COL,Franco,Colapinto,Argentine,alpine,Alpine F1 Team,French,20,14,14,0,56,Lapped,19,52,1:25.644,
2025,23,Qatar Grand Prix,2025-11-30,Lusail International Circuit,Qatar,ocon,31,OCO,Esteban,Ocon,French,haas,Haas F1 Team,American,16,15,15,0,56,Lapped,16,36,1:25.056,
2025,23,Qatar Grand Prix,2025-11-30,Lusail International Circuit,Qatar,gasly,10,GAS,Pierre,Gasly,French,alpine,Alpine F1 Team,French,9,16,16,0,56,Lapped,18,54,1:25.376,
2025,23,Qatar Grand Prix,2025-11-30,Lusail International Circuit,Qatar,stroll,18,STR,Lance,Stroll,Canadian,aston_martin,Aston Martin,British,18,17,17,0,55,Retired,4,51,1:23.484,
2025,23,Qatar Grand Prix,2025-11-30,Lusail International Circuit,Qatar,hadjar,6,HAD,Isack,Hadjar,French,rb,RB F1 Team,Italian,6,18,18,0,55,Retired,12,52,1:24.317,
2025,23,Qatar Grand Prix,2025-11-30,Lusail International Circuit,Qatar,bearman,87,BEA,Oliver,Bearman,British,haas,Haas F1 Team,American,13,19,R,0,41,Retired,15,34,1:24.930,
2025,23,Qatar Grand Prix,2025-11-30,Lusail International Circuit,Qatar,hulkenberg,27,HUL,Nico,Hülkenberg,German,sauber,Sauber,Swiss,11,20,R,0,6,Retired,20,5,1:28.139,
2025,24,Abu Dhabi Grand Prix,2025-12-07,Yas Marina Circuit,UAE,max_verstappen,1,VER,Max,Verstappen,Dutch,red_bull,Red Bull,Austrian,1,1,1,25,58,Finished,5,39,1:27.625,
2025,24,Abu Dhabi Grand Prix,2025-12-07,Yas Marina Circuit,UAE,piastri,81,PIA,Oscar,Piastri,Australian,mclaren,McLaren,British,3,2,2,18,58,Finished,2,44,1:26.765,
2025,24,Abu Dhabi Grand Prix,2025-12-07,Yas Marina Circuit,UAE,norris,4,NOR,Lando,Norris,British,mclaren,McLaren,British,2,3,3,15,58,Finished,3,48,1:26.818,
2025,24,Abu Dhabi Grand Prix,2025-12-07,Yas Marina Circuit,UAE,leclerc,16,LEC,Charles,Leclerc,Monegasque,ferrari,Ferrari,Italian,5,4,4,12,58,Finished,1,45,1:26.725,
2025,24,Abu Dhabi Grand Prix,2025-12-07,Yas Marina Circuit,UAE,russell,63,RUS,George,Russell,British,mercedes,Mercedes,German,4,5,5,10,58,Finished,14,57,1:28.599,
2025,24,Abu Dhabi Grand Prix,2025-12-07,Yas Marina Circuit,UAE,alonso,14,ALO,Fernando,Alonso,Spanish,aston_martin,Aston Martin,British,6,6,6,8,58,Finished,11,54,1:28.279,
2025,24,Abu Dhabi Grand Prix,2025-12-07,Yas Marina Circuit,UAE,ocon,31,OCO,Esteban,Ocon,French,haas,Haas F1 Team,American,8,7,7,6,58,Finished,15,56,1:28.655,
2025,24,Abu Dhabi Grand Prix,2025-12-07,Yas Marina Circuit,UAE,hamilton,44,HAM,Lewis,Hamilton,British,ferrari,Ferrari,Italian,16,8,8,4,58,Finished,10,36,1:28.094,
2025,24,Abu Dhabi Grand Prix,2025-12-07,Yas Marina Circuit,UAE,hulkenberg,27,HUL,Nico,Hülkenberg,German,sauber,Sauber,Swiss,18,9,9,2,58,Finished,4,46,1:27.050,
2025,24,Abu Dhabi Grand Prix,2025-12-07,Yas Marina Circuit,UAE,stroll,18,STR,Lance,Stroll,Canadian,aston_martin,Aston Martin,British,15,10,10,1,58,Finished,6,52,1:27.626,
2025,24,Abu Dhabi Grand Prix,2025-12-07,Yas Marina Circuit,UAE,bortoleto,5,BOR,Gabriel,Bortoleto,Brazilian,sauber,Sauber,Swiss,7,11,11,0,58,Finished,19,47,1:29.114,
2025,24,Abu Dhabi Grand Prix,2025-12-07,Yas Marina Circuit,UAE,bearman,87,BEA,Oliver,Bearman,British,haas,Haas F1 Team,American,11,12,12,0,58,Finished,17,50,1:28.976,
2025,24,Abu Dhabi Grand Prix,2025-12-07,Yas Marina Circuit,UAE,sainz,55,SAI,Carlos,Sainz,Spanish,williams,Williams,British,12,13,13,0,58,Finished,18,51,1:29.052,
2025,24,Abu Dhabi Grand Prix,2025-12-07,Yas Marina Circuit,UAE,tsunoda,22,TSU,Yuki,Tsunoda,Japanese,red_bull,Red Bull,Austrian,10,14,14,0,58,Finished,13,44,1:28.557,
2025,24,Abu Dhabi Grand Prix,2025-12-07,Yas Marina Circuit,UAE,antonelli,12,ANT,Andrea Kimi,Antonelli,Italian,mercedes,Mercedes,German,14,15,15,0,58,Finished,9,34,1:28.029,
2025,24,Abu Dhabi Grand Prix,2025-12-07,Yas Marina Circuit,UAE,albon,23,ALB,Alexander,Albon,Thai,williams,Williams,British,17,16,16,0,58,Finished,12,45,1:28.367,
2025,24,Abu Dhabi Grand Prix,2025-12-07,Yas Marina Circuit,UAE,hadjar,6,HAD,Isack,Hadjar,French,rb,RB F1 Team,Italian,9,17,17,0,57,Lapped,20,52,1:29.375,
2025,24,Abu Dhabi Grand Prix,2025-12-07,Yas Marina Circuit,UAE,lawson,30,LAW,Liam,Lawson,New Zealander,rb,RB F1 Team,Italian,13,18,18,0,57,Lapped,16,39,1:28.886,
2025,24,Abu Dhabi Grand Prix,2025-12-07,Yas Marina Circuit,UAE,gasly,10,GAS,Pierre,Gasly,French,alpine,Alpine F1 Team,French,19,19,19,0,57,Lapped,8,46,1:27.767,
2025,24,Abu Dhabi Grand Prix,2025-12-07,Yas Marina Circuit,UAE,colapinto,43,COL,Franco,Colapinto,Argentine,alpine,Alpine F1 Team,French,20,20,20,0,57,Lapped,7,42,1:27.710,
